Date,Year,Month,Month_Name,Day,Weekday,Quarter,Mode,Category,Category_Code,Subcategory,Note,Amount,Transaction_Type,Transaction_Type_Code
2017-05-30,2017,5,May,30,Tuesday,2,Cash,Food,18,beverage,Slice + Pepsi,40.0,Expense,0
2017-09-10,2017,9,September,10,Sunday,3,Saving Bank Account 1,Household,24,Kirana,Supermart,514.0,Expense,0
2015-02-02,2015,2,February,2,Monday,1,Saving Bank Account 1,Other,31,Unknown,Permanent Residence money transfer,10000.0,Expense,0
2018-01-08,2018,1,January,8,Monday,1,Credit Card,Household,24,Hardware,Sony WI-C100 earphones wireless,1399.0,Expense,0
2018-01-19,2018,1,January,19,Friday,1,Cash,Household,24,Kirana,Cakes,46.0,Expense,0
2017-04-01,2017,4,April,1,Saturday,2,Cash,Food,18,Grocery,Sambar masala (32)+ 2 milkybar,52.0,Expense,0
2017-03-27,2017,3,March,27,Monday,1,Saving Bank Account 1,Food,18,Milk,milk 1lit,60.0,Expense,0
2016-01-26,2016,1,January,26,Tuesday,1,Saving Bank Account 1,Subscription,45,Audible,audible subscription,199.0,Expense,0
2016-09-15,2016,9,September,15,Thursday,3,Cash,Food,18,Grocery,chocobar+milk+chips,95.0,Expense,0
2015-01-29,2015,1,January,29,Thursday,1,Cash,Food,18,Unknown,samosa,15.0,Expense,0
2018-06-27,2018,6,June,27,Wednesday,2,Credit Card,Apparel,1,Accessories,Purse,450.0,Expense,0
2017-02-11,2017,2,February,11,Saturday,1,Cash,Other,31,Unknown,courier,75.0,Expense,0
2017-05-28,2017,5,May,28,Sunday,2,Saving Bank Account 1,Food,18,Grocery,Mango 1 kg,140.0,Expense,0
2018-07-02,2018,7,July,2,Monday,3,Saving Bank Account 1,Household,24,Kirana,Supermart,1595.0,Expense,0
2017-10-10,2017,10,October,10,Tuesday,4,Saving Bank Account 1,Equity Mutual Fund F,14,Unknown,Unknown,1000.0,Transfer-Out,2
2017-05-07,2017,5,May,7,Sunday,2,Saving Bank Account 1,Food,18,snacks,Chicken manchow soup,98.0,Expense,0
2018-02-15,2018,2,February,15,Thursday,1,Saving Bank Account 1,Food,18,Grocery,Half kg tomato + methi 1 judi,30.0,Expense,0
2017-05-29,2017,5,May,29,Monday,2,Saving Bank Account 1,Food,18,Milk,milk 1lit,64.0,Expense,0
2018-03-22,2018,3,March,22,Thursday,1,Saving Bank Account 1,Food,18,snacks,Pickle,150.0,Expense,0
2017-02-12,2017,2,February,12,Sunday,1,Saving Bank Account 1,Other,31,Unknown,laptop repair (format 350 + quick heal pro 500),850.0,Expense,0
2016-09-19,2016,9,September,19,Monday,3,Cash,Food,18,Milk,Unknown,33.0,Expense,0
2015-12-21,2015,12,December,21,Monday,4,Saving Bank Account 1,Other,31,Unknown,kindle unlimited,169.0,Expense,0
2016-06-22,2016,6,June,22,Wednesday,2,Saving Bank Account 1,Subscription,45,Mobile Service Provider,Mobile Service Provider sim card porting,350.0,Expense,0
2018-07-29,2018,7,July,29,Sunday,3,Cash,Transportation,48,auto,Decathlon Place A to Place A station,50.0,Expense,0
2017-09-04,2017,9,September,4,Monday,3,Saving Bank Account 1,Food,18,Ice cream,4 cups (2 Vanilla 2 tutifruity),40.0,Expense,0
2017-12-24,2017,12,December,24,Sunday,4,Cash,Food,18,snacks,Gupta bhel,25.0,Expense,0
2017-05-28,2017,5,May,28,Sunday,2,Cash,Food,18,vegetables,Unknown,45.0,Expense,0
2017-06-22,2017,6,June,22,Thursday,2,Cash,Transportation,48,train,2 Place 0 to WS returns,20.0,Expense,0
2017-06-01,2017,6,June,1,Thursday,2,Saving Bank Account 1,Food,18,Milk,milk 1lit,65.0,Expense,0
2018-02-13,2018,2,February,13,Tuesday,1,Saving Bank Account 1,Small Cap Fund 1,42,Unknown,Unknown,5000.0,Transfer-Out,2
2018-08-03,2018,8,August,3,Friday,3,Cash,Family,15,Pocket money,Unknown,2000.0,Expense,0
2017-03-07,2017,3,March,7,Tuesday,1,Saving Bank Account 1,Food,18,Milk,milk 1lit,62.0,Expense,0
2016-11-19,2016,11,November,19,Saturday,4,Cash,Transportation,48,Taxi,share jeep - Place T base to top (50/person),100.0,Expense,0
2018-08-22,2018,8,August,22,Wednesday,3,Cash,Food,18,Milk,Half lit  milk,37.0,Expense,0
2017-09-01,2017,9,September,1,Friday,3,Saving Bank Account 1,Public Provident Fund,33,Unknown,Unknown,10000.0,Transfer-Out,2
2015-11-21,2015,11,November,21,Saturday,4,Saving Bank Account 1,Other,31,Unknown,Mobile Service Provider recharge wfh,251.0,Expense,0
2017-11-26,2017,11,November,26,Sunday,4,Cash,Transportation,48,auto,eye institute to Place 6 station,40.0,Expense,0
2017-12-17,2017,12,December,17,Sunday,4,Cash,Transportation,48,Train,Place 0 to Place 4 return,20.0,Expense,0
2016-05-16,2016,5,May,16,Monday,2,Saving Bank Account 1,Subscription,45,Mobile Service Provider,Unknown,251.0,Expense,0
2018-01-18,2018,1,January,18,Thursday,1,Saving Bank Account 1,Food,18,Eggs,6 eggs,42.0,Expense,0
2015-03-29,2015,3,March,29,Sunday,1,Cash,Food,18,Grocery,Unknown,150.0,Expense,0
2015-03-02,2015,3,March,2,Monday,1,Cash,Food,18,breakfast,2 uttapam,40.0,Expense,0
2017-01-08,2017,1,January,8,Sunday,1,Cash,Transportation,48,auto,Place 2 bus stand to Permanent Residence,50.0,Expense,0
2018-03-04,2018,3,March,4,Sunday,1,Cash,Family,15,Pocket money,Unknown,450.0,Expense,0
2017-02-19,2017,2,February,19,Sunday,1,Saving Bank Account 1,Apparel,1,Clothing,undergarments pair of Jockey,498.0,Expense,0
2017-11-23,2017,11,November,23,Thursday,4,Saving Bank Account 1,Food,18,Milk,1 lit,69.0,Expense,0
2017-12-13,2017,12,December,13,Wednesday,4,Cash,Family,15,Pocket money,Unknown,20.0,Expense,0
2017-02-19,2017,2,February,19,Sunday,1,Cash,Food,18,beverage,sugarcane juice 2,30.0,Expense,0
2016-11-19,2016,11,November,19,Saturday,4,Cash,Transportation,48,Bus,Place T to brc,94.0,Expense,0
2017-07-03,2017,7,July,3,Monday,3,Saving Bank Account 1,Other,31,Unknown,Devi Temple,5.0,Expense,0
2015-02-07,2015,2,February,7,Saturday,1,Cash,Food,18,Unknown,tea,6.0,Expense,0
2017-05-31,2017,5,May,31,Wednesday,2,Saving Bank Account 1,Apparel,1,Clothing,undergarments pair of Jockey,655.0,Expense,0
2018-08-27,2018,8,August,27,Monday,3,Cash,Food,18,Biscuits,Khari packet,45.0,Expense,0
2015-03-12,2015,3,March,12,Thursday,1,Cash,Food,18,Tea,Unknown,30.0,Expense,0
2016-11-19,2016,11,November,19,Saturday,4,Cash,Other,31,Unknown,"Puja saman (150 for 5 Nariyal, 400 for 1kg sweets and 190 for rest)",740.0,Expense,0
2017-11-17,2017,11,November,17,Friday,4,Saving Bank Account 1,Household,24,Kirana,Agarbatti 55 + dahi 25,80.0,Expense,0
2018-03-04,2018,3,March,4,Sunday,1,Cash,Food,18,Lunch,Catering Service,130.0,Expense,0
2018-03-08,2018,3,March,8,Thursday,1,Saving Bank Account 1,Equity Mutual Fund E,13,Unknown,Unknown,1000.0,Transfer-Out,2
2018-06-09,2018,6,June,9,Saturday,2,Credit Card,Subscription,45,Mobile Service Provider,Data booster pack,667.0,Expense,0
2017-01-11,2017,1,January,11,Wednesday,1,Saving Bank Account 1,Health,23,Medicine,adulsa ( tonic for cough ),90.0,Expense,0
2017-04-03,2017,4,April,3,Monday,2,Saving Bank Account 1,Food,18,snacks,1 chicken shawarma,60.0,Expense,0
2017-12-02,2017,12,December,2,Saturday,4,Saving Bank Account 1,Food,18,Milk,milk 1lit,69.0,Expense,0
2018-01-06,2018,1,January,6,Saturday,1,Cash,Food,18,curd,2 cups,20.0,Expense,0
2016-12-10,2016,12,December,10,Saturday,4,Saving Bank Account 1,Investment,26,Mutual fund,Unknown,1000.0,Expense,0
2018-03-20,2018,3,March,20,Tuesday,1,Cash,Food,18,Milk,Half lit  milk,36.0,Expense,0
2018-02-13,2018,2,February,13,Tuesday,1,Saving Bank Account 1,Food,18,Grocery,Amul cheese,72.0,Expense,0
2016-04-12,2016,4,April,12,Tuesday,2,Saving Bank Account 1,Investment,26,RD,Unknown,1000.0,Expense,0
2016-12-31,2016,12,December,31,Saturday,4,Saving Bank Account 1,Food,18,Grocery,edible oil,160.0,Expense,0
2017-05-30,2017,5,May,30,Tuesday,2,Cash,Transportation,48,auto,2 Place 0 to Current Residence,30.0,Expense,0
2015-11-07,2015,11,November,7,Saturday,4,Saving Bank Account 1,Investment,26,Mutual fund,reliance mutual fund,1000.0,Expense,0
2017-11-27,2017,11,November,27,Monday,4,Saving Bank Account 1,Health,23,Health,Glasses advance,1000.0,Expense,0
2015-08-10,2015,8,August,10,Monday,3,Saving Bank Account 1,Recurring Deposit,34,Unknown,Unknown,1000.0,Expense,0
2018-05-22,2018,5,May,22,Tuesday,2,Cash,Health,23,Health,2 All out refill,154.0,Expense,0
2017-05-01,2017,5,May,1,Monday,2,Saving Bank Account 1,Food,18,flour mill,M D sure 1kg atta,47.0,Expense,0
2017-12-05,2017,12,December,5,Tuesday,4,Saving Bank Account 1,Equity Mutual Fund A,9,Unknown,Unknown,1000.0,Transfer-Out,2
2016-09-11,2016,9,September,11,Sunday,3,Cash,Food,18,Grocery,badishop,70.0,Expense,0
2015-06-10,2015,6,June,10,Wednesday,2,Saving Bank Account 1,Recurring Deposit,34,Unknown,Unknown,1000.0,Expense,0
2018-02-01,2018,2,February,1,Thursday,1,Saving Bank Account 1,Public Provident Fund,33,Unknown,Unknown,10000.0,Transfer-Out,2
2015-03-18,2015,3,March,18,Wednesday,1,Cash,Food,18,snacks,samosa+tea+veg cheese grill sandwich,53.0,Expense,0
2018-07-01,2018,7,July,1,Sunday,3,Cash,Apparel,1,Laundry,clothes ironing,98.0,Expense,0
2015-05-16,2015,5,May,16,Saturday,2,Cash,Food,18,fruits,bananas 1 kg,20.0,Expense,0
2017-05-06,2017,5,May,6,Saturday,2,Cash,Food,18,Tea,Unknown,10.0,Expense,0
2017-11-19,2017,11,November,19,Sunday,4,Cash,Transportation,48,Train,2 Place 0 to Place 6 return,20.0,Expense,0
2017-05-18,2017,5,May,18,Thursday,2,Saving Bank Account 1,Food,18,Milk,milk 1lit,64.0,Expense,0
2018-01-21,2018,1,January,21,Sunday,1,Credit Card,Food,18,Dinner,Home Food Delivery,384.0,Expense,0
2017-07-11,2017,7,July,11,Tuesday,3,Cash,Family,15,Pocket money,Unknown,1500.0,Expense,0
2017-05-10,2017,5,May,10,Wednesday,2,Saving Bank Account 1,Food,18,breakfast,Tea + 2 kachori,34.0,Expense,0
2017-12-05,2017,12,December,5,Tuesday,4,Saving Bank Account 1,Subscription,45,Tata Sky,Current Residence - Tata Play recharge,100.0,Expense,0
2017-10-23,2017,10,October,23,Monday,4,Saving Bank Account 1,Subscription,45,Tata Sky,Permanent Residence - Tata Play recharge,191.0,Expense,0
2017-06-11,2017,6,June,11,Sunday,2,Saving Bank Account 1,Beauty,2,grooming,hair cut,100.0,Expense,0
2017-07-28,2017,7,July,28,Friday,3,Credit Card,Health,23,Hospital,Hospital consultation,3050.0,Expense,0
2018-08-02,2018,8,August,2,Thursday,3,Cash,Food,18,flour mill,M D sure 4kg atta,216.0,Expense,0
2018-01-06,2018,1,January,6,Saturday,1,Cash,Household,24,Kirana,Idli pith 1kg,38.0,Expense,0
2017-06-04,2017,6,June,4,Sunday,2,Saving Bank Account 1,Food,18,vegetables,Pav kg Simla mirch 20 + Hari mirch 5,25.0,Expense,0
2015-03-15,2015,3,March,15,Sunday,1,Cash,Apparel,1,Clothing,altering,30.0,Expense,0
2018-01-11,2018,1,January,11,Thursday,1,Saving Bank Account 1,Food,18,Milk,1 lit,69.0,Expense,0
2018-04-13,2018,4,April,13,Friday,2,Saving Bank Account 1,Small Cap Fund 2,43,Unknown,Unknown,5000.0,Transfer-Out,2
2017-04-28,2017,4,April,28,Friday,2,Saving Bank Account 1,Food,18,Ice cream,Cup of butterscotch (20) + chocobar (10),30.0,Expense,0
2016-11-01,2016,11,November,1,Tuesday,4,Saving Bank Account 1,Money Transfer,30,Unknown,Unknown,10000.0,Expense,0
2017-08-22,2017,8,August,22,Tuesday,3,Saving Bank Account 1,Life Insurance,27,Unknown,Unknown,11043.0,Transfer-Out,2
2018-05-27,2018,5,May,27,Sunday,2,Saving Bank Account 2,Interest,25,Unknown,interest paid,28.0,Income,1
2017-05-22,2017,5,May,22,Monday,2,Saving Bank Account 1,Food,18,beverage,sugarcane juice,15.0,Expense,0
2017-11-12,2017,11,November,12,Sunday,4,Credit Card,Household,24,Appliances,USB cord,130.0,Expense,0
2017-08-22,2017,8,August,22,Tuesday,3,Saving Bank Account 1,Equity Mutual Fund C,11,Unknown,Unknown,1000.0,Transfer-Out,2
2017-10-08,2017,10,October,8,Sunday,4,Credit Card,Gift,20,Unknown,For Friend,6500.0,Expense,0
2016-08-10,2016,8,August,10,Wednesday,3,Saving Bank Account 1,Investment,26,Mutual fund,Unknown,1000.0,Expense,0
2018-04-23,2018,4,April,23,Monday,2,Saving Bank Account 1,Household,24,Kirana,Idli pith 1kg,38.0,Expense,0
2018-02-26,2018,2,February,26,Monday,1,Saving Bank Account 1,Household,24,Toiletries,Mirror repair,140.0,Expense,0
2015-03-20,2015,3,March,20,Friday,1,Cash,Apparel,1,Laundry,dry cleaning,100.0,Expense,0
2016-12-18,2016,12,December,18,Sunday,4,Saving Bank Account 1,Bonus,3,Unknown,reward Gpay,5.0,Income,1
2016-02-20,2016,2,February,20,Saturday,1,Cash,Food,18,Grocery,biscuits,85.0,Expense,0
2018-02-27,2018,2,February,27,Tuesday,1,Cash,Food,18,Lunch,5 chapati,30.0,Expense,0
2017-08-15,2017,8,August,15,Tuesday,3,Credit Card,Household,24,Appliances,Wifi Router TP link,1400.0,Expense,0
2017-08-24,2017,8,August,24,Thursday,3,Credit Card,Household,24,home decor,2 Bedsheets (1500 each),3000.0,Expense,0
2017-11-22,2017,11,November,22,Wednesday,4,Saving Bank Account 1,Equity Mutual Fund C,11,Unknown,Unknown,1000.0,Transfer-Out,2
2018-02-20,2018,2,February,20,Tuesday,1,Saving Bank Account 1,Household,24,Appliances,Kitchen fan + installation+ repair,2600.0,Expense,0
2017-01-05,2017,1,January,5,Thursday,1,Cash,Food,18,Milk,milk 0.5 lit,31.0,Expense,0
2017-06-22,2017,6,June,22,Thursday,2,Saving Bank Account 1,Food,18,Milk,milk 1lit,64.0,Expense,0
2018-04-30,2018,4,April,30,Monday,2,Cash,Gift,20,Unknown,To Family,500.0,Expense,0
2018-03-25,2018,3,March,25,Sunday,1,Credit Card,Food,18,snacks,French crossiant,80.0,Expense,0
2017-06-08,2017,6,June,8,Thursday,2,Saving Bank Account 1,Food,18,Milk,milk 1lit,64.0,Expense,0
2018-07-03,2018,7,July,3,Tuesday,3,Cash,Maid,28,Unknown,Unknown,500.0,Expense,0
2018-04-10,2018,4,April,10,Tuesday,2,Cash,Food,18,breakfast,Bread,18.0,Expense,0
2017-11-26,2017,11,November,26,Sunday,4,Cash,Transportation,48,Train,1 Place 0 to Place 6 return,10.0,Expense,0
2017-04-01,2017,4,April,1,Saturday,2,Saving Bank Account 1,Money Transfer,30,Unknown,Unknown,10000.0,Expense,0
2017-09-29,2017,9,September,29,Friday,3,Cash,Food,18,snacks,Gupta bhel,25.0,Expense,0
2017-06-23,2017,6,June,23,Friday,2,Saving Bank Account 1,Food,18,Grocery,Shengdane pav kg,35.0,Expense,0
2017-06-05,2017,6,June,5,Monday,2,Saving Bank Account 1,Equity Mutual Fund A,9,Unknown,Unknown,1000.0,Transfer-Out,2
2017-10-26,2017,10,October,26,Thursday,4,Cash,Festivals,16,Diwali,Offering,50.0,Expense,0
2017-02-28,2017,2,February,28,Tuesday,1,Cash,Transportation,48,Train,2 Place 3m to vadala rd,10.0,Expense,0
2016-03-15,2016,3,March,15,Tuesday,1,Saving Bank Account 1,Subscription,45,Mobile Service Provider,Mobile Service Provider recharge wfh,251.0,Expense,0
2017-11-27,2017,11,November,27,Monday,4,Cash,Transportation,48,Train,1 Place 0 to Place 6,5.0,Expense,0
2018-07-19,2018,7,July,19,Thursday,3,Cash,Food,18,curd,Dahi 4 packets,40.0,Expense,0
2016-11-04,2016,11,November,4,Friday,4,Cash,Festivals,16,Diwali,firecracker,50.0,Expense,0
2018-03-08,2018,3,March,8,Thursday,1,Cash,Food,18,Milk,Half lit  milk,36.0,Expense,0
2018-03-01,2018,3,March,1,Thursday,1,Cash,Food,18,Eggs,6 eggs,36.0,Expense,0
2017-07-31,2017,7,July,31,Monday,3,Saving Bank Account 1,Food,18,Eggs,4 eggs,22.0,Expense,0
2018-02-15,2018,2,February,15,Thursday,1,Saving Bank Account 1,Food,18,Ice cream,chocobar,35.0,Expense,0
2015-03-29,2015,3,March,29,Sunday,1,Cash,Health,23,Medicine,kala hit,269.0,Expense,0
2018-04-15,2018,4,April,15,Sunday,2,Cash,Food,18,Tea,2 cutting chai,20.0,Expense,0
2018-03-26,2018,3,March,26,Monday,1,Saving Bank Account 1,Food,18,Milk,milk 1lit,72.0,Expense,0
2016-11-25,2016,11,November,25,Friday,4,Saving Bank Account 1,Subscription,45,Mobile Service Provider,Mobile Service Provider recharge wfh,251.0,Expense,0
2016-12-08,2016,12,December,8,Thursday,4,Saving Bank Account 1,Food,18,Grocery,cheese cubes(2),30.0,Expense,0
2017-05-10,2017,5,May,10,Wednesday,2,Saving Bank Account 1,Equity Mutual Fund F,14,Unknown,Unknown,1000.0,Transfer-Out,2
2017-11-26,2017,11,November,26,Sunday,4,Saving Bank Account 1,Gpay Reward,21,Unknown,Unknown,8.0,Income,1
2017-09-17,2017,9,September,17,Sunday,3,Credit Card,Household,24,Kirana,Supermart,558.0,Expense,0
2017-05-10,2017,5,May,10,Wednesday,2,Saving Bank Account 1,Education,8,Stationary,Courier,100.0,Expense,0
2017-07-30,2017,7,July,30,Sunday,3,Saving Bank Account 1,Gpay Reward,21,Unknown,Unknown,6.0,Income,1
2018-04-28,2018,4,April,28,Saturday,2,Credit Card,Food,18,Dinner,Home Food Delivery,413.0,Expense,0
2017-07-27,2017,7,July,27,Thursday,3,Credit Card,Food,18,Lunch,Chicken lollypop 4 pcs,203.0,Expense,0
2018-05-28,2018,5,May,28,Monday,2,Credit Card,Subscription,45,Mobile Service Provider,Data booster pack,25.0,Expense,0
2015-02-03,2015,2,February,3,Tuesday,1,Cash,Food,18,Unknown,tea,10.0,Expense,0
2017-11-05,2017,11,November,5,Sunday,4,Saving Bank Account 1,Equity Mutual Fund A,9,Unknown,Unknown,1000.0,Transfer-Out,2
2018-02-03,2018,2,February,3,Saturday,1,Saving Bank Account 1,Food,18,Ice cream,chocobar,10.0,Expense,0
2017-05-25,2017,5,May,25,Thursday,2,Cash,Food,18,snacks,Ragda Puri,30.0,Expense,0
2015-03-06,2015,3,March,6,Friday,1,Cash,Food,18,beverage,orange juice,25.0,Expense,0
2018-01-30,2018,1,January,30,Tuesday,1,Cash,Family,15,Pocket money,Unknown,100.0,Expense,0
2017-09-30,2017,9,September,30,Saturday,3,Cash,Household,24,Kitchen,Cooktop installation+ base,600.0,Expense,0
2016-10-10,2016,10,October,10,Monday,4,Saving Bank Account 1,Investment,26,RD,Unknown,1000.0,Expense,0
2015-07-02,2015,7,July,2,Thursday,3,Saving Bank Account 1,Other,31,Unknown,splitwise settlement,312.0,Expense,0
2016-10-05,2016,10,October,5,Wednesday,4,Saving Bank Account 1,Investment,26,RD,Unknown,1000.0,Expense,0
2016-01-08,2016,1,January,8,Friday,1,Saving Bank Account 1,Other,31,Unknown,laptop table,1994.0,Expense,0
2017-08-07,2017,8,August,7,Monday,3,Saving Bank Account 1,Food,18,Milk,Half lit  milk,33.0,Expense,0
2018-06-15,2018,6,June,15,Friday,2,Saving Bank Account 1,Subscription,45,Mobile Service Provider,Data booster pack,15.0,Expense,0
2017-10-10,2017,10,October,10,Tuesday,4,Saving Bank Account 1,Share Market,41,Unknown,Stock market,150000.0,Transfer-Out,2
2017-12-19,2017,12,December,19,Tuesday,4,Saving Bank Account 1,Gpay Reward,21,Unknown,Unknown,6.0,Income,1
2017-06-07,2017,6,June,7,Wednesday,2,Saving Bank Account 1,Equity Mutual Fund E,13,Unknown,Unknown,1000.0,Transfer-Out,2
2015-03-10,2015,3,March,10,Tuesday,1,Saving Bank Account 1,Investment,26,Mutual fund,mutual fund,1000.0,Expense,0
2018-08-01,2018,8,August,1,Wednesday,3,Equity Mutual Fund B,Saving Bank Account 1,37,Unknown,Unknown,2000.0,Transfer-Out,2
2017-02-13,2017,2,February,13,Monday,1,Saving Bank Account 1,Subscription,45,Mobile Service Provider,Mobile Service Provider recharge wfh,301.0,Expense,0
2018-06-07,2018,6,June,7,Thursday,2,Saving Bank Account 1,Equity Mutual Fund E,13,Unknown,Unknown,1000.0,Transfer-Out,2
2018-02-22,2018,2,February,22,Thursday,1,Saving Bank Account 1,Life Insurance,27,Unknown,Unknown,11043.0,Transfer-Out,2
2018-07-04,2018,7,July,4,Wednesday,3,Cash,Beauty,2,grooming,Shaving,50.0,Expense,0
2017-02-26,2017,2,February,26,Sunday,1,Saving Bank Account 1,Household,24,Kirana,Unknown,846.0,Expense,0
2017-10-21,2017,10,October,21,Saturday,4,Cash,Maid,28,Unknown,Unknown,2000.0,Expense,0
2017-01-06,2017,1,January,6,Friday,1,Saving Bank Account 1,Food,18,snacks,4 Shegaon kachori,48.0,Expense,0
2018-06-26,2018,6,June,26,Tuesday,2,Saving Bank Account 1,Household,24,Appliances,Aqugurad water purifier,13050.0,Expense,0
2017-08-28,2017,8,August,28,Monday,3,Cash,Tourism,47,Trip,Misc expense,200.0,Expense,0
2015-02-26,2015,2,February,26,Thursday,1,Cash,Food,18,Tea,Unknown,6.0,Expense,0
2018-07-02,2018,7,July,2,Monday,3,Cash,Transportation,48,auto,Place 1 bridge to Current Residence 2 seats,50.0,Expense,0
2015-02-01,2015,2,February,1,Sunday,1,Cash,Household,24,Unknown,electricity bill,784.0,Expense,0
2015-03-10,2015,3,March,10,Tuesday,1,Cash,Transportation,48,Train,Place 0 to Bandra,20.0,Expense,0
2018-01-12,2018,1,January,12,Friday,1,Cash,Health,23,Lab Tests,Family Thyroid Test,500.0,Expense,0
2015-04-08,2015,4,April,8,Wednesday,2,Cash,Food,18,Grocery,Unknown,156.0,Expense,0
2016-12-05,2016,12,December,5,Monday,4,Cash,Family,15,medicine,tonic,155.0,Expense,0
2016-06-01,2016,6,June,1,Wednesday,2,Saving Bank Account 1,Money Transfer,30,Unknown,Unknown,10000.0,Expense,0
2018-03-05,2018,3,March,5,Monday,1,Saving Bank Account 1,Other,31,Unknown,blanket sewing,10.0,Expense,0
2016-07-01,2016,7,July,1,Friday,3,Saving Bank Account 1,Money Transfer,30,Unknown,Unknown,15000.0,Expense,0
2017-04-25,2017,4,April,25,Tuesday,2,Saving Bank Account 1,Food,18,Milk,milk 1lit,64.0,Expense,0
2018-03-08,2018,3,March,8,Thursday,1,Saving Bank Account 1,Subscription,45,Mahanagar Gas,Unknown,540.0,Expense,0
2016-07-01,2016,7,July,1,Friday,3,Saving Bank Account 1,Family,15,misc,Family Mobile Service Provider recharge,2599.0,Expense,0
2017-08-19,2017,8,August,19,Saturday,3,Cash,Household,24,Appliances,2 locks for bags,60.0,Expense,0
2018-05-07,2018,5,May,7,Monday,2,Cash,Transportation,48,Bike,Mall parking,20.0,Expense,0
2016-11-30,2016,11,November,30,Wednesday,4,Saving Bank Account 1,Subscription,45,Mobile Service Provider,mobile recharge sim 2,98.0,Expense,0
2016-08-10,2016,8,August,10,Wednesday,3,Saving Bank Account 1,Investment,26,RD,Unknown,1000.0,Expense,0
2018-03-20,2018,3,March,20,Tuesday,1,Cash,Food,18,breakfast,Bread,18.0,Expense,0
2015-03-02,2015,3,March,2,Monday,1,Cash,Health,23,Hospital,dentist check-up,300.0,Expense,0
2018-05-13,2018,5,May,13,Sunday,2,Cash,Education,8,Stationary,Gel pen Refills,12.0,Expense,0
2016-01-31,2016,1,January,31,Sunday,1,Saving Bank Account 1,Salary,36,Unknown,From workplace,49806.0,Income,1
2016-09-12,2016,9,September,12,Monday,3,Cash,Food,18,Grocery,bread,35.0,Expense,0
2015-01-06,2015,1,January,6,Tuesday,1,Cash,Food,18,Unknown,tea,15.0,Expense,0
2017-01-19,2017,1,January,19,Thursday,1,Cash,Food,18,snacks,2 Bombay vada pav,20.0,Expense,0
2018-02-01,2018,2,February,1,Thursday,1,Equity Mutual Fund B,Saving Bank Account 1,37,Unknown,Unknown,2000.0,Transfer-Out,2
2016-01-01,2016,1,January,1,Friday,1,Saving Bank Account 1,Food,18,Unknown,Amul butter 100gm(4 pcs),192.0,Expense,0
2015-02-28,2015,2,February,28,Saturday,1,Cash,Food,18,Tea,Unknown,20.0,Expense,0
2016-09-12,2016,9,September,12,Monday,3,Cash,Food,18,Milk,half liter buffalo,35.0,Expense,0
2017-03-23,2017,3,March,23,Thursday,1,Saving Bank Account 1,Other,31,Unknown,Fifa 21 pc,1499.0,Expense,0
2017-05-12,2017,5,May,12,Friday,2,Saving Bank Account 1,Family,15,Pocket money,Unknown,5000.0,Expense,0
2017-03-31,2017,3,March,31,Friday,1,Cash,Transportation,48,auto,Place 4 station to Place 4 plaza,15.0,Expense,0
2018-06-18,2018,6,June,18,Monday,2,Saving Bank Account 1,Subscription,45,Mobile Service Provider,Data booster pack,15.0,Expense,0
2017-02-06,2017,2,February,6,Monday,1,Cash,Food,18,Grocery,vegetables,195.0,Expense,0
2018-06-27,2018,6,June,27,Wednesday,2,Credit Card,Apparel,1,Footwear,Rainy season chappal,550.0,Expense,0
2017-06-19,2017,6,June,19,Monday,2,Saving Bank Account 1,Food,18,breakfast,Bread,18.0,Expense,0
2017-05-18,2017,5,May,18,Thursday,2,Saving Bank Account 1,Food,18,breakfast,Poha,25.0,Expense,0
2017-11-12,2017,11,November,12,Sunday,4,Cash,Transportation,48,auto,Place P station to Alfa market,34.0,Expense,0
2017-05-02,2017,5,May,2,Tuesday,2,Saving Bank Account 1,Food,18,Milk,milk 1lit,64.0,Expense,0
2017-07-04,2017,7,July,4,Tuesday,3,Saving Bank Account 1,Subscription,45,Edtech Course,Unknown,2700.0,Expense,0
2016-08-24,2016,8,August,24,Wednesday,3,Saving Bank Account 1,Festivals,16,Rakshabandhan,rakshabandhan ovalni,500.0,Expense,0
2015-02-19,2015,2,February,19,Thursday,1,Cash,Health,23,Medicine,koflet,34.0,Expense,0
2017-08-10,2017,8,August,10,Thursday,3,Saving Bank Account 1,Food,18,Milk,milk 1lit,66.0,Expense,0
2017-07-17,2017,7,July,17,Monday,3,Saving Bank Account 1,Transportation,48,Train,2 Place 0 to TB returns,40.0,Expense,0
2016-09-14,2016,9,September,14,Wednesday,3,Saving Bank Account 1,Subscription,45,Mobile Service Provider,Unknown,251.0,Expense,0
2017-06-26,2017,6,June,26,Monday,2,Saving Bank Account 1,Food,18,snacks,2 kachori,24.0,Expense,0
2015-01-21,2015,1,January,21,Wednesday,1,Cash,Household,24,Unknown,broom,60.0,Expense,0
2017-02-26,2017,2,February,26,Sunday,1,Saving Bank Account 1,Food,18,snacks,2 Jumbo king burger,58.0,Expense,0
2017-01-06,2017,1,January,6,Friday,1,Saving Bank Account 1,Transportation,48,Travels,Place 1 to Place 2 - Novelty tour and travels,1396.5,Expense,0
2017-11-06,2017,11,November,6,Monday,4,Cash,Food,18,Eggs,6 eggs,39.0,Expense,0
2017-08-31,2017,8,August,31,Thursday,3,Cash,Household,24,Kirana,Nariyal,25.0,Expense,0
2015-04-26,2015,4,April,26,Sunday,2,Cash,Other,31,Unknown,stationary (drawing book + black sketch pen),59.0,Expense,0
2018-06-29,2018,6,June,29,Friday,2,Saving Bank Account 1,Dividend Earned On Shares,6,Unknown,HUL Stocks,44.0,Income,1
2017-12-12,2017,12,December,12,Tuesday,4,Cash,Food,18,Eggs,6 eggs,40.0,Expense,0
2016-04-02,2016,4,April,2,Saturday,2,Saving Bank Account 1,Subscription,45,Mobile Service Provider,Unknown,251.0,Expense,0
2018-05-30,2018,5,May,30,Wednesday,2,Saving Bank Account 1,Dividend Earned On Shares,6,Unknown,HDFC Stocks,88.0,Income,1
2015-09-28,2015,9,September,28,Monday,3,Cash,Health,23,Health,2 n95 masks,300.0,Expense,0
2017-12-22,2017,12,December,22,Friday,4,Saving Bank Account 1,Equity Mutual Fund C,11,Unknown,Unknown,1000.0,Transfer-Out,2
2016-12-04,2016,12,December,4,Sunday,4,Cash,Food,18,vegetables,kadhipatta + 2 lemon,10.0,Expense,0
2018-09-01,2018,9,September,1,Saturday,3,Equity Mutual Fund B,Saving Bank Account 1,37,Unknown,Unknown,2000.0,Transfer-Out,2
2018-03-15,2018,3,March,15,Thursday,1,Cash,Food,18,Lunch,Catering Service,60.0,Expense,0
2017-11-05,2017,11,November,5,Sunday,4,Cash,Transportation,48,auto,Place 0 to Current Residence,15.0,Expense,0
2018-02-12,2018,2,February,12,Monday,1,Saving Bank Account 1,Food,18,curd,3 packets,30.0,Expense,0
2018-06-27,2018,6,June,27,Wednesday,2,Credit Card,Other,31,Unknown,Shopping at Alfa,4720.0,Expense,0
2018-03-06,2018,3,March,6,Tuesday,1,Cash,Food,18,Milk,Half lit  milk,36.0,Expense,0
2018-03-26,2018,3,March,26,Monday,1,Credit Card,Subscription,45,Tata Sky,Permanent Residence - Tata Play recharge,157.0,Expense,0
2018-03-18,2018,3,March,18,Sunday,1,Cash,Food,18,snacks,1 Panipuri,30.0,Expense,0
2017-06-05,2017,6,June,5,Monday,2,Saving Bank Account 1,Family,15,Pocket money,Unknown,2500.0,Expense,0
2017-09-11,2017,9,September,11,Monday,3,Cash,Transportation,48,auto,Current Residence to Place 1 bus stop highway,60.0,Expense,0
2017-07-28,2017,7,July,28,Friday,3,Cash,Transportation,48,auto,2 Current Residence to Place 0,30.0,Expense,0
2017-06-29,2017,6,June,29,Thursday,2,Saving Bank Account 1,Beauty,2,grooming,Shaving,60.0,Expense,0
2018-01-22,2018,1,January,22,Monday,1,Saving Bank Account 1,Food,18,Milk,1 lit,69.0,Expense,0
2016-10-07,2016,10,October,7,Friday,4,Saving Bank Account 1,Subscription,45,Netflix,1 month subscription,199.0,Expense,0
2018-03-23,2018,3,March,23,Friday,1,Cash,Culture,5,Books,Finding next Job,100.0,Expense,0
2018-08-27,2018,8,August,27,Monday,3,Cash,Food,18,breakfast,2 plates poha,60.0,Expense,0
2017-03-07,2017,3,March,7,Tuesday,1,Saving Bank Account 1,Subscription,45,Edtech Course,Unknown,2700.1,Expense,0
2017-03-04,2017,3,March,4,Saturday,1,Cash,Food,18,Ice cream,vanilla ice cream cups 2,20.0,Expense,0
2018-01-08,2018,1,January,8,Monday,1,Saving Bank Account 1,Food,18,flour mill,M D sure 2kg atta,104.0,Expense,0
2018-06-29,2018,6,June,29,Friday,2,Cash,Household,24,Appliances,3 bulbs 3 pencil cells,270.0,Expense,0
2018-06-24,2018,6,June,24,Sunday,2,Cash,Transportation,48,Train,2 Place 5 to Place 0,30.0,Expense,0
2018-05-08,2018,5,May,8,Tuesday,2,Cash,Beauty,2,grooming,Shaving,50.0,Expense,0
2017-05-05,2017,5,May,5,Friday,2,Saving Bank Account 1,Food,18,breakfast,Bread,33.0,Expense,0
2015-03-17,2015,3,March,17,Tuesday,1,Cash,Other,31,Unknown,laptop repair,450.0,Expense,0
2017-08-31,2017,8,August,31,Thursday,3,Saving Bank Account 1,Gpay Reward,21,Unknown,Unknown,5.0,Income,1
2017-11-16,2017,11,November,16,Thursday,4,Saving Bank Account 1,Food,18,Milk,1 lit,70.0,Expense,0
2016-06-19,2016,6,June,19,Sunday,2,Saving Bank Account 1,Family,15,exam fee,Family exam form,905.0,Expense,0
2017-02-28,2017,2,February,28,Tuesday,1,Cash,Other,31,Unknown,fine,400.0,Expense,0
2018-08-14,2018,8,August,14,Tuesday,3,Cash,Food,18,snacks,Dahi,32.0,Expense,0
2015-09-28,2015,9,September,28,Monday,3,Cash,Health,23,Health,6 pairs of use and throw gloves,120.0,Expense,0
2018-01-15,2018,1,January,15,Monday,1,Saving Bank Account 1,Transportation,48,auto,Uber auto: Place 4 Station to Current Residence society,266.0,Expense,0
2018-02-16,2018,2,February,16,Friday,1,Saving Bank Account 1,Food,18,snacks,banana chips,45.0,Expense,0
2018-01-13,2018,1,January,13,Saturday,1,Saving Bank Account 1,Small Cap Fund 2,43,Unknown,Unknown,5000.0,Transfer-Out,2
2018-03-06,2018,3,March,6,Tuesday,1,Credit Card,Documents,7,Courier,Aadhar PUC card delivery,50.0,Expense,0
2018-02-22,2018,2,February,22,Thursday,1,Saving Bank Account 1,Food,18,Lunch,Catering Service,192.0,Expense,0
2017-03-05,2017,3,March,5,Sunday,1,Saving Bank Account 1,Recurring Deposit,34,Unknown,Unknown,1000.0,Transfer-Out,2
2016-06-30,2016,6,June,30,Thursday,2,Saving Bank Account 1,Other,31,Unknown,pan card application,106.9,Expense,0
2018-05-13,2018,5,May,13,Sunday,2,Saving Bank Account 1,Small Cap Fund 1,42,Unknown,Unknown,5000.0,Transfer-Out,2
2018-03-25,2018,3,March,25,Sunday,1,Cash,Transportation,48,Bike,Station Parking,10.0,Expense,0
2018-03-03,2018,3,March,3,Saturday,1,Saving Bank Account 1,Food,18,Milk,Half lit  milk,36.0,Expense,0
2015-01-10,2015,1,January,10,Saturday,1,Saving Bank Account 1,Transportation,48,Unknown,travels - brc to pune,650.0,Expense,0
2018-04-02,2018,4,April,2,Monday,2,Cash,Food,18,Onions,onion 2 kg,36.0,Expense,0
2017-03-13,2017,3,March,13,Monday,1,Cash,Beauty,2,grooming,hair cut,100.0,Expense,0
2017-05-17,2017,5,May,17,Wednesday,2,Cash,Food,18,Tea,Unknown,10.0,Expense,0
2015-04-26,2015,4,April,26,Sunday,2,Saving Bank Account 1,Food,18,Grocery,eggs + bread,110.0,Expense,0
2017-09-03,2017,9,September,3,Sunday,3,Saving Bank Account 1,Subscription,45,Newspaper,Unknown,170.0,Expense,0
2017-06-24,2017,6,June,24,Saturday,2,Saving Bank Account 1,Food,18,Milk,milk 1lit,64.0,Expense,0
2015-08-07,2015,8,August,7,Friday,3,Saving Bank Account 1,Investment,26,Mutual fund,reliance mutual fund,1000.0,Expense,0
2018-01-18,2018,1,January,18,Thursday,1,Saving Bank Account 1,Food,18,Milk,1 lit,69.0,Expense,0
2017-12-20,2017,12,December,20,Wednesday,4,Cash,Food,18,Lunch,Catering Service,95.0,Expense,0
2017-11-09,2017,11,November,9,Thursday,4,Cash,Apparel,1,Laundry,clothes ironing : Rs 6 per item,72.0,Expense,0
2015-05-02,2015,5,May,2,Saturday,2,Credit Card,Money Transfer,30,Unknown,Unknown,10000.0,Expense,0
2018-04-15,2018,4,April,15,Sunday,2,Cash,Transportation,48,Bike,Station Parking,10.0,Expense,0
2017-04-24,2017,4,April,24,Monday,2,Saving Bank Account 1,Other,31,Unknown,Family's Wristwatch repair,170.0,Expense,0
2016-09-10,2016,9,September,10,Saturday,3,Saving Bank Account 1,Investment,26,Mutual fund,Unknown,1000.0,Expense,0
2017-11-13,2017,11,November,13,Monday,4,Credit Card,Household,24,Kirana,Maggie + lizol,268.0,Expense,0
2017-09-24,2017,9,September,24,Sunday,3,Credit Card,Culture,5,Movie,2,560.0,Expense,0
2017-09-21,2017,9,September,21,Thursday,3,Cash,Food,18,snacks,Vadapav,15.0,Expense,0
2017-12-03,2017,12,December,3,Sunday,4,Saving Bank Account 1,Food,18,Lunch,Home Food Delivery - Chicken lollypop 8 pcs 190 + chicken manchow soup 100,290.0,Expense,0
2018-07-10,2018,7,July,10,Tuesday,3,Saving Bank Account 1,Dividend Earned On Shares,6,Unknown,Tata Steel Stocks,180.0,Income,1
2016-10-22,2016,10,October,22,Saturday,4,Cash,Food,18,Eating out,pav vada,20.0,Expense,0
2017-08-20,2017,8,August,20,Sunday,3,Credit Card,Food,18,Lunch,280 chicken dum biryani+ 200 paneer tikka laziz + GST,504.0,Expense,0
2017-10-09,2017,10,October,9,Monday,4,Saving Bank Account 1,Subscription,45,Wifi Internet Service,1 Year Plan (40mbps + UL+ 3 Months Free),5640.0,Expense,0
2017-01-23,2017,1,January,23,Monday,1,Saving Bank Account 1,Gift,20,Unknown,Birthday gift,649.0,Expense,0
2016-09-14,2016,9,September,14,Wednesday,3,Saving Bank Account 1,Family,15,gift,baggit purse,437.0,Expense,0
2017-06-22,2017,6,June,22,Thursday,2,Saving Bank Account 1,Gift,20,Unknown,Forrest essential after shave,1595.0,Expense,0
2016-03-21,2016,3,March,21,Monday,1,Saving Bank Account 1,Subscription,45,Mobile Service Provider,Unknown,251.0,Expense,0
2018-01-07,2018,1,January,7,Sunday,1,Saving Bank Account 1,Equity Mutual Fund E,13,Unknown,Unknown,1000.0,Transfer-Out,2
2015-10-27,2015,10,October,27,Tuesday,4,Saving Bank Account 1,Other,31,Unknown,audible subscription,199.0,Expense,0
2018-07-06,2018,7,July,6,Friday,3,Cash,Food,18,Dinner,At restaurant,760.0,Expense,0
2017-08-07,2017,8,August,7,Monday,3,Saving Bank Account 1,Gpay Reward,21,Unknown,Unknown,6.0,Income,1
2017-04-21,2017,4,April,21,Friday,2,Saving Bank Account 1,Health,23,Medicine,Q-dee strip,40.0,Expense,0
2016-09-01,2016,9,September,1,Thursday,3,Saving Bank Account 1,Subscription,45,Mobile Service Provider,Unknown,251.0,Expense,0
2015-04-24,2015,4,April,24,Friday,2,Saving Bank Account 1,Food,18,Grocery,snacks + veggie,420.0,Expense,0
2017-08-30,2017,8,August,30,Wednesday,3,Saving Bank Account 1,Health,23,Medicine,5 Meftal spas,22.0,Expense,0
2017-06-05,2017,6,June,5,Monday,2,Saving Bank Account 1,Health,23,Medicine,Sofy antibacterial,190.0,Expense,0
2015-08-10,2015,8,August,10,Monday,3,Saving Bank Account 1,Investment,26,Mutual fund,mutual fund,1000.0,Expense,0
2018-08-24,2018,8,August,24,Friday,3,Saving Bank Account 1,Other,31,Unknown,From Family,1000.0,Income,1
2018-08-14,2018,8,August,14,Tuesday,3,Saving Bank Account 1,Dividend Earned On Shares,6,Unknown,ITC Stocks,124.0,Income,1
2015-02-12,2015,2,February,12,Thursday,1,Cash,Food,18,Unknown,tea,10.0,Expense,0
2016-06-10,2016,6,June,10,Friday,2,Saving Bank Account 1,Investment,26,RD,Unknown,1000.0,Expense,0
2018-08-24,2018,8,August,24,Friday,3,Credit Card,Food,18,Dinner,Home Food Delivery,1120.0,Expense,0
2017-11-27,2017,11,November,27,Monday,4,Credit Card,Apparel,1,Footwear,Sandals Hush puppies,2699.0,Expense,0
2015-01-21,2015,1,January,21,Wednesday,1,Cash,Food,18,Unknown,shev,50.0,Expense,0
2015-12-25,2015,12,December,25,Friday,4,Saving Bank Account 1,Apparel,1,Footwear,sliper,270.0,Expense,0
2015-02-04,2015,2,February,4,Wednesday,1,Cash,Food,18,Unknown,milk half shakti,26.0,Expense,0
2018-07-21,2018,7,July,21,Saturday,3,Cash,Household,24,Kirana,Supermart,368.0,Expense,0
2017-03-10,2017,3,March,10,Friday,1,Saving Bank Account 1,Transportation,48,Travels,2 Place 2 to Place 1,1599.98,Expense,0
2017-04-22,2017,4,April,22,Saturday,2,Saving Bank Account 1,Food,18,Grocery,milk 1 lit (64) + paneer (75) + bread (30) + 6 eggs (36),205.0,Expense,0
2016-11-08,2016,11,November,8,Tuesday,4,Saving Bank Account 1,Subscription,45,Netflix,1 month subscription,199.0,Expense,0
2016-03-11,2016,3,March,11,Friday,1,Cash,Other,31,Unknown,watch repair,250.0,Expense,0
2016-08-29,2016,8,August,29,Monday,3,Saving Bank Account 1,Household,24,Toiletries,lizol,98.0,Expense,0
2016-08-07,2016,8,August,7,Sunday,3,Saving Bank Account 1,Family,15,exam fee,PET Psychology,750.0,Expense,0
2017-12-24,2017,12,December,24,Sunday,4,Credit Card,Gift,20,Unknown,Birthday gift,1364.0,Expense,0
2018-01-22,2018,1,January,22,Monday,1,Cash,Food,18,flour mill,M D sure 3kg atta,162.0,Expense,0
2017-03-18,2017,3,March,18,Saturday,1,Cash,Food,18,snacks,2 samosa (32) + 25 Pani Puri,57.0,Expense,0
2017-09-24,2017,9,September,24,Sunday,3,Cash,Transportation,48,Train,Place 0 to WS return,10.0,Expense,0
2015-02-09,2015,2,February,9,Monday,1,Cash,Food,18,Unknown,paneer,35.0,Expense,0
2017-03-23,2017,3,March,23,Thursday,1,Saving Bank Account 1,Food,18,beverage,3 sugarcane juice,60.0,Expense,0
2017-08-01,2017,8,August,1,Tuesday,3,Saving Bank Account 1,Public Provident Fund,33,Unknown,Unknown,10000.0,Transfer-Out,2
2015-03-07,2015,3,March,7,Saturday,1,Saving Bank Account 1,Investment,26,Mutual fund,reliance mutual fund,1000.0,Expense,0
2016-04-05,2016,4,April,5,Tuesday,2,Saving Bank Account 1,Investment,26,Mutual fund,Mutual fund A,1000.0,Expense,0
2017-09-21,2017,9,September,21,Thursday,3,Cash,Family,15,Pocket money,Unknown,70.0,Expense,0
2015-09-07,2015,9,September,7,Monday,3,Saving Bank Account 1,Investment,26,Mutual fund,reliance mutual fund,1000.0,Expense,0
2016-11-28,2016,11,November,28,Monday,4,Saving Bank Account 1,Household,24,Appliances,Metz 32 inch TV,20500.0,Expense,0
2018-06-15,2018,6,June,15,Friday,2,Saving Bank Account 1,Transportation,48,train,2CC Place 2 to DDR Spl Train,1213.6,Expense,0
2018-01-14,2018,1,January,14,Sunday,1,Cash,Transportation,48,auto,station to Decathlon,20.0,Expense,0
2018-08-14,2018,8,August,14,Tuesday,3,Cash,Household,24,Kirana,Toothpaste Patanjali,160.0,Expense,0
2017-07-11,2017,7,July,11,Tuesday,3,Saving Bank Account 1,Family,15,Pocket money,Unknown,5000.0,Expense,0
2015-12-01,2015,12,December,1,Tuesday,4,Saving Bank Account 1,Apparel,1,Footwear,roadstar black fishermen sandals,773.0,Expense,0
2018-08-13,2018,8,August,13,Monday,3,Cash,Household,24,Appliances,5 litres can Distilled water,100.0,Expense,0
2017-06-02,2017,6,June,2,Friday,2,Saving Bank Account 1,Food,18,flour mill,M D sure 3kg atta,141.0,Expense,0
2015-04-04,2015,4,April,4,Saturday,2,Cash,Other,31,Unknown,cleaning drainage,300.0,Expense,0
2016-02-13,2016,2,February,13,Saturday,1,Cash,Transportation,48,auto,within city,40.0,Expense,0
2016-07-31,2016,7,July,31,Sunday,3,Cash,Other,31,Unknown,frame for specs,250.0,Expense,0
2016-12-19,2016,12,December,19,Monday,4,Cash,Food,18,snacks,2 dabeli,30.0,Expense,0
2016-09-30,2016,9,September,30,Friday,3,Saving Bank Account 1,Interest,25,Unknown,interest paid,835.0,Income,1
2016-11-19,2016,11,November,19,Saturday,4,Cash,Food,18,chocolate,poppins,2.0,Expense,0
2018-01-27,2018,1,January,27,Saturday,1,Saving Bank Account 1,Transportation,48,Bike,Two Wheeler Bikedelux third installment,43000.0,Expense,0
2017-03-06,2017,3,March,6,Monday,1,Cash,Food,18,breakfast,2 plate medu vada + 2 pcs dal vada,45.0,Expense,0
2018-07-08,2018,7,July,8,Sunday,3,Cash,Transportation,48,Taxi,Ola cab - Current Residence CHS to eye institute,130.0,Expense,0
2016-11-07,2016,11,November,7,Monday,4,Cash,Food,18,Eating out,ice cream,45.0,Expense,0
2016-05-10,2016,5,May,10,Tuesday,2,Saving Bank Account 1,Investment,26,Mutual fund,Mutual fund C,1000.0,Expense,0
2017-05-28,2017,5,May,28,Sunday,2,Saving Bank Account 1,Food,18,vegetables,Unknown,60.0,Expense,0
2016-09-07,2016,9,September,7,Wednesday,3,Saving Bank Account 1,Investment,26,Mutual fund,Unknown,1000.0,Expense,0
2017-03-13,2017,3,March,13,Monday,1,Cash,Household,24,Hardware,ceiling fans repair,1600.0,Expense,0
2017-02-08,2017,2,February,8,Wednesday,1,Saving Bank Account 1,Gift,20,Unknown,Handbag to Family,1499.0,Expense,0
2017-09-12,2017,9,September,12,Tuesday,3,Saving Bank Account 1,Gpay Reward,21,Unknown,Unknown,5.0,Income,1
2017-12-10,2017,12,December,10,Sunday,4,Cash,Food,18,vegetables,Unknown,90.0,Expense,0
2018-08-24,2018,8,August,24,Friday,3,Cash,Food,18,Milk,Half lit  milk,36.0,Expense,0
2016-11-15,2016,11,November,15,Tuesday,4,Cash,Food,18,fruits,apple + mosambi 1kg each,180.0,Expense,0
2018-03-01,2018,3,March,1,Thursday,1,Saving Bank Account 1,Public Provident Fund,33,Unknown,Unknown,10000.0,Transfer-Out,2
2017-08-01,2017,8,August,1,Tuesday,3,Saving Bank Account 1,Apparel,1,Clothing,Myntra - tshirt+ denim shorts,399.0,Expense,0
2015-12-11,2015,12,December,11,Friday,4,Cash,Transportation,48,auto,station to Permanent Residence,100.0,Expense,0
2015-02-03,2015,2,February,3,Tuesday,1,Cash,Other,31,Unknown,garbage collector,50.0,Expense,0
2018-03-18,2018,3,March,18,Sunday,1,Cash,Transportation,48,Train,Place 0 to Place 4 return,20.0,Expense,0
2017-02-04,2017,2,February,4,Saturday,1,Cash,Food,18,snacks,samosa + sabudana vada,53.0,Expense,0
2016-07-07,2016,7,July,7,Thursday,3,Saving Bank Account 1,Investment,26,Mutual fund,Mutual fund B,1000.0,Expense,0
2016-10-13,2016,10,October,13,Thursday,4,Saving Bank Account 1,Family,15,misc,scratch guard ipad,249.0,Expense,0
2018-05-09,2018,5,May,9,Wednesday,2,Cash,Food,18,Biscuits,Toast packet,45.0,Expense,0
2017-01-29,2017,1,January,29,Sunday,1,Cash,Food,18,Dinner,3 parathe ( 80 mix veg + 70 methi + 100 paneer aloo),250.0,Expense,0
2017-10-04,2017,10,October,4,Wednesday,4,Saving Bank Account 1,Subscription,45,Edtech Course,Unknown,2700.0,Expense,0
2015-09-11,2015,9,September,11,Friday,3,Saving Bank Account 1,Food,18,Lunch,chicken lollypop + biryani,379.0,Expense,0
2015-02-23,2015,2,February,23,Monday,1,Saving Bank Account 1,Other,31,Unknown,splitwise settlement,4118.0,Expense,0
2017-04-25,2017,4,April,25,Tuesday,2,Cash,Transportation,48,Train,2 Place 0 to Place 6 return,20.0,Expense,0
2016-05-30,2016,5,May,30,Monday,2,Saving Bank Account 1,Subscription,45,Mobile Service Provider,Unknown,251.0,Expense,0
2016-10-27,2016,10,October,27,Thursday,4,Cash,Food,18,Grocery,mehndi,25.0,Expense,0
2015-02-03,2015,2,February,3,Tuesday,1,Cash,Food,18,Unknown,12 eggs,70.0,Expense,0
2017-09-29,2017,9,September,29,Friday,3,Saving Bank Account 1,Health,23,Medicine,3 tablet Nor tz,21.0,Expense,0
2017-03-16,2017,3,March,16,Thursday,1,Saving Bank Account 1,Subscription,45,Wifi Internet Service,6 months ( 30mb UL plan + 1 month free),2820.0,Expense,0
2016-02-22,2016,2,February,22,Monday,1,Cash,Food,18,snacks,5star (2)+munch(2),40.0,Expense,0
2018-04-19,2018,4,April,19,Thursday,2,Saving Bank Account 1,Food,18,Milk,milk 1lit,72.0,Expense,0
2015-04-28,2015,4,April,28,Tuesday,2,Cash,Food,18,Milk,milk half gold,28.0,Expense,0
2017-07-03,2017,7,July,3,Monday,3,Saving Bank Account 1,Subscription,45,Newspaper,Unknown,170.0,Expense,0
2017-05-07,2017,5,May,7,Sunday,2,Saving Bank Account 1,Equity Mutual Fund E,13,Unknown,Unknown,1000.0,Transfer-Out,2
2018-05-07,2018,5,May,7,Monday,2,Saving Bank Account 1,Subscription,45,Mahanagar Gas,Unknown,515.0,Expense,0
2017-11-27,2017,11,November,27,Monday,4,Saving Bank Account 1,Gpay Reward,21,Unknown,Unknown,7.0,Income,1
2017-12-24,2017,12,December,24,Sunday,4,Saving Bank Account 1,Transportation,48,auto,2 Current Residence to Place 0,30.0,Expense,0
2016-08-29,2016,8,August,29,Monday,3,Cash,Festivals,16,Ganesh Pujan,Ganesh idol,361.0,Expense,0
2017-03-25,2017,3,March,25,Saturday,1,Saving Bank Account 1,Health,23,Medicine,Tablet,29.0,Expense,0
2017-06-05,2017,6,June,5,Monday,2,Cash,Food,18,chocolate,2 Cadbury dairy milk,20.0,Expense,0
2017-04-05,2017,4,April,5,Wednesday,2,Saving Bank Account 1,Recurring Deposit,34,Unknown,Unknown,1000.0,Transfer-Out,2
2018-06-26,2018,6,June,26,Tuesday,2,Cash,Transportation,48,Train,Place 0 to Place 4 return,20.0,Expense,0
2018-01-20,2018,1,January,20,Saturday,1,Saving Bank Account 1,Food,18,Bread,Unknown,45.0,Expense,0
2015-05-31,2015,5,May,31,Sunday,2,Saving Bank Account 1,Money Transfer,30,Unknown,Unknown,10000.0,Expense,0
2015-05-16,2015,5,May,16,Saturday,2,Saving Bank Account 1,Food,18,Milk,milk half shakti,26.0,Expense,0
2015-06-01,2015,6,June,1,Monday,2,Saving Bank Account 1,Cook,4,Unknown,Unknown,776.0,Expense,0
2018-08-06,2018,8,August,6,Monday,3,Cash,Beauty,2,grooming,hair cut,100.0,Expense,0
2016-03-11,2016,3,March,11,Friday,1,Cash,Food,18,Grocery,cheese cubes(2)+ neutralite butter,60.0,Expense,0
2016-04-28,2016,4,April,28,Thursday,2,Saving Bank Account 1,Subscription,45,Hotstar,subscription,299.0,Expense,0
2015-11-04,2015,11,November,4,Wednesday,4,Cash,Public Provident Fund,33,Unknown,Unknown,10000.0,Expense,0
2018-07-30,2018,7,July,30,Monday,3,Cash,Food,18,breakfast,1 plates poha,25.0,Expense,0
2018-04-15,2018,4,April,15,Sunday,2,Cash,Transportation,48,Train,Place 0 to Place 4 return,20.0,Expense,0
2017-09-29,2017,9,September,29,Friday,3,Cash,Food,18,Ice cream,Vanila cup,10.0,Expense,0
2018-03-18,2018,3,March,18,Sunday,1,Credit Card,Family,15,clothes,Trouser,799.0,Expense,0
2018-05-09,2018,5,May,9,Wednesday,2,Cash,Subscription,45,Newspaper,Mata + TOI + ET,12.0,Expense,0
2017-11-15,2017,11,November,15,Wednesday,4,Saving Bank Account 1,Household,24,Kirana,Toast 55 + Kisan Jam 85 + all out 75,209.0,Expense,0
2018-02-08,2018,2,February,8,Thursday,1,Saving Bank Account 1,Food,18,Milk,1 lit,69.0,Expense,0
2018-01-15,2018,1,January,15,Monday,1,Cash,Transportation,48,Train,Place 0 to Place 3 returns,40.0,Expense,0
2016-02-10,2016,2,February,10,Wednesday,1,Saving Bank Account 1,Investment,26,RD,Unknown,1000.0,Expense,0
2018-03-30,2018,3,March,30,Friday,1,Cash,Food,18,snacks,1 Panipuri,25.0,Expense,0
2016-12-09,2016,12,December,9,Friday,4,Saving Bank Account 1,Subscription,45,Mobile Service Provider,Mobile Service Provider recharge wfh,301.0,Expense,0
2018-03-22,2018,3,March,22,Thursday,1,Cash,Food,18,Rajgira ladu,1 packet,20.0,Expense,0
2017-11-19,2017,11,November,19,Sunday,4,Credit Card,Culture,5,Movie,2 PVR Place 6,436.0,Expense,0
2016-07-05,2016,7,July,5,Tuesday,3,Saving Bank Account 1,Investment,26,RD,Unknown,1000.0,Expense,0
2015-02-01,2015,2,February,1,Sunday,1,Cash,Apparel,1,Unknown,undergarments,248.0,Expense,0
2018-01-01,2018,1,January,1,Monday,1,Credit Card,Subscription,45,Amazon Prime,Amazon pay cashback 1017 + Rs.482,482.0,Expense,0
2018-06-27,2018,6,June,27,Wednesday,2,Cash,Transportation,48,auto,Place P station to Alfa market,25.0,Expense,0
2017-03-15,2017,3,March,15,Wednesday,1,Cash,Food,18,Ice cream,2 softy,40.0,Expense,0
2016-12-21,2016,12,December,21,Wednesday,4,Saving Bank Account 1,Family,15,clothes,sweater,1874.0,Expense,0
2017-07-30,2017,7,July,30,Sunday,3,Cash,Transportation,48,Train,Place 0 to Place 4 return,20.0,Expense,0
2017-05-30,2017,5,May,30,Tuesday,2,Cash,Household,24,Kitchen,Crockery,275.0,Expense,0
2015-01-01,2015,1,January,1,Thursday,1,Cash,Transportation,48,Unknown,share jeep - Place T to brc,60.0,Expense,0
2017-11-13,2017,11,November,13,Monday,4,Saving Bank Account 1,Food,18,Milk,milk 1lit varna,70.0,Expense,0
2017-08-05,2017,8,August,5,Saturday,3,Saving Bank Account 1,Equity Mutual Fund A,9,Unknown,Unknown,1000.0,Transfer-Out,2
2016-03-28,2016,3,March,28,Monday,1,Saving Bank Account 1,Other,31,Unknown,hit spray(99)+biscuits+mask,159.0,Expense,0
2016-01-13,2016,1,January,13,Wednesday,1,Saving Bank Account 1,Other,31,Unknown,wedding gift,45000.0,Income,1
2017-01-23,2017,1,January,23,Monday,1,Saving Bank Account 1,Subscription,45,Tata Sky,Unknown,181.0,Expense,0
2018-09-07,2018,9,September,7,Friday,3,Cash,Food,18,Milk,Half lit  milk,37.0,Expense,0
2016-12-31,2016,12,December,31,Saturday,4,Cash,Subscription,45,Edtech Course,EMI 1,2816.0,Expense,0
2017-02-03,2017,2,February,3,Friday,1,Saving Bank Account 1,Food,18,Dinner,parath + chicken biryani,412.25,Expense,0
2016-05-19,2016,5,May,19,Thursday,2,Saving Bank Account 1,Food,18,Grocery,agarbatti + icecream pack,180.0,Expense,0
2016-12-29,2016,12,December,29,Thursday,4,Cash,Food,18,snacks,2 chips packets,10.0,Expense,0
2015-01-01,2015,1,January,1,Thursday,1,Cash,Transportation,48,Unknown,bus - brc to Place H,30.0,Expense,0
2016-09-05,2016,9,September,5,Monday,3,Saving Bank Account 1,Investment,26,RD,Unknown,1000.0,Expense,0
2018-01-16,2018,1,January,16,Tuesday,1,Saving Bank Account 1,Food,18,Milk,1 lit,69.0,Expense,0
2018-08-13,2018,8,August,13,Monday,3,Cash,Household,24,Kirana,Supermart,594.0,Expense,0
2017-08-21,2017,8,August,21,Monday,3,Saving Bank Account 1,Beauty,2,grooming,Shaving,50.0,Expense,0
2018-03-13,2018,3,March,13,Tuesday,1,Saving Bank Account 1,Food,18,Milk,Half lit  milk,36.0,Expense,0
2015-10-24,2015,10,October,24,Saturday,4,Cash,Household,24,Appliances,plumber,100.0,Expense,0
2015-12-19,2015,12,December,19,Saturday,4,Saving Bank Account 1,Health,23,Medicine,hand sanitizer,220.0,Expense,0
2017-09-27,2017,9,September,27,Wednesday,3,Saving Bank Account 1,Gift,20,Unknown,farewell contribution,334.0,Expense,0
2018-07-05,2018,7,July,5,Thursday,3,Cash,Transportation,48,Train,Place 0 to Place P,20.0,Expense,0
2018-02-13,2018,2,February,13,Tuesday,1,Saving Bank Account 1,Food,18,Milk,1 lit,72.0,Expense,0
2017-06-01,2017,6,June,1,Thursday,2,Saving Bank Account 1,Money Transfer,30,Home,Unknown,10000.0,Expense,0
2017-05-31,2017,5,May,31,Wednesday,2,Saving Bank Account 1,Salary,36,Unknown,From workplace,56970.0,Income,1
2017-11-19,2017,11,November,19,Sunday,4,Cash,Transportation,48,auto,2 Current Residence to Place 0,30.0,Expense,0
2015-12-01,2015,12,December,1,Tuesday,4,Saving Bank Account 1,Public Provident Fund,33,Unknown,Unknown,10000.0,Expense,0
2018-06-26,2018,6,June,26,Tuesday,2,Saving Bank Account 1,Household,24,Hardware,Umbrella handle repair,70.0,Expense,0
2018-03-14,2018,3,March,14,Wednesday,1,Cash,Household,24,Kirana,Mayonnaise + cheese cubes,140.0,Expense,0
2018-01-01,2018,1,January,1,Monday,1,Credit Card,Household,24,gadgets,Logitech mouse,599.0,Expense,0
2018-02-03,2018,2,February,3,Saturday,1,Credit Card,Transportation,48,Travels,Place 2 to Place 1 - Shree Sharma Travels,945.0,Expense,0
2017-07-28,2017,7,July,28,Friday,3,Cash,Transportation,48,Train,2 Place 0 to Place 6 return,20.0,Expense,0
2018-05-06,2018,5,May,6,Sunday,2,Saving Bank Account 1,Other,31,Unknown,From Family,3000.0,Income,1
2017-01-16,2017,1,January,16,Monday,1,Cash,Transportation,48,auto,GHroad to Permanent Residence,40.0,Expense,0
2018-07-15,2018,7,July,15,Sunday,3,Cash,Food,18,snacks,4 kachori,48.0,Expense,0
2015-11-10,2015,11,November,10,Tuesday,4,Saving Bank Account 1,Recurring Deposit,34,Unknown,Unknown,1000.0,Expense,0
2018-01-13,2018,1,January,13,Saturday,1,Saving Bank Account 1,Small Cap Fund 1,42,Unknown,Unknown,5000.0,Transfer-Out,2
2017-11-07,2017,11,November,7,Tuesday,4,Saving Bank Account 1,Equity Mutual Fund E,13,Unknown,Unknown,1000.0,Transfer-Out,2
2015-09-01,2015,9,September,1,Tuesday,3,Saving Bank Account 1,Public Provident Fund,33,Unknown,Unknown,10000.0,Expense,0
2017-06-27,2017,6,June,27,Tuesday,2,Cash,Health,23,Medicine,Cough-sills 4 pcs,12.0,Expense,0
2017-02-02,2017,2,February,2,Thursday,1,Saving Bank Account 1,Subscription,45,Mobile Service Provider,Mobile Service Provider recharge wfh,301.0,Expense,0
2015-02-11,2015,2,February,11,Wednesday,1,Cash,Food,18,Unknown,paneer 150 gm,54.0,Expense,0
2017-10-05,2017,10,October,5,Thursday,4,Saving Bank Account 1,Other,31,Unknown,account opening fee,200.0,Expense,0
2016-04-26,2016,4,April,26,Tuesday,2,Saving Bank Account 1,Food,18,Grocery,dettol handwash + khari + toast + goodday,259.0,Expense,0
2018-04-10,2018,4,April,10,Tuesday,2,Cash,Food,18,Lunch,Catering Service,70.0,Expense,0
2018-06-24,2018,6,June,24,Sunday,2,Cash,Food,18,snacks,2 Vadapav 2 samosa pav,60.0,Expense,0
2017-06-04,2017,6,June,4,Sunday,2,Saving Bank Account 1,Food,18,Milk,milk 1lit,64.0,Expense,0
2018-07-18,2018,7,July,18,Wednesday,3,Cash,Food,18,flour mill,M D sure 4kg atta,216.0,Expense,0
2018-09-05,2018,9,September,5,Wednesday,3,Saving Bank Account 1,Food,18,Milk,Half lit  milk,36.0,Expense,0
2015-05-11,2015,5,May,11,Monday,2,Cash,Food,18,Milk,milk half shakti,26.0,Expense,0
2017-08-05,2017,8,August,5,Saturday,3,Credit Card,Gift,20,Unknown,Purse on occasion of Rakshabandhan,1145.0,Expense,0
2017-02-05,2017,2,February,5,Sunday,1,Saving Bank Account 1,Recurring Deposit,34,Unknown,Unknown,1000.0,Transfer-Out,2
2017-09-15,2017,9,September,15,Friday,3,Saving Bank Account 1,Food,18,Lunch,Unknown,130.0,Expense,0
2018-03-10,2018,3,March,10,Saturday,1,Cash,Food,18,Milk,Half lit  milk,36.0,Expense,0
2017-02-28,2017,2,February,28,Tuesday,1,Cash,Transportation,48,auto,Current Residence to Place 0,30.0,Expense,0
2016-11-02,2016,11,November,2,Wednesday,4,Cash,Grooming,22,Saloon,cutting + shaving,80.0,Expense,0
2017-02-03,2017,2,February,3,Friday,1,Cash,Food,18,beverage,shreejal 1,12.0,Expense,0
2017-08-20,2017,8,August,20,Sunday,3,Cash,Apparel,1,Laundry,clothes ironing : Rs 6 per item,48.0,Expense,0
2018-06-30,2018,6,June,30,Saturday,2,Saving Bank Account 1,Household,24,Appliances,Aqugurad PRV,1200.0,Expense,0
2018-05-10,2018,5,May,10,Thursday,2,Saving Bank Account 1,Other,31,Unknown,NEFT from Big Share Services,947.0,Income,1
2018-07-03,2018,7,July,3,Tuesday,3,Saving Bank Account 1,Food,18,Milk,Half lit  milk,36.0,Expense,0
2015-03-02,2015,3,March,2,Monday,1,Cash,Health,23,Medicine,painkillers,226.0,Expense,0
2017-03-25,2017,3,March,25,Saturday,1,Cash,Health,23,Hospital,Doctor Fees,150.0,Expense,0
2016-11-05,2016,11,November,5,Saturday,4,Saving Bank Account 1,Investment,26,Mutual fund,Unknown,1000.0,Expense,0
2017-07-27,2017,7,July,27,Thursday,3,Cash,Household,24,Appliances,Distilled water refill Inverter (Rs.100 given by Family),200.0,Expense,0
2015-02-17,2015,2,February,17,Tuesday,1,Cash,Food,18,Unknown,dinner,227.0,Expense,0
2016-11-01,2016,11,November,1,Tuesday,4,Cash,Food,18,fruits,mosambi 1kg,50.0,Expense,0
2018-07-20,2018,7,July,20,Friday,3,Cash,Food,18,Ice cream,chocobar,20.0,Expense,0
2018-04-19,2018,4,April,19,Thursday,2,Cash,Household,24,Kitchen,flour mill,14.0,Expense,0
2015-10-10,2015,10,October,10,Saturday,4,Saving Bank Account 1,Recurring Deposit,34,Unknown,Unknown,1000.0,Expense,0
2018-01-28,2018,1,January,28,Sunday,1,Credit Card,Household,24,Kirana,Supermart,764.0,Expense,0
2017-09-03,2017,9,September,3,Sunday,3,Saving Bank Account 1,Other,31,Unknown,clock cell,15.0,Expense,0
2018-06-23,2018,6,June,23,Saturday,2,Cash,Transportation,48,auto,Unknown,30.0,Expense,0
2018-03-18,2018,3,March,18,Sunday,1,Cash,Transportation,48,Bike,Station Parking,10.0,Expense,0
2017-10-23,2017,10,October,23,Monday,4,Cash,Apparel,1,Footwear,Slippers,220.0,Expense,0
2018-05-03,2018,5,May,3,Thursday,2,Saving Bank Account 1,Food,18,snacks,Bhaji + vadapav,40.0,Expense,0
2018-01-19,2018,1,January,19,Friday,1,Saving Bank Account 1,Household,24,Kirana,Amul butter,53.0,Expense,0
2017-09-08,2017,9,September,8,Friday,3,Cash,Food,18,flour mill,M D sure 4kg atta,196.0,Expense,0
2018-04-02,2018,4,April,2,Monday,2,Cash,Transportation,48,Bike,Mall parking,20.0,Expense,0
2016-04-24,2016,4,April,24,Sunday,2,Saving Bank Account 1,Subscription,45,Kindle unlimited,kindle unlimited,169.0,Expense,0
2017-02-02,2017,2,February,2,Thursday,1,Saving Bank Account 1,Food,18,Dinner,At restaurant,1160.0,Expense,0
2015-03-14,2015,3,March,14,Saturday,1,Cash,Food,18,Milk,Unknown,26.0,Expense,0
2017-07-12,2017,7,July,12,Wednesday,3,Saving Bank Account 1,Gpay Reward,21,Unknown,reward Gpay,6.0,Income,1
2018-03-27,2018,3,March,27,Tuesday,1,Cash,Food,18,breakfast,Bread,35.0,Expense,0
2018-07-03,2018,7,July,3,Tuesday,3,Equity Mutual Fund B,Saving Bank Account 1,37,Unknown,Unknown,2000.0,Transfer-Out,2
2018-03-21,2018,3,March,21,Wednesday,1,Cash,Family,15,Pocket money,Unknown,50.0,Expense,0
2017-11-23,2017,11,November,23,Thursday,4,Cash,Food,18,Bread,Flatbread 8 pcs,23.0,Expense,0
2017-01-10,2017,1,January,10,Tuesday,1,Saving Bank Account 1,Equity Mutual Fund F,14,Unknown,Unknown,1000.0,Transfer-Out,2
2017-02-03,2017,2,February,3,Friday,1,Cash,Food,18,breakfast,parle top biscuits,10.0,Expense,0
2017-09-15,2017,9,September,15,Friday,3,Cash,Food,18,Dinner,Sugaran Kitchen,60.0,Expense,0
2018-07-01,2018,7,July,1,Sunday,3,Debit Card,Culture,5,Movie,2 PVR,461.0,Expense,0
2017-11-23,2017,11,November,23,Thursday,4,Cash,Food,18,flour mill,3 kg Bajari,21.0,Expense,0
2016-08-18,2016,8,August,18,Thursday,3,Saving Bank Account 1,Subscription,45,Mobile Service Provider,Unknown,251.0,Expense,0
2016-10-24,2016,10,October,24,Monday,4,Cash,Food,18,Grocery,popcorn+mehndi+mosambi+orange+all out refill,320.0,Expense,0
2017-09-30,2017,9,September,30,Saturday,3,Saving Bank Account 1,Salary,36,Unknown,From workplace,61578.0,Income,1
2017-10-23,2017,10,October,23,Monday,4,Cash,Household,24,Toiletries,Dettol liquid handwash refill,99.0,Expense,0
2017-12-30,2017,12,December,30,Saturday,4,Cash,Food,18,vegetables,Dudhi 20 + mirchi 5,25.0,Expense,0
2015-07-01,2015,7,July,1,Wednesday,3,Saving Bank Account 1,Rent,35,Unknown,Unknown,2833.0,Expense,0
2016-05-07,2016,5,May,7,Saturday,2,Saving Bank Account 1,Investment,26,Mutual fund,Mutual fund B,1000.0,Expense,0
2018-01-10,2018,1,January,10,Wednesday,1,Saving Bank Account 1,Food,18,Rajgira ladu,2 packets,40.0,Expense,0
2015-02-23,2015,2,February,23,Monday,1,Cash,Apparel,1,Footwear,shoe polish,20.0,Expense,0
2015-05-08,2015,5,May,8,Friday,2,Cash,Food,18,Milk,milk half shakti,26.0,Expense,0
2018-01-14,2018,1,January,14,Sunday,1,Credit Card,Household,24,Hardware,Vibrating electronic message tool,798.0,Expense,0
2017-02-28,2017,2,February,28,Tuesday,1,Cash,Transportation,48,auto,share auto - mumbai University Kalina to Santacruz station,40.0,Expense,0
2017-05-01,2017,5,May,1,Monday,2,Cash,Transportation,48,auto,2 Current Residence to Place 0,30.0,Expense,0
2017-08-11,2017,8,August,11,Friday,3,Cash,Gift,20,Unknown,Rakshabandhan ovalini,500.0,Expense,0
2018-07-28,2018,7,July,28,Saturday,3,Credit Card,Household,24,Kirana,Supermart,3750.0,Expense,0
2016-09-07,2016,9,September,7,Wednesday,3,Cash,Food,18,Eggs,1 dozen,72.0,Expense,0
2018-05-13,2018,5,May,13,Sunday,2,Saving Bank Account 1,Small Cap Fund 2,43,Unknown,Unknown,5000.0,Transfer-Out,2
2015-01-04,2015,1,January,4,Sunday,1,Saving Bank Account 1,Other,31,Unknown,Public Provident Fund,10000.0,Expense,0
2015-11-26,2015,11,November,26,Thursday,4,Saving Bank Account 1,Other,31,Unknown,audible subscription,199.0,Expense,0
2016-12-08,2016,12,December,8,Thursday,4,Saving Bank Account 1,Other,31,Unknown,OTT Platform 1 subscription,199.0,Expense,0
2017-05-11,2017,5,May,11,Thursday,2,Saving Bank Account 1,Food,18,Lunch,Full egg fried rice 100 + chicken lollypop 4 pcs 130,233.0,Expense,0
2018-01-06,2018,1,January,6,Saturday,1,Saving Bank Account 1,Household,24,Appliances,5 litres can Distilled water,100.0,Expense,0
2018-04-12,2018,4,April,12,Thursday,2,Cash,Food,18,Lunch,Catering Service,130.0,Expense,0
2017-06-01,2017,6,June,1,Thursday,2,Saving Bank Account 1,Public Provident Fund,33,Unknown,Unknown,10000.0,Transfer-Out,2
2017-08-18,2017,8,August,18,Friday,3,Cash,Family,15,Pocket money,Unknown,100.0,Expense,0
2016-06-23,2016,6,June,23,Thursday,2,Saving Bank Account 1,Subscription,45,Amazon Prime,Amazon prime subscription,995.0,Expense,0
2016-02-08,2016,2,February,8,Monday,1,Saving Bank Account 1,Investment,26,Mutual fund,Mutual fund B,1000.0,Expense,0
2018-06-28,2018,6,June,28,Thursday,2,Credit Card,Apparel,1,Footwear,Mast & Harbour Slides,64.82,Expense,0
2017-09-14,2017,9,September,14,Thursday,3,Credit Card,Food,18,Lunch,Unknown,282.0,Expense,0
2018-07-26,2018,7,July,26,Thursday,3,Cash,Food,18,Biscuits,Toast packet,40.0,Expense,0
2018-05-12,2018,5,May,12,Saturday,2,Credit Card,Food,18,Dinner,Domino's Pizza,437.0,Expense,0
2017-03-01,2017,3,March,1,Wednesday,1,Saving Bank Account 1,Public Provident Fund,33,Unknown,Unknown,10000.0,Transfer-Out,2
2016-03-11,2016,3,March,11,Friday,1,Cash,Education,8,School supplies,Gel pens,20.0,Expense,0
2018-05-14,2018,5,May,14,Monday,2,Saving Bank Account 1,Food,18,fruits,2 dozens mango + 1kg litchi,1250.0,Expense,0
2017-11-03,2017,11,November,3,Friday,4,Saving Bank Account 1,Subscription,45,Edtech Course,Unknown,2700.0,Expense,0
2016-11-19,2016,11,November,19,Saturday,4,Cash,Other,31,Unknown,Sayaji baug express (50/adult),100.0,Expense,0
2018-04-13,2018,4,April,13,Friday,2,Cash,Health,23,Lab Tests,Family Thyroid Test + CBC,700.0,Expense,0
2016-09-09,2016,9,September,9,Friday,3,Cash,Food,18,Milk,1lit buffalo milk,70.0,Expense,0
2017-03-31,2017,3,March,31,Friday,1,Cash,Transportation,48,Taxi,Dadar West to siddhivinayak,30.0,Expense,0
2017-06-10,2017,6,June,10,Saturday,2,Saving Bank Account 1,Subscription,45,Newspaper,TOI,170.0,Expense,0
2018-05-12,2018,5,May,12,Saturday,2,Saving Bank Account 1,Food,18,Milk,milk 1lit,72.0,Expense,0
2015-10-18,2015,10,October,18,Sunday,4,Saving Bank Account 1,Transportation,48,Taxi,Ola - Place 1 to Place 5 to and fro,803.0,Expense,0
2017-06-26,2017,6,June,26,Monday,2,Saving Bank Account 1,Food,18,Milk,milk 1lit,64.0,Expense,0
2017-11-26,2017,11,November,26,Sunday,4,Cash,Transportation,48,auto,Place 6 station to eye institute,40.0,Expense,0
2018-03-22,2018,3,March,22,Thursday,1,Cash,Food,18,Milk,milk 1lit,72.0,Expense,0
2016-12-25,2016,12,December,25,Sunday,4,Saving Bank Account 1,Subscription,45,Mobile Service Provider,Mobile Service Provider recharge wfh,301.0,Expense,0
2017-10-02,2017,10,October,2,Monday,4,Credit Card,Household,24,Kirana,Supermart,3055.0,Expense,0
2017-03-13,2017,3,March,13,Monday,1,Cash,Household,24,Hardware,Wall hanging clipboard,400.0,Expense,0
2017-12-01,2017,12,December,1,Friday,4,Saving Bank Account 1,Gpay Reward,21,Unknown,Unknown,6.0,Income,1
2018-08-15,2018,8,August,15,Wednesday,3,Cash,Food,18,Sweets,Warna Srikhand half kg,290.0,Expense,0
2017-02-28,2017,2,February,28,Tuesday,1,Cash,Food,18,breakfast,sugarcane juice 2,30.0,Expense,0
2016-07-20,2016,7,July,20,Wednesday,3,Saving Bank Account 1,Subscription,45,Mobile Service Provider,Mobile Service Provider recharge 365 days,2599.0,Expense,0
2015-01-02,2015,1,January,2,Friday,1,Saving Bank Account 1,Other,31,Unknown,Permanent Residence money transfer,10000.0,Expense,0
2015-01-10,2015,1,January,10,Saturday,1,Cash,Transportation,48,Unknown,auto -hospital to bridge,50.0,Expense,0
2018-06-24,2018,6,June,24,Sunday,2,Credit Card,Subscription,45,Tata Sky,Permanent Residence - Tata Play recharge,157.0,Expense,0
2015-05-03,2015,5,May,3,Sunday,2,Cash,Cook,4,Unknown,Unknown,5000.0,Expense,0
2017-02-21,2017,2,February,21,Tuesday,1,Cash,Food,18,snacks,pav vada,10.0,Expense,0
2015-01-27,2015,1,January,27,Tuesday,1,Cash,Food,18,Unknown,chana chat,15.0,Expense,0
2015-03-10,2015,3,March,10,Tuesday,1,Saving Bank Account 1,Transportation,48,train,train - ddr to brc cancellation charges,11.8,Expense,0
2016-09-08,2016,9,September,8,Thursday,3,Cash,Food,18,Grocery,bread,20.0,Expense,0
2016-06-27,2016,6,June,27,Monday,2,Saving Bank Account 1,Subscription,45,Mobile Service Provider,Unknown,251.0,Expense,0
2017-08-28,2017,8,August,28,Monday,3,Cash,Food,18,snacks,2 chips packets,20.0,Expense,0
2018-04-07,2018,4,April,7,Saturday,2,Cash,Food,18,Milk,Half lit  milk,36.0,Expense,0
2017-12-31,2017,12,December,31,Sunday,4,Saving Bank Account 1,Interest,25,Unknown,interest paid,594.0,Income,1
2017-04-10,2017,4,April,10,Monday,2,Saving Bank Account 1,Equity Mutual Fund F,14,Unknown,Unknown,1000.0,Transfer-Out,2
2017-07-09,2017,7,July,9,Sunday,3,Saving Bank Account 1,Food,18,snacks,Vadapav,20.0,Expense,0
2018-05-07,2018,5,May,7,Monday,2,Credit Card,Household,24,Toiletries,Handwash container2 + window cleaner,1086.0,Expense,0
2016-02-22,2016,2,February,22,Monday,1,Saving Bank Account 1,Subscription,45,Kindle unlimited,kindle unlimited,169.0,Expense,0
2018-08-01,2018,8,August,1,Wednesday,3,Saving Bank Account 1,Public Provident Fund,33,Unknown,Unknown,12500.0,Transfer-Out,2
2017-07-07,2017,7,July,7,Friday,3,Saving Bank Account 1,Equity Mutual Fund E,13,Unknown,Unknown,1000.0,Transfer-Out,2
2017-06-08,2017,6,June,8,Thursday,2,Saving Bank Account 1,Food,18,Eggs,6 pcs,35.0,Expense,0
2017-07-09,2017,7,July,9,Sunday,3,Credit Card,Household,24,Kirana,Unknown,2923.0,Expense,0
2018-02-13,2018,2,February,13,Tuesday,1,Saving Bank Account 1,Small Cap Fund 2,43,Unknown,Unknown,5000.0,Transfer-Out,2
2017-07-10,2017,7,July,10,Monday,3,Saving Bank Account 1,Equity Mutual Fund F,14,Unknown,Unknown,1000.0,Transfer-Out,2
2015-11-01,2015,11,November,1,Sunday,4,Saving Bank Account 1,Money Transfer,30,Unknown,Unknown,10000.0,Expense,0
2015-08-28,2015,8,August,28,Friday,3,Saving Bank Account 1,Other,31,Unknown,audible subscription,199.0,Expense,0
2018-07-01,2018,7,July,1,Sunday,3,Credit Card,Transportation,48,Travels,2 Place 2 to Place 1 - Shree Sharma Travels,1890.0,Expense,0
2016-09-11,2016,9,September,11,Sunday,3,Cash,Transportation,48,auto,meghdoot to plaza,20.0,Expense,0
2017-11-12,2017,11,November,12,Sunday,4,Cash,Transportation,48,Train,Place 0 to Place P return,40.0,Expense,0
2017-05-28,2017,5,May,28,Sunday,2,Cash,Food,18,Grocery,Unknown,30.0,Expense,0
2016-10-05,2016,10,October,5,Wednesday,4,Saving Bank Account 1,Investment,26,Mutual fund,Unknown,1000.0,Expense,0
2017-01-02,2017,1,January,2,Monday,1,Cash,Transportation,48,auto,Current Residence to Place 0,60.0,Expense,0
2018-02-19,2018,2,February,19,Monday,1,Saving Bank Account 1,Beauty,2,grooming,hair cut+shaving,170.0,Expense,0
2017-03-22,2017,3,March,22,Wednesday,1,Cash,Household,24,Furniture,Mattress advance,500.0,Expense,0
2016-09-10,2016,9,September,10,Saturday,3,Saving Bank Account 1,Investment,26,RD,Unknown,1000.0,Expense,0
2016-01-05,2016,1,January,5,Tuesday,1,Saving Bank Account 1,Investment,26,Mutual fund,Mutual fund A,1000.0,Expense,0
2015-12-07,2015,12,December,7,Monday,4,Saving Bank Account 1,Investment,26,Mutual fund,reliance mutual fund,1000.0,Expense,0
2018-07-09,2018,7,July,9,Monday,3,Cash,Food,18,Biscuits,Toast packet,20.0,Expense,0
2015-01-15,2015,1,January,15,Thursday,1,Cash,Food,18,Unknown,Ratri Bazar,155.0,Expense,0
2017-07-09,2017,7,July,9,Sunday,3,Saving Bank Account 1,Transportation,48,Bus,2 Place 3m to Mumbai vidyapeeth,12.0,Expense,0
2017-08-17,2017,8,August,17,Thursday,3,Cash,Household,24,Kirana,Sugar 1kg Rs.55 + shengdana Rs.33,88.0,Expense,0
2015-07-01,2015,7,July,1,Wednesday,3,Saving Bank Account 1,Money Transfer,30,Unknown,Unknown,10000.0,Expense,0
2015-04-18,2015,4,April,18,Saturday,2,Saving Bank Account 1,Other,31,Unknown,hair oil,180.0,Expense,0
2018-09-05,2018,9,September,5,Wednesday,3,Cash,Food,18,snacks,Shev Puri,40.0,Expense,0
2018-07-08,2018,7,July,8,Sunday,3,Saving Bank Account 1,Transportation,48,Taxi,To and Fro Cab Fare Contribution,675.0,Expense,0
2017-01-29,2017,1,January,29,Sunday,1,Cash,Transportation,48,auto,within city,30.0,Expense,0
2015-01-26,2015,1,January,26,Monday,1,Cash,Food,18,Unknown,milk half shakti,26.0,Expense,0
2015-02-12,2015,2,February,12,Thursday,1,Cash,Food,18,Unknown,tea,12.0,Expense,0
2016-12-05,2016,12,December,5,Monday,4,Saving Bank Account 1,Investment,26,Mutual fund,Unknown,1000.0,Expense,0
2016-08-31,2016,8,August,31,Wednesday,3,Saving Bank Account 1,Salary,36,Unknown,From workplace,63894.0,Income,1
2016-01-10,2016,1,January,10,Sunday,1,Cash,Household,24,Kitchen,chalk for ants,15.0,Expense,0
2015-04-13,2015,4,April,13,Monday,2,Saving Bank Account 1,Recurring Deposit,34,Unknown,Unknown,1000.0,Expense,0
2018-05-01,2018,5,May,1,Tuesday,2,Saving Bank Account 1,Health,23,Medicine,Refresh Tears Drop,122.0,Expense,0
2018-04-15,2018,4,April,15,Sunday,2,Credit Card,Household,24,Kitchen,"Vessels for sugar, coffee and tea",799.0,Expense,0
2018-02-05,2018,2,February,5,Monday,1,Saving Bank Account 1,Food,18,Grocery,Raw chicken half kg,220.0,Expense,0
2016-04-01,2016,4,April,1,Friday,2,Saving Bank Account 1,Investment,26,Public Provident Fund,Unknown,10000.0,Expense,0
2018-05-04,2018,5,May,4,Friday,2,Saving Bank Account 1,Food,18,Milk,milk 1lit,72.0,Expense,0
2018-05-11,2018,5,May,11,Friday,2,Cash,Food,18,Rajgira ladu,1 packet,20.0,Expense,0
2017-12-10,2017,12,December,10,Sunday,4,Saving Bank Account 1,Food,18,Lunch,Catering Service,65.0,Expense,0
2017-03-22,2017,3,March,22,Wednesday,1,Cash,Transportation,48,auto,within city,33.0,Expense,0
2016-10-27,2016,10,October,27,Thursday,4,Saving Bank Account 1,Family,15,gift,Undated Planner - June shop,1119.2,Expense,0
2017-07-05,2017,7,July,5,Wednesday,3,Saving Bank Account 1,Equity Mutual Fund A,9,Unknown,Lumpsum,50000.0,Transfer-Out,2
2017-05-07,2017,5,May,7,Sunday,2,Saving Bank Account 1,Subscription,45,Mobile Service Provider,No daily limit plan ( 25 GB 30 days),296.0,Expense,0
2016-03-08,2016,3,March,8,Tuesday,1,Saving Bank Account 1,Investment,26,Mutual fund,Mutual fund B,1000.0,Expense,0
2017-02-25,2017,2,February,25,Saturday,1,Saving Bank Account 1,Household,24,Appliances,exide inverter battery 150amp,8500.0,Expense,0
2017-04-05,2017,4,April,5,Wednesday,2,Saving Bank Account 1,Equity Mutual Fund A,9,Unknown,Unknown,1000.0,Transfer-Out,2
2017-08-19,2017,8,August,19,Saturday,3,Saving Bank Account 1,Subscription,45,Tata Sky,Current Residence - Tata Play recharge,217.0,Expense,0
2016-12-04,2016,12,December,4,Sunday,4,Cash,Food,18,vegetables,tomato,30.0,Expense,0
2017-02-05,2017,2,February,5,Sunday,1,Cash,Transportation,48,auto,within city,40.0,Expense,0
2018-09-11,2018,9,September,11,Tuesday,3,Saving Bank Account 1,Food,18,Lunch,Home Food Delivery,650.0,Expense,0
2017-05-17,2017,5,May,17,Wednesday,2,Saving Bank Account 1,Food,18,Ice cream,Vanila family pack,99.0,Expense,0
2018-02-17,2018,2,February,17,Saturday,1,Credit Card,Food,18,Dinner,BBQ,1783.0,Expense,0
2018-03-25,2018,3,March,25,Sunday,1,Saving Bank Account 1,Dividend Earned On Shares,6,Unknown,Marico Stocks,40.5,Income,1
2017-01-01,2017,1,January,1,Sunday,1,Saving Bank Account 1,Household,24,Kitchen,Channi + viper+ ghasni,50.0,Expense,0
2018-05-01,2018,5,May,1,Tuesday,2,Saving Bank Account 1,Public Provident Fund,33,Unknown,Unknown,12500.0,Transfer-Out,2
2016-11-21,2016,11,November,21,Monday,4,Cash,Transportation,48,auto,within city,70.0,Expense,0
2017-07-26,2017,7,July,26,Wednesday,3,Saving Bank Account 1,Tax Refund,46,Unknown,Unknown,19350.0,Income,1
2017-03-30,2017,3,March,30,Thursday,1,Saving Bank Account 1,Household,24,Kirana,Unknown,245.0,Expense,0
2017-12-01,2017,12,December,1,Friday,4,Share Market Trading,Saving Bank Account 1,37,Unknown,Fund Withdrawal,100000.0,Transfer-Out,2
2017-11-26,2017,11,November,26,Sunday,4,Credit Card,Health,23,Medicine,eye drop,159.0,Expense,0
2018-04-03,2018,4,April,3,Tuesday,2,Equity Mutual Fund B,Saving Bank Account 1,37,Unknown,Unknown,2000.0,Transfer-Out,2
2017-04-04,2017,4,April,4,Tuesday,2,Saving Bank Account 1,Food,18,Ice cream,chocobar (25)+ chocolate cup (20),45.0,Expense,0
2017-03-05,2017,3,March,5,Sunday,1,Cash,Transportation,48,auto,Place 0 to sec 21,30.0,Expense,0
2018-01-04,2018,1,January,4,Thursday,1,Cash,Household,24,Kirana,Cockroach injection,270.0,Expense,0
2017-12-03,2017,12,December,3,Sunday,4,Cash,Other,31,Unknown,2 kg soil,20.0,Expense,0
2015-11-14,2015,11,November,14,Saturday,4,Cash,Other,31,Unknown,flowers (.5kg)+sweets (.25gm+10/-)+vegetables (1.5kg),310.0,Expense,0
2018-05-19,2018,5,May,19,Saturday,2,Cash,Household,24,Kitchen,flour mill,25.0,Expense,0
2015-10-25,2015,10,October,25,Sunday,4,Cash,Household,24,Kitchen,Sapat Parivar Tea half kg,240.0,Expense,0
2017-03-07,2017,3,March,7,Tuesday,1,Saving Bank Account 1,Food,18,Ice cream,vanilla ice cream cups 2,20.0,Expense,0
2018-03-25,2018,3,March,25,Sunday,1,Credit Card,Food,18,Tea,IKEA tea 3,240.0,Expense,0
2016-10-12,2016,10,October,12,Wednesday,4,Saving Bank Account 1,Food,18,Grocery,coconut,150.0,Expense,0
2018-04-14,2018,4,April,14,Saturday,2,Saving Bank Account 1,Food,18,Biscuits,Khari packet,45.0,Expense,0
2017-07-30,2017,7,July,30,Sunday,3,Saving Bank Account 1,Salary,36,Unknown,From workplace,61578.0,Income,1
2018-09-13,2018,9,September,13,Thursday,3,Credit Card,Other,31,Unknown,HBR 2 Months subscription,83.0,Expense,0
2016-11-19,2016,11,November,19,Saturday,4,Cash,Food,18,beverage,lemon juice ( 20/person),40.0,Expense,0
2018-04-30,2018,4,April,30,Monday,2,Cash,Food,18,snacks,6 kachori,72.0,Expense,0
2018-05-05,2018,5,May,5,Saturday,2,Cash,Family,15,Pocket money,Unknown,600.0,Expense,0
2018-03-20,2018,3,March,20,Tuesday,1,Credit Card,Food,18,Dinner,2 Fried rice,246.0,Expense,0
2018-07-31,2018,7,July,31,Tuesday,3,Saving Bank Account 1,Salary,36,Unknown,From workplace,70255.0,Income,1
2016-07-13,2016,7,July,13,Wednesday,3,Cash,Health,23,Medicine,citrizen + crocine,10.0,Expense,0
2018-07-26,2018,7,July,26,Thursday,3,Saving Bank Account 1,Tax Refund,46,Unknown,Unknown,6780.0,Income,1
2017-01-19,2017,1,January,19,Thursday,1,Saving Bank Account 1,Family,15,medicine,syrup,145.0,Expense,0
2017-02-06,2017,2,February,6,Monday,1,Cash,Food,18,fruits,half kg chiku,30.0,Expense,0
2016-07-05,2016,7,July,5,Tuesday,3,Saving Bank Account 1,Subscription,45,Mobile Service Provider,Unknown,251.0,Expense,0
2017-01-03,2017,1,January,3,Tuesday,1,Cash,Culture,5,Movie,Imax 3D,400.0,Expense,0
2015-03-23,2015,3,March,23,Monday,1,Cash,Water,49,Unknown,refilling,20.0,Expense,0
2018-07-28,2018,7,July,28,Saturday,3,Cash,Family,15,Pocket money,Unknown,200.0,Expense,0
2017-05-09,2017,5,May,9,Tuesday,2,Cash,Food,18,Tea,Unknown,10.0,Expense,0
2015-03-01,2015,3,March,1,Sunday,1,Cash,Food,18,fruits,bananas,20.0,Expense,0
2015-03-06,2015,3,March,6,Friday,1,Cash,Transportation,48,auto,to office,10.0,Expense,0
2017-11-18,2017,11,November,18,Saturday,4,Saving Bank Account 1,Food,18,Eggs,6 eggs,39.0,Expense,0
2018-01-01,2018,1,January,1,Monday,1,Saving Bank Account 1,Money Transfer,30,Home,Unknown,30000.0,Expense,0
2017-08-17,2017,8,August,17,Thursday,3,Cash,Food,18,snacks,2 Bhaji pav + 1 vadapav,45.0,Expense,0
2017-10-24,2017,10,October,24,Tuesday,4,Cash,Food,18,snacks,Dahi,10.0,Expense,0
2017-02-28,2017,2,February,28,Tuesday,1,Cash,Transportation,48,Bus,BEST 138 - Marine drive to Place 3m,12.0,Expense,0
2017-09-11,2017,9,September,11,Monday,3,Saving Bank Account 1,Transportation,48,Travels,2 Place 1 to Place 2 - Novelty tour and travels,2598.0,Expense,0
2018-01-25,2018,1,January,25,Thursday,1,Cash,Food,18,Lunch,Catering Service,70.0,Expense,0
2017-03-14,2017,3,March,14,Tuesday,1,Cash,Household,24,Hardware,2 bath stool,300.0,Expense,0
2017-01-02,2017,1,January,2,Monday,1,Cash,Household,24,Kitchen,belan,110.0,Expense,0
2017-11-12,2017,11,November,12,Sunday,4,Credit Card,Other,31,Unknown,Shopping at Alfa,3690.0,Expense,0
2017-05-11,2017,5,May,11,Thursday,2,Saving Bank Account 1,Subscription,45,Tata Sky,Unknown,230.0,Expense,0
2015-05-03,2015,5,May,3,Sunday,2,Saving Bank Account 1,Public Provident Fund,33,Unknown,April -May 10k contribution,20000.0,Expense,0
2018-02-04,2018,2,February,4,Sunday,1,Saving Bank Account 1,Food,18,Lunch,Catering Service,50.0,Expense,0
2018-08-05,2018,8,August,5,Sunday,3,Credit Card,Health,23,Health,eyewear Glasses payment remaining,4300.0,Expense,0
2017-12-25,2017,12,December,25,Monday,4,Credit Card,Subscription,45,Tata Sky,Permanent Residence - Tata Play recharge,156.0,Expense,0
2017-02-07,2017,2,February,7,Tuesday,1,Saving Bank Account 1,Equity Mutual Fund E,13,Unknown,Unknown,1000.0,Transfer-Out,2
2015-01-13,2015,1,January,13,Tuesday,1,Cash,Food,18,Unknown,tea,10.0,Expense,0
2015-03-19,2015,3,March,19,Thursday,1,Cash,Household,24,Kitchen,cooker ring,50.0,Expense,0
2017-08-01,2017,8,August,1,Tuesday,3,Saving Bank Account 1,Money Transfer,30,Home,Unknown,10000.0,Expense,0
2017-03-12,2017,3,March,12,Sunday,1,Cash,Food,18,beverage,2 sugarcane juice,40.0,Expense,0
2017-05-15,2017,5,May,15,Monday,2,Cash,Food,18,Dinner,Veg cheese grill sandwich,100.0,Expense,0
2018-02-08,2018,2,February,8,Thursday,1,Saving Bank Account 1,Food,18,Onions,onion 1 kg,25.0,Expense,0
2017-01-05,2017,1,January,5,Thursday,1,Saving Bank Account 1,Recurring Deposit,34,Unknown,Unknown,1000.0,Transfer-Out,2
2015-07-06,2015,7,July,6,Monday,3,Saving Bank Account 1,Recurring Deposit,34,Unknown,Unknown,1000.0,Expense,0
2018-02-27,2018,2,February,27,Tuesday,1,Credit Card,Household,24,Kirana,Idli pith 1kg,38.0,Expense,0
2017-08-05,2017,8,August,5,Saturday,3,Saving Bank Account 1,Health,23,Medicine,Cinarest,27.0,Expense,0
2015-05-05,2015,5,May,5,Tuesday,2,Saving Bank Account 1,Investment,26,Mutual fund,ICICI prudential,1000.0,Expense,0
2017-03-30,2017,3,March,30,Thursday,1,Saving Bank Account 1,Interest,25,Unknown,interest paid,508.0,Income,1
2018-05-14,2018,5,May,14,Monday,2,Cash,Transportation,48,auto,Place 2 station to Permanent Residence,50.0,Expense,0
2018-08-14,2018,8,August,14,Tuesday,3,Cash,Apparel,1,Laundry,8 clothes ironing,56.0,Expense,0
2018-08-17,2018,8,August,17,Friday,3,Saving Bank Account 1,Dividend Earned On Shares,6,Unknown,Pidilite Stocks,22.0,Income,1
2017-10-04,2017,10,October,4,Wednesday,4,Cash,Family,15,Pocket money,Unknown,400.0,Expense,0
2017-12-06,2017,12,December,6,Wednesday,4,Saving Bank Account 1,Food,18,Lunch,Catering Service,125.0,Expense,0
2017-09-06,2017,9,September,6,Wednesday,3,Cash,Other,31,Unknown,Pant chain repair,20.0,Expense,0
2015-01-21,2015,1,January,21,Wednesday,1,Cash,Food,18,Unknown,grocery,120.0,Expense,0
2017-03-10,2017,3,March,10,Friday,1,Saving Bank Account 1,Equity Mutual Fund F,14,Unknown,Unknown,1000.0,Transfer-Out,2
2018-02-24,2018,2,February,24,Saturday,1,Saving Bank Account 1,Food,18,Bread,Flatbread 12 pcs,40.0,Expense,0
2017-12-31,2017,12,December,31,Sunday,4,Saving Bank Account 1,Salary,36,Unknown,From workplace,64623.0,Income,1
2017-05-01,2017,5,May,1,Monday,2,Saving Bank Account 1,Money Transfer,30,Unknown,Unknown,10000.0,Expense,0
2017-04-07,2017,4,April,7,Friday,2,Saving Bank Account 1,Equity Mutual Fund E,13,Unknown,Unknown,1000.0,Transfer-Out,2
2018-05-14,2018,5,May,14,Monday,2,Cash,Other,31,Unknown,Digilock room charges,40.0,Expense,0
2016-11-05,2016,11,November,5,Saturday,4,Saving Bank Account 1,Investment,26,RD,RD,1000.0,Expense,0
2018-06-27,2018,6,June,27,Wednesday,2,Saving Bank Account 1,Other,31,Unknown,From Family,3000.0,Income,1
2017-09-09,2017,9,September,9,Saturday,3,Cash,Health,23,Medicine,V-wash,45.0,Expense,0
2017-02-27,2017,2,February,27,Monday,1,Saving Bank Account 1,Food,18,Milk,milk 1lit  + amul butter milk,76.0,Expense,0
2018-02-02,2018,2,February,2,Friday,1,Saving Bank Account 1,Food,18,Lunch,Catering Service,82.0,Expense,0
2018-04-05,2018,4,April,5,Thursday,2,Cash,Household,24,Kirana,Idli pith 1kg,38.0,Expense,0
2018-02-11,2018,2,February,11,Sunday,1,Cash,Food,18,Dinner,pav Bhaji,235.0,Expense,0
2017-10-29,2017,10,October,29,Sunday,4,Saving Bank Account 1,Subscription,45,Mobile Service Provider,Mobile Service Provider freedom pack,296.0,Expense,0
2015-12-20,2015,12,December,20,Sunday,4,Saving Bank Account 1,Gift,20,Unknown,secret Santa - diary,465.0,Expense,0
2016-09-08,2016,9,September,8,Thursday,3,Saving Bank Account 1,Food,18,beverage,cold coffee,30.0,Expense,0
2018-06-29,2018,6,June,29,Friday,2,Cash,Household,24,Kitchen,Math tap repair,50.0,Expense,0
2018-02-01,2018,2,February,1,Thursday,1,Saving Bank Account 1,Food,18,fruits,8 bananas,30.0,Expense,0
2017-12-28,2017,12,December,28,Thursday,4,Cash,Food,18,vegetables,Ginger,10.0,Expense,0
2016-08-22,2016,8,August,22,Monday,3,Saving Bank Account 1,Festivals,16,Rakshabandhan,rakshabandhan ovalni,500.0,Expense,0
2018-01-26,2018,1,January,26,Friday,1,Cash,Household,24,Kirana,Idli pith 1kg,38.0,Expense,0
2018-02-16,2018,2,February,16,Friday,1,Saving Bank Account 1,Food,18,Biscuits,Khari packet,45.0,Expense,0
2018-05-02,2018,5,May,2,Wednesday,2,Saving Bank Account 1,Food,18,fruits,Mango 1.5 kg,280.0,Expense,0
2016-01-22,2016,1,January,22,Friday,1,Saving Bank Account 1,Subscription,45,Kindle unlimited,kindle unlimited,169.0,Expense,0
2015-10-30,2015,10,October,30,Friday,4,Cash,Transportation,48,auto,Permanent Residence to kacheri,30.0,Expense,0
2017-10-26,2017,10,October,26,Thursday,4,Cash,Transportation,48,auto,within city,50.0,Expense,0
2018-08-21,2018,8,August,21,Tuesday,3,Cash,Food,18,Milk,Half lit  milk,36.0,Expense,0
2017-01-15,2017,1,January,15,Sunday,1,Cash,Food,18,Grocery,chole + shev,140.0,Expense,0
2017-12-01,2017,12,December,1,Friday,4,Equity Mutual Fund B,Saving Bank Account 1,37,Unknown,Unknown,2000.0,Transfer-Out,2
2018-06-27,2018,6,June,27,Wednesday,2,Cash,Household,24,gadgets,Mobile cover real mi note pro,100.0,Expense,0
2015-01-14,2015,1,January,14,Wednesday,1,Cash,Food,18,Unknown,Lunch - chicken fried rice + chicken soup,120.0,Expense,0
2017-09-17,2017,9,September,17,Sunday,3,Saving Bank Account 1,Food,18,Bread,Unknown,35.0,Expense,0
2017-11-19,2017,11,November,19,Sunday,4,Cash,Transportation,48,auto,2 Place 0 to Current Residence,30.0,Expense,0
2018-07-07,2018,7,July,7,Saturday,3,Saving Bank Account 1,Equity Mutual Fund E,13,Unknown,Unknown,1000.0,Transfer-Out,2
2017-06-17,2017,6,June,17,Saturday,2,Saving Bank Account 1,Food,18,Milk,milk 1lit,64.0,Expense,0
2018-02-13,2018,2,February,13,Tuesday,1,Saving Bank Account 1,Food,18,Bread,Bread,35.0,Expense,0
2016-11-03,2016,11,November,3,Thursday,4,Cash,Food,18,Grocery,butter + frozen vatana+ 9 pan,240.0,Expense,0
2018-05-26,2018,5,May,26,Saturday,2,Cash,Transportation,48,auto,Permanent Residence to Motor Driving school,50.0,Expense,0
2018-02-22,2018,2,February,22,Thursday,1,Saving Bank Account 1,Food,18,Onions,onion 1 kg,20.0,Expense,0
2016-09-13,2016,9,September,13,Tuesday,3,Cash,Food,18,snacks,brownie,70.0,Expense,0
2015-05-31,2015,5,May,31,Sunday,2,Saving Bank Account 1,Household,24,Appliances,electricity bill,2671.0,Expense,0
2015-06-10,2015,6,June,10,Wednesday,2,Saving Bank Account 1,Other,31,Unknown,Tambola,50.0,Expense,0
2017-12-01,2017,12,December,1,Friday,4,Saving Bank Account 1,Recurring Deposit,34,Unknown,Unknown,1000.0,Transfer-Out,2
2017-02-19,2017,2,February,19,Sunday,1,Cash,Money Transfer,30,Unknown,To Family,23.0,Expense,0
2018-09-06,2018,9,September,6,Thursday,3,Cash,Food,18,snacks,Amul butter,55.0,Expense,0
2017-05-18,2017,5,May,18,Thursday,2,Cash,Beauty,2,grooming,Shaving,50.0,Expense,0
2017-09-01,2017,9,September,1,Friday,3,Cash,Maid,28,Unknown,Unknown,820.0,Expense,0
2016-11-03,2016,11,November,3,Thursday,4,Saving Bank Account 1,Bonus,3,Unknown,Diwali gift,1500.0,Income,1
2018-04-03,2018,4,April,3,Tuesday,2,Saving Bank Account 1,Public Provident Fund,33,Unknown,Unknown,12500.0,Transfer-Out,2
2017-06-08,2017,6,June,8,Thursday,2,Cash,Transportation,48,auto,2 Current Residence to Place 0,30.0,Expense,0
2018-02-11,2018,2,February,11,Sunday,1,Cash,Transportation,48,auto,Current Residence to Place 0,15.0,Expense,0
2017-04-03,2017,4,April,3,Monday,2,Saving Bank Account 1,Subscription,45,Edtech Course,Unknown,2700.1,Expense,0
2017-05-16,2017,5,May,16,Tuesday,2,Saving Bank Account 1,Food,18,Lunch,Non veg combo meal,234.0,Expense,0
2018-08-07,2018,8,August,7,Tuesday,3,Saving Bank Account 1,Equity Mutual Fund E,13,Unknown,Unknown,1000.0,Transfer-Out,2
2017-04-21,2017,4,April,21,Friday,2,Saving Bank Account 1,Subscription,45,Cable TV,Monthly recharge,261.0,Expense,0
2017-07-04,2017,7,July,4,Tuesday,3,Saving Bank Account 1,Transportation,48,auto,Place 1 bridge to Current Residence 2 seats,60.0,Expense,0
2016-10-28,2016,10,October,28,Friday,4,Cash,Transportation,48,auto,Permanent Residence to pathology,40.0,Expense,0
2017-05-03,2017,5,May,3,Wednesday,2,Saving Bank Account 1,Gift,20,Unknown,Decathlon shoes,1811.0,Expense,0
2018-05-14,2018,5,May,14,Monday,2,Saving Bank Account 1,Amazon Pay Cashback,0,Unknown,Unknown,21.0,Income,1
2017-08-17,2017,8,August,17,Thursday,3,Cash,Maid,28,Unknown,Unknown,1020.0,Expense,0
2016-12-03,2016,12,December,3,Saturday,4,Cash,Food,18,chocolate,2 milkybar,20.0,Expense,0
2016-04-07,2016,4,April,7,Thursday,2,Saving Bank Account 1,Investment,26,Mutual fund,Mutual fund B,1000.0,Expense,0
2017-08-02,2017,8,August,2,Wednesday,3,Saving Bank Account 1,Subscription,45,Edtech Course,Unknown,2700.0,Expense,0
2015-03-03,2015,3,March,3,Tuesday,1,Cash,Maid,28,Unknown,Unknown,333.0,Expense,0
2015-03-25,2015,3,March,25,Wednesday,1,Cash,Water,49,Unknown,Unknown,20.0,Expense,0
2017-09-30,2017,9,September,30,Saturday,3,Saving Bank Account 1,Household,24,Kirana,Supermart,155.0,Expense,0
2018-03-20,2018,3,March,20,Tuesday,1,Credit Card,Food,18,snacks,Chicken lollypop 8 pcs,215.75,Expense,0
2017-05-03,2017,5,May,3,Wednesday,2,Cash,Transportation,48,Train,Place 0 to Place 6 return,10.0,Expense,0
2015-08-31,2015,8,August,31,Monday,3,Saving Bank Account 1,Money Transfer,30,Unknown,Unknown,10000.0,Expense,0
2015-08-03,2015,8,August,3,Monday,3,Saving Bank Account 1,Maid,28,Unknown,Unknown,333.0,Expense,0
2018-03-08,2018,3,March,8,Thursday,1,Saving Bank Account 1,Apparel,1,Laundry,clothes ironing,91.0,Expense,0
2018-08-13,2018,8,August,13,Monday,3,Cash,Food,18,Ice cream,chocobar,20.0,Expense,0
2015-04-18,2015,4,April,18,Saturday,2,Saving Bank Account 1,Food,18,Grocery,snacks,324.0,Expense,0
2018-08-31,2018,8,August,31,Friday,3,Credit Card,Food,18,Dinner,Domino's Pizza,510.85,Expense,0
2016-02-14,2016,2,February,14,Sunday,1,Cash,Food,18,Grocery,bread (10)+Cadbury(10)+ cheese + myvaneese+pav bhaji masala,165.0,Expense,0
2017-11-02,2017,11,November,2,Thursday,4,Cash,Food,18,snacks,2 pavwada,20.0,Expense,0
2015-05-14,2015,5,May,14,Thursday,2,Saving Bank Account 1,Other,31,Unknown,internet renewal (3 months pack),1450.0,Expense,0
2018-04-05,2018,4,April,5,Thursday,2,Cash,Food,18,Lunch,Catering Service,130.0,Expense,0
2018-06-24,2018,6,June,24,Sunday,2,Saving Bank Account 1,Food,18,breakfast,Bread,18.0,Expense,0
2017-02-27,2017,2,February,27,Monday,1,Cash,Transportation,48,auto,Current Residence to Place 0,30.0,Expense,0
2017-07-24,2017,7,July,24,Monday,3,Saving Bank Account 1,Food,18,Eggs,4 eggs,22.0,Expense,0
2017-12-17,2017,12,December,17,Sunday,4,Cash,Transportation,48,auto,within city,30.0,Expense,0
2017-06-06,2017,6,June,6,Tuesday,2,Cash,Food,18,snacks,2 Veg puff,40.0,Expense,0
2017-12-27,2017,12,December,27,Wednesday,4,Cash,Food,18,Grocery,Tata salt 28+ 6 eggs 42,70.0,Expense,0
2015-04-04,2015,4,April,4,Saturday,2,Cash,Food,18,Grocery,Unknown,287.0,Expense,0
2016-10-28,2016,10,October,28,Friday,4,Saving Bank Account 1,Health,23,Medicine,syrup+tablet+ mortein refill,221.0,Expense,0
2018-05-04,2018,5,May,4,Friday,2,Cash,Household,24,Kirana,Supermart,37.0,Expense,0
2018-06-27,2018,6,June,27,Wednesday,2,Cash,Household,24,gadgets,Mouse pad,100.0,Expense,0
2017-07-05,2017,7,July,5,Wednesday,3,Saving Bank Account 1,Food,18,Dinner,veg fried rice 1 full,180.0,Expense,0
2017-01-07,2017,1,January,7,Saturday,1,Saving Bank Account 1,Food,18,snacks,woffel,175.0,Expense,0
2015-01-05,2015,1,January,5,Monday,1,Cash,Other,31,Unknown,cook,2250.0,Expense,0
2016-12-01,2016,12,December,1,Thursday,4,Saving Bank Account 1,Money Transfer,30,Unknown,Unknown,10000.0,Expense,0
2017-08-06,2017,8,August,6,Sunday,3,Cash,Health,23,Medicine,Vicks VapoRub,22.0,Expense,0
2017-03-11,2017,3,March,11,Saturday,1,Cash,Transportation,48,Train,2 Place 0 to WS returns,20.0,Expense,0
2017-11-12,2017,11,November,12,Sunday,4,Credit Card,Food,18,Dinner,At restaurant,1525.0,Expense,0
2016-02-28,2016,2,February,28,Sunday,1,Saving Bank Account 1,Food,18,snacks,biscuits,70.0,Expense,0
2015-03-10,2015,3,March,10,Tuesday,1,Cash,Transportation,48,auto,Bandra to Bandra terminus,20.0,Expense,0
2016-02-01,2016,2,February,1,Monday,1,Saving Bank Account 1,Investment,26,Public Provident Fund,Unknown,10000.0,Expense,0
2015-01-14,2015,1,January,14,Wednesday,1,Saving Bank Account 1,Transportation,48,Unknown,travels - Mumbai to brc,760.0,Expense,0
2018-03-02,2018,3,March,2,Friday,1,Saving Bank Account 1,Food,18,Ice cream,chocobar,15.0,Expense,0
2017-05-05,2017,5,May,5,Friday,2,Saving Bank Account 1,Recurring Deposit,34,Unknown,Unknown,1000.0,Transfer-Out,2
2018-05-14,2018,5,May,14,Monday,2,Cash,Transportation,48,auto,2 Current Residence to Place 0,40.0,Expense,0
2015-03-16,2015,3,March,16,Monday,1,Cash,Food,18,Tea,Unknown,20.0,Expense,0
2018-06-26,2018,6,June,26,Tuesday,2,Cash,Food,18,Tea,2 cutting chai,20.0,Expense,0
2017-02-10,2017,2,February,10,Friday,1,Saving Bank Account 1,Equity Mutual Fund F,14,Unknown,Unknown,1000.0,Transfer-Out,2
2018-01-31,2018,1,January,31,Wednesday,1,Saving Bank Account 1,Food,18,Milk,1 lit,69.0,Expense,0
2018-03-25,2018,3,March,25,Sunday,1,Cash,Food,18,snacks,Popcorn family pack,25.0,Expense,0
2017-11-12,2017,11,November,12,Sunday,4,Cash,Transportation,48,Train,Place 4 station to Place P return,30.0,Expense,0
2016-12-18,2016,12,December,18,Sunday,4,Saving Bank Account 1,Family,15,Pocket money,Unknown,2000.0,Expense,0
2018-01-26,2018,1,January,26,Friday,1,Cash,Transportation,48,Train,Place 0 to Place 4 return,20.0,Expense,0
2015-10-05,2015,10,October,5,Monday,4,Saving Bank Account 1,Recurring Deposit,34,Unknown,Unknown,1000.0,Expense,0
2017-08-20,2017,8,August,20,Sunday,3,Cash,Transportation,48,Taxi,Dadar West to siddhivinayak,25.0,Expense,0
2015-01-01,2015,1,January,1,Thursday,1,Cash,Food,18,Unknown,Temple Prasad,200.0,Expense,0
2016-12-05,2016,12,December,5,Monday,4,Saving Bank Account 1,Recurring Deposit,34,Unknown,Unknown,1000.0,Expense,0
2018-01-01,2018,1,January,1,Monday,1,Equity Mutual Fund B,Saving Bank Account 1,37,Unknown,Unknown,2000.0,Transfer-Out,2
2017-07-28,2017,7,July,28,Friday,3,Cash,Transportation,48,auto,2 Place 0 to Current Residence,30.0,Expense,0
2018-03-14,2018,3,March,14,Wednesday,1,Credit Card,Food,18,Dinner,Domino's Pizza,578.0,Expense,0
2015-02-15,2015,2,February,15,Sunday,1,Cash,Food,18,Unknown,bread,15.0,Expense,0
2018-06-26,2018,6,June,26,Tuesday,2,Cash,Food,18,snacks,Bhaji + vadapav,30.0,Expense,0
2017-01-29,2017,1,January,29,Sunday,1,Cash,Food,18,snacks,2 Shegaon kachori (nasik),30.0,Expense,0
2015-06-23,2015,6,June,23,Tuesday,2,Saving Bank Account 1,Other,31,Unknown,Amazon prime,999.0,Expense,0
2017-03-05,2017,3,March,5,Sunday,1,Saving Bank Account 1,Equity Mutual Fund A,9,Unknown,Unknown,1000.0,Transfer-Out,2
2017-03-26,2017,3,March,26,Sunday,1,Saving Bank Account 1,Food,18,Milk,milk 1 lit,60.0,Expense,0
2017-05-28,2017,5,May,28,Sunday,2,Saving Bank Account 1,Household,24,Kirana,Unknown,996.0,Expense,0
2018-08-27,2018,8,August,27,Monday,3,Cash,Food,18,Milk,Half lit  milk,36.0,Expense,0
2015-09-05,2015,9,September,5,Saturday,3,Saving Bank Account 1,Investment,26,Mutual fund,ICICI prudential,1000.0,Expense,0
2017-03-31,2017,3,March,31,Friday,1,Saving Bank Account 1,Salary,36,Unknown,From workplace,56102.0,Income,1
2018-05-08,2018,5,May,8,Tuesday,2,Cash,Food,18,Sweets,Kaju katli half kg,500.0,Expense,0
2017-08-01,2017,8,August,1,Tuesday,3,Cash,Health,23,Medicine,4 paracetamol tablets,10.0,Expense,0
2018-01-26,2018,1,January,26,Friday,1,Saving Bank Account 1,Food,18,Milk,1 lit,69.0,Expense,0
2016-05-01,2016,5,May,1,Sunday,2,Saving Bank Account 1,Investment,26,Public Provident Fund,Unknown,10000.0,Expense,0
2018-05-24,2018,5,May,24,Thursday,2,Saving Bank Account 1,Subscription,45,Mobile Service Provider,Data booster pack,667.0,Expense,0
2017-11-01,2017,11,November,1,Wednesday,4,Saving Bank Account 1,Public Provident Fund,33,Unknown,Unknown,10000.0,Transfer-Out,2
2017-07-01,2017,7,July,1,Saturday,3,Saving Bank Account 1,Recurring Deposit,34,Unknown,Unknown,1000.0,Transfer-Out,2
2015-12-02,2015,12,December,2,Wednesday,4,Cash,Apparel,1,Footwear,Kolhapuri chappal,325.0,Expense,0
2017-08-26,2017,8,August,26,Saturday,3,Saving Bank Account 1,Maturity Amount,29,Unknown,FD matured,61754.0,Income,1
2018-03-18,2018,3,March,18,Sunday,1,Credit Card,Family,15,clothes,Belt + bow,498.0,Expense,0
2015-12-31,2015,12,December,31,Thursday,4,Saving Bank Account 1,Salary,36,Unknown,From workplace,77335.0,Income,1
2017-02-01,2017,2,February,1,Wednesday,1,Saving Bank Account 1,Money Transfer,30,Unknown,Unknown,10000.0,Expense,0
2018-04-01,2018,4,April,1,Sunday,2,Cash,Food,18,Milk,milk 1lit,72.0,Expense,0
2018-03-21,2018,3,March,21,Wednesday,1,Credit Card,Household,24,Kirana,Idli pith 1kg,38.0,Expense,0
2018-02-11,2018,2,February,11,Sunday,1,Cash,Transportation,48,auto,2 Place 0 to Current Residence,30.0,Expense,0
2018-08-31,2018,8,August,31,Friday,3,Cash,Family,15,Pocket money,Unknown,1000.0,Expense,0
2017-01-01,2017,1,January,1,Sunday,1,Saving Bank Account 1,Food,18,Grocery,fruits and vegetables,510.0,Expense,0
2016-02-10,2016,2,February,10,Wednesday,1,Saving Bank Account 1,Investment,26,Mutual fund,Mutual fund C,1000.0,Expense,0
2017-05-11,2017,5,May,11,Thursday,2,Saving Bank Account 1,Beauty,2,grooming,Body hair removal cream,318.0,Expense,0
2017-12-04,2017,12,December,4,Monday,4,Credit Card,Household,24,Kirana,Supermart,990.0,Expense,0
2015-11-05,2015,11,November,5,Thursday,4,Cash,Food,18,Dinner,12 eggs,84.0,Expense,0
2015-11-15,2015,11,November,15,Sunday,4,Saving Bank Account 1,Bonus,3,Unknown,Diwali gift,1500.0,Income,1
2017-05-30,2017,5,May,30,Tuesday,2,Cash,Transportation,48,auto,2 Current Residence to Place 0,30.0,Expense,0
2017-04-30,2017,4,April,30,Sunday,2,Saving Bank Account 1,Food,18,Grocery,Chota bread,17.0,Expense,0
2015-04-04,2015,4,April,4,Saturday,2,Cash,Garbage Disposal,19,Unknown,Unknown,50.0,Expense,0
2015-07-10,2015,7,July,10,Friday,3,Saving Bank Account 1,Recurring Deposit,34,Unknown,Unknown,1000.0,Expense,0
2017-05-16,2017,5,May,16,Tuesday,2,Saving Bank Account 1,Beauty,2,grooming,Razor Blade,247.0,Expense,0
2017-07-20,2017,7,July,20,Thursday,3,Saving Bank Account 1,Food,18,Milk,Half lit  milk,32.0,Expense,0
2015-07-09,2015,7,July,9,Thursday,3,Saving Bank Account 1,Other,31,Unknown,earphones,459.0,Expense,0
2018-04-16,2018,4,April,16,Monday,2,Saving Bank Account 1,Education,8,Stationary,3 Pens,21.0,Expense,0
2018-02-03,2018,2,February,3,Saturday,1,Cash,Gpay Reward,21,Unknown,Unknown,6.0,Income,1
2017-05-13,2017,5,May,13,Saturday,2,Cash,Food,18,Tea,Unknown,5.0,Expense,0
2017-09-24,2017,9,September,24,Sunday,3,Cash,Transportation,48,auto,2 Place 0 to Current Residence,30.0,Expense,0
2017-12-29,2017,12,December,29,Friday,4,Saving Bank Account 1,Family,15,misc,For utensils,450.0,Expense,0
2015-02-05,2015,2,February,5,Thursday,1,Cash,Food,18,Unknown,snacks,21.0,Expense,0
2015-05-05,2015,5,May,5,Tuesday,2,Saving Bank Account 1,Recurring Deposit,34,Unknown,Unknown,1000.0,Expense,0
2017-03-15,2017,3,March,15,Wednesday,1,Cash,Household,24,Kitchen,drainage powder,50.0,Expense,0
2018-04-15,2018,4,April,15,Sunday,2,Credit Card,Family,15,makeup,Body mist,525.0,Expense,0
2018-08-05,2018,8,August,5,Sunday,3,Credit Card,Family,15,clothes,Bows,398.0,Expense,0
2015-02-01,2015,2,February,1,Sunday,1,Cash,Food,18,Unknown,milk half shakti,26.0,Expense,0
2015-01-13,2015,1,January,13,Tuesday,1,Cash,Other,31,Unknown,Internet renewal,500.0,Expense,0
2017-06-30,2017,6,June,30,Friday,2,Saving Bank Account 1,Gift,20,Unknown,Forrest essential perfume,4800.0,Expense,0
2017-09-24,2017,9,September,24,Sunday,3,Saving Bank Account 1,Beauty,2,grooming,hair cut,100.0,Expense,0
2018-05-21,2018,5,May,21,Monday,2,Cash,Family,15,Pocket money,Unknown,140.0,Expense,0
2017-05-04,2017,5,May,4,Thursday,2,Saving Bank Account 1,Subscription,45,Mobile Service Provider,No daily limit plan ( 25 GB 30 days),296.0,Expense,0
2017-12-04,2017,12,December,4,Monday,4,Recurring Deposit,Maturity Amount,29,Unknown,Premature closure of RD3 & RD4,14086.0,Income,1
2015-11-29,2015,11,November,29,Sunday,4,Cash,Transportation,48,auto,Unknown,40.0,Expense,0
2015-01-10,2015,1,January,10,Saturday,1,Cash,Other,31,Unknown,garbage collector,50.0,Expense,0
2017-08-01,2017,8,August,1,Tuesday,3,Saving Bank Account 1,Recurring Deposit,34,Unknown,Unknown,1000.0,Transfer-Out,2
2015-01-01,2015,1,January,1,Thursday,1,Cash,Transportation,48,Unknown,share jeep - Place T base to top,20.0,Expense,0
2018-02-01,2018,2,February,1,Thursday,1,Saving Bank Account 1,Money Transfer,30,Home,Unknown,10000.0,Expense,0
2017-09-29,2017,9,September,29,Friday,3,Cash,Apparel,1,Laundry,clothes ironing : Rs 6 per item,60.0,Expense,0
2016-11-12,2016,11,November,12,Saturday,4,Cash,Health,23,Medicine,mouth fresh,55.0,Expense,0
2016-02-05,2016,2,February,5,Friday,1,Saving Bank Account 1,Investment,26,RD,Unknown,1000.0,Expense,0
2018-04-16,2018,4,April,16,Monday,2,Credit Card,Household,24,Kirana,Smart point,450.0,Expense,0
2017-08-21,2017,8,August,21,Monday,3,Saving Bank Account 1,Food,18,Grocery,1.5 kg onions,33.0,Expense,0
2016-12-04,2016,12,December,4,Sunday,4,Cash,Food,18,fruits,8 bananas,20.0,Expense,0
2018-05-07,2018,5,May,7,Monday,2,Saving Bank Account 1,Food,18,Lunch,Home Food Delivery,430.0,Expense,0
2017-02-26,2017,2,February,26,Sunday,1,Cash,Transportation,48,Train,Place 0 to WS returns,20.0,Expense,0
2017-06-10,2017,6,June,10,Saturday,2,Saving Bank Account 1,Health,23,Medicine,Covaxin booster dose,386.0,Expense,0
2017-07-05,2017,7,July,5,Wednesday,3,Saving Bank Account 1,Food,18,Dinner,Paneer mutter Rs.90+ 5 chapati Rs.25,115.0,Expense,0
2015-02-23,2015,2,February,23,Monday,1,Credit Card,Transportation,48,train,to and fro Mum to BRC,526.0,Expense,0
2017-08-09,2017,8,August,9,Wednesday,3,Saving Bank Account 1,Health,23,Medicine,Move jel,125.0,Expense,0
2018-05-01,2018,5,May,1,Tuesday,2,Saving Bank Account 1,Money Transfer,30,Home,Unknown,10000.0,Expense,0
2016-03-16,2016,3,March,16,Wednesday,1,Saving Bank Account 1,Gift,20,Unknown,Ganesh murthi,80.0,Expense,0
2018-03-12,2018,3,March,12,Monday,1,Saving Bank Account 1,Transportation,48,train,2 Place 3 to Place 2 : Sevagram express 3AC,1293.0,Expense,0
2018-01-20,2018,1,January,20,Saturday,1,Saving Bank Account 1,Food,18,Biscuits,crack-jack 1 packi,10.0,Expense,0
2018-07-03,2018,7,July,3,Tuesday,3,Credit Card,Subscription,45,Tata Sky,Current Residence - Tata Play recharge,154.0,Expense,0
2017-10-11,2017,10,October,11,Wednesday,4,Saving Bank Account 1,Transportation,48,train,Place 2 to Place 3 sevagram,658.6,Expense,0
2017-08-20,2017,8,August,20,Sunday,3,Saving Bank Account 1,Transportation,48,Taxi,Ola cab - siddhivinayak to BKC,361.0,Expense,0
2017-06-22,2017,6,June,22,Thursday,2,Cash,Transportation,48,auto,2 Current Residence to Place 0,30.0,Expense,0
2018-08-29,2018,8,August,29,Wednesday,3,Cash,Food,18,Grocery,Baking soda,27.0,Expense,0
2018-07-23,2018,7,July,23,Monday,3,Cash,Food,18,breakfast,4 plates poha,100.0,Expense,0
2015-02-28,2015,2,February,28,Saturday,1,Saving Bank Account 1,Salary,36,Unknown,From workplace,49806.0,Income,1
2018-04-01,2018,4,April,1,Sunday,2,Saving Bank Account 1,Money Transfer,30,Home,Unknown,10005.9,Expense,0
2017-07-04,2017,7,July,4,Tuesday,3,Saving Bank Account 1,Food,18,Grocery,Dalich peeth pav kg,25.0,Expense,0
2017-05-27,2017,5,May,27,Saturday,2,Saving Bank Account 1,Food,18,vegetables,Pav kg tomato,20.0,Expense,0
2018-08-29,2018,8,August,29,Wednesday,3,Cash,Food,18,Milk,Half lit  milk,36.0,Expense,0
2018-03-08,2018,3,March,8,Thursday,1,Cash,Food,18,Eggs,6 eggs,36.0,Expense,0
2017-05-06,2017,5,May,6,Saturday,2,Saving Bank Account 1,Food,18,Lunch,Paneer masala + hara bhara kabab 6 pcs,330.0,Expense,0
2016-07-12,2016,7,July,12,Tuesday,3,Saving Bank Account 1,Investment,26,RD,Unknown,1000.0,Expense,0
2018-04-24,2018,4,April,24,Tuesday,2,Credit Card,Subscription,45,Tata Sky,Permanent Residence - Tata Play recharge,157.0,Expense,0
2015-01-02,2015,1,January,2,Friday,1,Cash,Food,18,Unknown,4 eggs,28.0,Expense,0
2017-08-23,2017,8,August,23,Wednesday,3,Cash,Food,18,Lunch,180 Chicken Sandwich + 120 vada pav & Samosa,300.0,Expense,0
2018-06-30,2018,6,June,30,Saturday,2,Saving Bank Account 1,Interest,25,Unknown,interest paid,342.0,Income,1
2015-01-05,2015,1,January,5,Monday,1,Saving Bank Account 1,Food,18,Unknown,dinner,135.0,Expense,0
2015-02-16,2015,2,February,16,Monday,1,Saving Bank Account 1,Food,18,Unknown,kaju katli 250gm,249.0,Expense,0
2018-01-12,2018,1,January,12,Friday,1,Saving Bank Account 1,Equity Mutual Fund A,9,Unknown,Unknown,1000.0,Transfer-Out,2
2018-04-29,2018,4,April,29,Sunday,2,Saving Bank Account 1,Food,18,beverage,2 sugarcane juice,40.0,Expense,0
2016-02-07,2016,2,February,7,Sunday,1,Cash,Food,18,Grocery,Unknown,160.0,Expense,0
2018-05-15,2018,5,May,15,Tuesday,2,Saving Bank Account 1,Food,18,Ice cream,Cookies & cream family pack,135.0,Expense,0
2017-07-18,2017,7,July,18,Tuesday,3,Cash,Food,18,flour mill,Gehu 3 kg Rs21 + bajari 1kg Rs 7 + dal 1.5 kg Rs15,43.0,Expense,0
2015-01-11,2015,1,January,11,Sunday,1,Cash,Transportation,48,Unknown,ola auto - wakad to GG skies,170.0,Expense,0
2017-06-28,2017,6,June,28,Wednesday,2,Saving Bank Account 1,Family,15,Pocket money,Unknown,1500.0,Expense,0
2018-01-28,2018,1,January,28,Sunday,1,Saving Bank Account 1,Food,18,snacks,2 kachori,24.0,Expense,0
2017-04-01,2017,4,April,1,Saturday,2,Cash,Food,18,snacks,egg roll,40.0,Expense,0
2016-10-26,2016,10,October,26,Wednesday,4,Saving Bank Account 1,Health,23,Medicine,Unknown,617.0,Expense,0
2017-10-20,2017,10,October,20,Friday,4,Saving Bank Account 1,Gift,20,Unknown,farewell contribution,200.0,Expense,0
2015-10-30,2015,10,October,30,Friday,4,Cash,Beauty,2,grooming,hair cut,50.0,Expense,0
2017-11-28,2017,11,November,28,Tuesday,4,Saving Bank Account 1,Food,18,Milk,1 lit,69.0,Expense,0
2017-04-30,2017,4,April,30,Sunday,2,Cash,Food,18,snacks,2 Pani Puri+ 1 samosa chat,110.0,Expense,0
2018-07-07,2018,7,July,7,Saturday,3,Cash,Transportation,48,Train,Place 4 to Place 0,10.0,Expense,0
2017-08-24,2017,8,August,24,Thursday,3,Cash,Transportation,48,auto,Auto : Mahal to hotel,40.0,Expense,0
2016-12-29,2016,12,December,29,Thursday,4,Cash,Food,18,flour mill,1 sher bajri 1 kg dadar 1 kg makka,14.0,Expense,0
2017-04-30,2017,4,April,30,Sunday,2,Saving Bank Account 1,Food,18,Ice cream,chocobar,10.0,Expense,0
2015-10-23,2015,10,October,23,Friday,4,Cash,Other,31,Unknown,hanger clips,40.0,Expense,0
2017-11-09,2017,11,November,9,Thursday,4,Saving Bank Account 1,Food,18,Lunch,Bhendi bhaji,40.0,Expense,0
2015-12-26,2015,12,December,26,Saturday,4,Saving Bank Account 1,Other,31,Unknown,audible subscription,199.0,Expense,0
2015-02-03,2015,2,February,3,Tuesday,1,Cash,Food,18,Unknown,grocery,107.0,Expense,0
2018-02-28,2018,2,February,28,Wednesday,1,Saving Bank Account 1,Food,18,Biscuits,Khari packet,45.0,Expense,0
2016-05-22,2016,5,May,22,Sunday,2,Saving Bank Account 1,Grooming,22,Saloon,hair cut+shaving,120.0,Expense,0
2018-01-30,2018,1,January,30,Tuesday,1,Saving Bank Account 1,Household,24,Kitchen,Matchbox packet 10pcs,10.0,Expense,0
2017-05-23,2017,5,May,23,Tuesday,2,Cash,Household,24,Kirana,Rasna orange,46.0,Expense,0
2017-10-21,2017,10,October,21,Saturday,4,Credit Card,Other,31,Unknown,ipad cover + case,1888.0,Expense,0
2015-01-15,2015,1,January,15,Thursday,1,Cash,Food,18,Unknown,tea,10.0,Expense,0
2015-05-03,2015,5,May,3,Sunday,2,Saving Bank Account 1,Food,18,Grocery,Unknown,1178.0,Expense,0
2017-07-09,2017,7,July,9,Sunday,3,Saving Bank Account 1,Food,18,beverage,sugarcane juice,20.0,Expense,0
2017-06-02,2017,6,June,2,Friday,2,Saving Bank Account 1,Food,18,snacks,Vadapav,20.0,Expense,0
2017-08-09,2017,8,August,9,Wednesday,3,Saving Bank Account 1,Gpay Reward,21,Unknown,Unknown,6.0,Income,1
2017-08-06,2017,8,August,6,Sunday,3,Saving Bank Account 1,Food,18,Lunch,5 chapati,25.0,Expense,0
2018-08-23,2018,8,August,23,Thursday,3,Credit Card,Transportation,48,train,2 Place 2 to Place 3 : Sevagram express 3AC,1305.4,Expense,0
2017-11-30,2017,11,November,30,Thursday,4,Saving Bank Account 1,Saving Bank Account 2,38,Unknown,Unknown,77.33,Transfer-Out,2
2017-05-05,2017,5,May,5,Friday,2,Cash,Food,18,beverage,sugarcane juice,20.0,Expense,0
2015-10-21,2015,10,October,21,Wednesday,4,Cash,Other,31,Unknown,toll+petrol,500.0,Expense,0
2017-05-17,2017,5,May,17,Wednesday,2,Saving Bank Account 1,Food,18,Lunch,Full egg fried rice 100 + Manchurian dry 100,210.0,Expense,0
2017-03-31,2017,3,March,31,Friday,1,Cash,Household,24,Hardware,Laptop repair (servicing+ 2gb ram upgrade + fan replacement + antivirus),2500.0,Expense,0
2018-02-22,2018,2,February,22,Thursday,1,Saving Bank Account 1,Food,18,beverage,Limca,20.0,Expense,0
2017-12-04,2017,12,December,4,Monday,4,Saving Bank Account 1,Food,18,Milk,milk 1lit,69.0,Expense,0
2017-05-24,2017,5,May,24,Wednesday,2,Saving Bank Account 1,Subscription,45,Cable TV,Unknown,261.0,Expense,0
2017-05-13,2017,5,May,13,Saturday,2,Cash,Food,18,Tea,Unknown,10.0,Expense,0
2017-05-22,2017,5,May,22,Monday,2,Saving Bank Account 1,Life Insurance,27,Unknown,Unknown,11043.0,Transfer-Out,2
2017-08-10,2017,8,August,10,Thursday,3,Saving Bank Account 1,Gpay Reward,21,Unknown,Unknown,3.0,Income,1
2015-05-09,2015,5,May,9,Saturday,2,Cash,Food,18,Grocery,gobi,20.0,Expense,0
2015-02-15,2015,2,February,15,Sunday,1,Cash,Food,18,Unknown,pani puri,20.0,Expense,0
2018-04-12,2018,4,April,12,Thursday,2,Cash,Food,18,snacks,Pattice,20.0,Expense,0
2017-03-22,2017,3,March,22,Wednesday,1,Cash,Transportation,48,auto,2 Place 0 to Current Residence,20.0,Expense,0
2017-03-12,2017,3,March,12,Sunday,1,Cash,Transportation,48,auto,2 Place 0 to Current Residence,30.0,Expense,0
2015-03-18,2015,3,March,18,Wednesday,1,Cash,Food,18,breakfast,aloo paratha,20.0,Expense,0
2018-05-01,2018,5,May,1,Tuesday,2,Cash,Food,18,Milk,milk 1lit,72.0,Expense,0
2017-05-25,2017,5,May,25,Thursday,2,Cash,Transportation,48,Train,Place 0 to Vikhroli single,15.0,Expense,0
2015-01-01,2015,1,January,1,Thursday,1,Cash,Transportation,48,Unknown,share auto - hospital to brc station,10.0,Expense,0
2015-03-18,2015,3,March,18,Wednesday,1,Cash,Food,18,Milk,Unknown,26.0,Expense,0
2018-01-27,2018,1,January,27,Saturday,1,Saving Bank Account 1,Share Market,41,Unknown,Unknown,30000.0,Transfer-Out,2
2018-01-31,2018,1,January,31,Wednesday,1,Saving Bank Account 1,Salary,36,Unknown,From workplace,64636.0,Income,1
2017-11-30,2017,11,November,30,Thursday,4,Saving Bank Account 1,Money Transfer,30,Home,Unknown,10000.0,Expense,0
2015-03-03,2015,3,March,3,Tuesday,1,Cash,Garbage Disposal,19,Unknown,Unknown,17.0,Expense,0
2017-08-06,2017,8,August,6,Sunday,3,Saving Bank Account 1,Subscription,45,Newspaper,Unknown,170.0,Expense,0
2018-07-09,2018,7,July,9,Monday,3,Cash,Food,18,Grocery,Shev bhaji sev pav kg,60.0,Expense,0
2015-06-01,2015,6,June,1,Monday,2,Saving Bank Account 1,Public Provident Fund,33,Unknown,Unknown,10000.0,Expense,0
2017-03-11,2017,3,March,11,Saturday,1,Cash,Transportation,48,auto,2 Place 0 to Current Residence,30.0,Expense,0
2015-02-24,2015,2,February,24,Tuesday,1,Cash,Food,18,Tea,Unknown,10.0,Expense,0
2017-07-24,2017,7,July,24,Monday,3,Saving Bank Account 1,Food,18,Milk,milk 1lit,64.0,Expense,0
2016-11-14,2016,11,November,14,Monday,4,Saving Bank Account 1,Transportation,48,Travels,Kabra Travels - Place 2 to BRC (2 Adults),4662.0,Expense,0
2017-05-13,2017,5,May,13,Saturday,2,Saving Bank Account 1,Food,18,breakfast,Medu vada 1 plate,35.0,Expense,0
2018-04-30,2018,4,April,30,Monday,2,Credit Card,Subscription,45,Tata Sky,Current Residence - Tata Play recharge,176.0,Expense,0
2018-03-18,2018,3,March,18,Sunday,1,Cash,Food,18,Tea,cutting chai,10.0,Expense,0
2017-03-05,2017,3,March,5,Sunday,1,Cash,Transportation,48,auto,Current Residence to Place 0,30.0,Expense,0
2017-08-05,2017,8,August,5,Saturday,3,Credit Card,Apparel,1,Clothing,Family's dresses,989.0,Expense,0
2015-01-30,2015,1,January,30,Friday,1,Cash,Food,18,Unknown,dinner treat,1004.0,Expense,0
2017-07-30,2017,7,July,30,Sunday,3,Saving Bank Account 1,Transportation,48,Travels,2 Neeta travels : Place A to pune,895.0,Expense,0
2017-05-03,2017,5,May,3,Wednesday,2,Cash,Transportation,48,Train,40 Place 0 to Place 3 return+ 20 single,60.0,Expense,0
2017-07-30,2017,7,July,30,Sunday,3,Cash,Household,24,Appliances,Laptop repair,1000.0,Expense,0
2017-08-14,2017,8,August,14,Monday,3,Credit Card,Household,24,Kirana,Biscuits+ onions,112.0,Expense,0
2017-07-24,2017,7,July,24,Monday,3,Credit Card,Food,18,snacks,Garlic bread + periperi masala fries,248.0,Expense,0
2017-03-26,2017,3,March,26,Sunday,1,Saving Bank Account 1,Household,24,Kirana,Smart,786.0,Expense,0
2017-09-17,2017,9,September,17,Sunday,3,Saving Bank Account 1,Food,18,Milk,1.5 lit milk,99.0,Expense,0
2018-04-17,2018,4,April,17,Tuesday,2,Cash,Food,18,Milk,milk 1lit,72.0,Expense,0
2017-10-22,2017,10,October,22,Sunday,4,Saving Bank Account 1,Equity Mutual Fund C,11,Unknown,Unknown,1000.0,Transfer-Out,2
2017-08-02,2017,8,August,2,Wednesday,3,Saving Bank Account 1,Food,18,snacks,Maggie 1 pck,14.0,Expense,0
2018-03-31,2018,3,March,31,Saturday,1,Credit Card,Food,18,Lunch,Domino's Pizza,419.0,Expense,0
2018-01-26,2018,1,January,26,Friday,1,Cash,Transportation,48,auto,Place 0 to Current Residence,15.0,Expense,0
2017-09-14,2017,9,September,14,Thursday,3,Saving Bank Account 1,Subscription,45,Tata Sky,Current Residence - Tata Play recharge,100.0,Expense,0
2017-09-01,2017,9,September,1,Friday,3,Saving Bank Account 1,Money Transfer,30,Home,Unknown,10000.0,Expense,0
2017-09-21,2017,9,September,21,Thursday,3,Cash,Transportation,48,auto,Place 0 to Current Residence,15.0,Expense,0
2017-12-21,2017,12,December,21,Thursday,4,Cash,Food,18,Milk,milk 1lit,70.0,Expense,0
2018-03-20,2018,3,March,20,Tuesday,1,Cash,Food,18,Eggs,6 eggs,36.0,Expense,0
2017-04-30,2017,4,April,30,Sunday,2,Saving Bank Account 1,Salary,36,Unknown,From workplace,56957.0,Income,1
2018-05-09,2018,5,May,9,Wednesday,2,Cash,Food,18,Milk,Half lit  milk,36.0,Expense,0
2017-08-06,2017,8,August,6,Sunday,3,Cash,Household,24,Kirana,Unknown,302.0,Expense,0
2016-12-03,2016,12,December,3,Saturday,4,Cash,Food,18,Grocery,Colgate max fresh medium,55.0,Expense,0
2016-06-05,2016,6,June,5,Sunday,2,Saving Bank Account 1,Investment,26,Mutual fund,Mutual fund A,1000.0,Expense,0
2017-05-02,2017,5,May,2,Tuesday,2,Saving Bank Account 1,Health,23,Medicine,Q-dee strip,40.0,Expense,0
2017-06-06,2017,6,June,6,Tuesday,2,Saving Bank Account 1,Food,18,Milk,milk 1lit,64.0,Expense,0
2017-04-10,2017,4,April,10,Monday,2,Saving Bank Account 1,Recurring Deposit,34,Unknown,Unknown,1000.0,Transfer-Out,2
2018-09-19,2018,9,September,19,Wednesday,3,Saving Bank Account 1,Subscription,45,Netflix,1 month subscription,199.0,Expense,0
2018-01-29,2018,1,January,29,Monday,1,Saving Bank Account 1,Food,18,Biscuits,Khari packet,45.0,Expense,0
2016-12-31,2016,12,December,31,Saturday,4,Saving Bank Account 1,Food,18,Grocery,milk + butter + biscuits/toast,77.0,Expense,0
2018-04-20,2018,4,April,20,Friday,2,Saving Bank Account 1,Food,18,Dinner,Sugaran Kitchen,70.0,Expense,0
2017-05-18,2017,5,May,18,Thursday,2,Saving Bank Account 1,Food,18,vegetables,Unknown,60.0,Expense,0
2017-09-30,2017,9,September,30,Saturday,3,Cash,Food,18,Grocery,vegetables,30.0,Expense,0
2018-05-18,2018,5,May,18,Friday,2,Saving Bank Account 1,Subscription,45,Mobile Service Provider,Data booster pack,301.0,Expense,0
2018-04-06,2018,4,April,6,Friday,2,Saving Bank Account 1,Money Transfer,30,Home,Unknown,24500.0,Expense,0
2018-05-14,2018,5,May,14,Monday,2,Saving Bank Account 1,Subscription,45,Mobile Service Provider,Data booster pack,301.0,Expense,0
2017-12-24,2017,12,December,24,Sunday,4,Cash,Household,24,Toiletries,Toothbrush (buy 2 get 1),100.0,Expense,0
2017-02-04,2017,2,February,4,Saturday,1,Cash,Food,18,Milk,half liter buffalo,30.0,Expense,0
2018-06-11,2018,6,June,11,Monday,2,Credit Card,Self-Development,40,Unknown,Marathon,1407.0,Expense,0
2017-04-06,2017,4,April,6,Thursday,2,Saving Bank Account 1,Transportation,48,train,Place 6 to Place 2 - 3Tier AC cancellation charges,213.6,Expense,0
2018-03-05,2018,3,March,5,Monday,1,Credit Card,Household,24,Kirana,Supermart,1357.0,Expense,0
2015-04-04,2015,4,April,4,Saturday,2,Credit Card,Food,18,Grocery,Unknown,889.0,Expense,0
2017-07-23,2017,7,July,23,Sunday,3,Saving Bank Account 1,Household,24,Appliances,Tata sky STB (1299)+ 1 month recharge (226)+ extra wire 45meters(540),2065.0,Expense,0
2017-06-26,2017,6,June,26,Monday,2,Saving Bank Account 1,Food,18,Grocery,Dahi 2 packets,20.0,Expense,0
2017-06-19,2017,6,June,19,Monday,2,Saving Bank Account 1,Food,18,Grocery,Shev bhaji sev pav kg,60.0,Expense,0
2018-05-31,2018,5,May,31,Thursday,2,Saving Bank Account 1,Salary,36,Unknown,From workplace,65134.0,Income,1
2018-03-25,2018,3,March,25,Sunday,1,Cash,Food,18,snacks,2 Frankie,160.0,Expense,0
2017-02-05,2017,2,February,5,Sunday,1,Cash,Transportation,48,Bus,N to M,330.0,Expense,0
2017-02-28,2017,2,February,28,Tuesday,1,Cash,Transportation,48,auto,Santacruz to Kalina University,57.0,Expense,0
2018-05-01,2018,5,May,1,Tuesday,2,Saving Bank Account 1,Health,23,Medicine,ITone eye drops,43.0,Expense,0
2017-10-20,2017,10,October,20,Friday,4,Cash,Festivals,16,Diwali,Rangoli + stamp,20.0,Expense,0
2015-01-30,2015,1,January,30,Friday,1,Cash,Transportation,48,Unknown,auto - Genda circle to b45,100.0,Expense,0
2018-09-11,2018,9,September,11,Tuesday,3,Cash,Food,18,Milk,Half lit  milk,36.0,Expense,0
2017-12-16,2017,12,December,16,Saturday,4,Saving Bank Account 1,Food,18,Milk,milk 1lit,69.0,Expense,0
2015-09-04,2015,9,September,4,Friday,3,Saving Bank Account 1,Other,31,Unknown,return deposit,4800.0,Income,1
2017-09-11,2017,9,September,11,Monday,3,Saving Bank Account 1,Gpay Reward,21,Unknown,Unknown,6.0,Income,1
2015-12-19,2015,12,December,19,Saturday,4,Cash,Food,18,Eggs,Unknown,80.0,Expense,0
2016-09-06,2016,9,September,6,Tuesday,3,Saving Bank Account 1,Transportation,48,Travels,Place 6 to Place 2,598.5,Expense,0
2018-04-12,2018,4,April,12,Thursday,2,Credit Card,Subscription,45,Netflix,Unknown,199.0,Expense,0
2015-02-10,2015,2,February,10,Tuesday,1,Cash,Food,18,Unknown,tea,6.0,Expense,0
2018-07-02,2018,7,July,2,Monday,3,Cash,Transportation,48,Bus,2 Place 1 to  mall,26.0,Expense,0
2017-09-11,2017,9,September,11,Monday,3,Saving Bank Account 1,Food,18,snacks,Idli 4 pcs + kachori 4 pcs,93.0,Expense,0
2017-04-28,2017,4,April,28,Friday,2,Saving Bank Account 1,Subscription,45,Netflix,1 month subscription,149.0,Expense,0
2017-06-07,2017,6,June,7,Wednesday,2,Cash,Household,24,Kitchen,Sanjori mould,26.0,Expense,0
2017-06-30,2017,6,June,30,Friday,2,Saving Bank Account 1,Interest,25,Unknown,interest paid,870.0,Income,1
2018-07-01,2018,7,July,1,Sunday,3,Saving Bank Account 1,Apparel,1,Clothing,undergarments pair of Jockey,430.0,Expense,0
2018-01-14,2018,1,January,14,Sunday,1,Cash,Transportation,48,Train,Place 0 to Santacruz return,40.0,Expense,0
2017-08-11,2017,8,August,11,Friday,3,Cash,Transportation,48,auto,Current Residence to Place 1 bus stop highway,60.0,Expense,0
2018-01-16,2018,1,January,16,Tuesday,1,Credit Card,Social Life,44,Leisure,Marathon,298.0,Expense,0
2017-01-10,2017,1,January,10,Tuesday,1,Saving Bank Account 1,Recurring Deposit,34,Unknown,Unknown,1000.0,Transfer-Out,2
2017-09-06,2017,9,September,6,Wednesday,3,Saving Bank Account 1,Food,18,snacks,Sweet bread cake 90 + veg puff 2,140.0,Expense,0
2016-06-10,2016,6,June,10,Friday,2,Saving Bank Account 1,Investment,26,Mutual fund,Mutual fund C,1000.0,Expense,0
2018-04-09,2018,4,April,9,Monday,2,Cash,Food,18,Milk,milk 1lit,72.0,Expense,0
2017-06-05,2017,6,June,5,Monday,2,Saving Bank Account 1,Recurring Deposit,34,Unknown,Unknown,1000.0,Transfer-Out,2
2018-01-24,2018,1,January,24,Wednesday,1,Cash,Food,18,Milk,Half lit  milk,35.0,Expense,0
2016-01-11,2016,1,January,11,Monday,1,Saving Bank Account 1,Investment,26,Mutual fund,Mutual fund C,1000.0,Expense,0
2016-12-04,2016,12,December,4,Sunday,4,Cash,Food,18,vegetables,kandyachi paat,8.0,Expense,0
2017-12-26,2017,12,December,26,Tuesday,4,Saving Bank Account 1,Fixed Deposit,17,Unknown,Unknown,250000.0,Transfer-Out,2
2017-02-26,2017,2,February,26,Sunday,1,Cash,Household,24,Kitchen,dustbin + basin sink cover,360.0,Expense,0
2018-07-16,2018,7,July,16,Monday,3,Cash,Apparel,1,Laundry,12 clothes ironing,84.0,Expense,0
2018-01-13,2018,1,January,13,Saturday,1,Saving Bank Account 1,Apparel,1,Laundry,clothes ironing,80.0,Expense,0
2018-04-22,2018,4,April,22,Sunday,2,Cash,Food,18,vegetables,Unknown,10.0,Expense,0
2017-05-01,2017,5,May,1,Monday,2,Cash,Transportation,48,auto,2 Place 0 to Current Residence,30.0,Expense,0
2016-12-30,2016,12,December,30,Friday,4,Cash,Transportation,48,auto,Permanent Residence to bus stand,100.0,Expense,0
2015-01-08,2015,1,January,8,Thursday,1,Cash,Food,18,Unknown,tea+ bourbon,20.0,Expense,0
2016-10-17,2016,10,October,17,Monday,4,Cash,Food,18,Grocery,butter + paneer + pav+batate+tamate,215.0,Expense,0
2017-12-19,2017,12,December,19,Tuesday,4,Share Market Trading,Saving Bank Account 1,37,Unknown,Fund Withdrawal,108.96,Transfer-Out,2
2017-08-21,2017,8,August,21,Monday,3,Saving Bank Account 1,Education,8,Stationary,15 fevistick + 12 xerox2 & print2,27.0,Expense,0
2017-06-16,2017,6,June,16,Friday,2,Saving Bank Account 1,Gift,20,Unknown,Jeff kellar's winning attitude,137.0,Expense,0
2017-04-18,2017,4,April,18,Tuesday,2,Saving Bank Account 1,Food,18,Milk,milk 1lit,64.0,Expense,0
2015-03-23,2015,3,March,23,Monday,1,Credit Card,Food,18,Grocery,Unknown,433.8,Expense,0
2018-03-07,2018,3,March,7,Wednesday,1,Saving Bank Account 1,Festivals,16,Holi,Holi Tip to cleaner,20.0,Expense,0
2015-12-30,2015,12,December,30,Wednesday,4,Cash,Food,18,Unknown,cake advance,100.0,Expense,0
2015-01-07,2015,1,January,7,Wednesday,1,Cash,Food,18,Unknown,sprout chat+tea+guava drink,31.0,Expense,0
2016-12-01,2016,12,December,1,Thursday,4,Saving Bank Account 1,Investment,26,Public Provident Fund,Unknown,40000.0,Expense,0
2017-05-23,2017,5,May,23,Tuesday,2,Saving Bank Account 1,Education,8,Stationary,White board pen 25 + duster 50,75.0,Expense,0
2016-04-03,2016,4,April,3,Sunday,2,Saving Bank Account 1,Subscription,45,OTT Platform,subscription 1 yr,300.0,Expense,0
2017-05-07,2017,5,May,7,Sunday,2,Saving Bank Account 1,Food,18,breakfast,Double omlet pav + tea,45.0,Expense,0
2016-01-05,2016,1,January,5,Tuesday,1,Cash,Transportation,48,auto,grandparents to Permanent Residence,30.0,Expense,0
2017-06-29,2017,6,June,29,Thursday,2,Cash,Transportation,48,auto,Place 2 station to hospital 2 seat,50.0,Expense,0
2017-07-30,2017,7,July,30,Sunday,3,Saving Bank Account 1,Household,24,Appliances,Laptop repair ( 128gb SSD rs 2200+ 500gb HDD Rs.1800 + Msoffice+ windows),3000.0,Expense,0
2015-12-26,2015,12,December,26,Saturday,4,Cash,Other,31,Unknown,flour mill,28.0,Expense,0
2017-11-17,2017,11,November,17,Friday,4,Saving Bank Account 1,Food,18,Ice cream,Vanila family pack,105.0,Expense,0
2017-08-11,2017,8,August,11,Friday,3,Cash,Transportation,48,Bus,2 Place 1 to VN,330.0,Expense,0
2018-05-14,2018,5,May,14,Monday,2,Cash,Food,18,snacks,Potato chips,15.0,Expense,0
2016-11-21,2016,11,November,21,Monday,4,Cash,Health,23,Medicine,strepsils,15.0,Expense,0
2017-11-01,2017,11,November,1,Wednesday,4,Saving Bank Account 1,Salary,36,Unknown,From workplace,78298.0,Income,1
2018-07-31,2018,7,July,31,Tuesday,3,Cash,Apparel,1,Laundry,13 clothes ironing,91.0,Expense,0
2017-03-31,2017,3,March,31,Friday,1,Cash,Transportation,48,Train,2 Place 0 to dadar return,60.0,Expense,0
2018-07-30,2018,7,July,30,Monday,3,Cash,Health,23,Medicine,Unknown,132.0,Expense,0
2015-01-02,2015,1,January,2,Friday,1,Cash,Food,18,Unknown,tea,10.0,Expense,0
2016-05-03,2016,5,May,3,Tuesday,2,Saving Bank Account 1,Subscription,45,Mobile Service Provider,Unknown,251.0,Expense,0
2017-05-30,2017,5,May,30,Tuesday,2,Saving Bank Account 1,Food,18,Tea,2 tea,34.0,Expense,0
2017-07-15,2017,7,July,15,Saturday,3,Saving Bank Account 1,Food,18,Milk,Half lit  milk,32.0,Expense,0
2016-02-26,2016,2,February,26,Friday,1,Saving Bank Account 1,Salary,36,Unknown,From workplace,49806.0,Income,1
2015-08-02,2015,8,August,2,Sunday,3,Saving Bank Account 1,Rent,35,Unknown,Unknown,2500.0,Expense,0
2017-07-17,2017,7,July,17,Monday,3,Saving Bank Account 1,Food,18,beverage,Lemon tea,60.0,Expense,0
2017-04-27,2017,4,April,27,Thursday,2,Saving Bank Account 1,Food,18,Milk,milk 1lit,64.0,Expense,0
2017-12-19,2017,12,December,19,Tuesday,4,Saving Bank Account 1,Food,18,Milk,milk 1lit,69.0,Expense,0
2018-08-14,2018,8,August,14,Tuesday,3,Cash,Food,18,Ice cream,Vanila family pack,115.0,Expense,0
2016-03-05,2016,3,March,5,Saturday,1,Saving Bank Account 1,Investment,26,Mutual fund,Mutual fund A,1000.0,Expense,0
2015-02-05,2015,2,February,5,Thursday,1,Cash,Food,18,Unknown,bhel,40.0,Expense,0
2018-03-03,2018,3,March,3,Saturday,1,Saving Bank Account 1,Dividend Earned On Shares,6,Unknown,ITC Stocks,78.0,Income,1
2015-12-08,2015,12,December,8,Tuesday,4,Cash,Other,31,Unknown,flour mill,28.0,Expense,0
2017-05-14,2017,5,May,14,Sunday,2,Saving Bank Account 1,Food,18,Lunch,Non veg overloaded pizza,242.0,Expense,0
2016-02-08,2016,2,February,8,Monday,1,Saving Bank Account 1,Subscription,45,Mobile Service Provider,Mobile Service Provider recharge wfh,251.0,Expense,0
2017-05-10,2017,5,May,10,Wednesday,2,Saving Bank Account 1,Education,8,Stationary,2 envelope,24.0,Expense,0
2018-03-29,2018,3,March,29,Thursday,1,Credit Card,Food,18,Dinner,At restaurant,1234.0,Expense,0
2017-12-03,2017,12,December,3,Sunday,4,Cash,Beauty,2,grooming,hair cut+shaving,160.0,Expense,0
2015-01-01,2015,1,January,1,Thursday,1,Cash,Food,18,Unknown,tea,10.0,Expense,0
2017-03-05,2017,3,March,5,Sunday,1,Cash,Apparel,1,Footwear,footwear repair,10.0,Expense,0
2017-02-25,2017,2,February,25,Saturday,1,Saving Bank Account 1,Food,18,Lunch,veg triple Schwan fried rice,247.0,Expense,0
2016-10-22,2016,10,October,22,Saturday,4,Cash,Food,18,Grocery,Khari,35.0,Expense,0
2017-12-05,2017,12,December,5,Tuesday,4,Saving Bank Account 1,Subscription,45,Edtech Course,Unknown,2700.0,Expense,0
2017-11-19,2017,11,November,19,Sunday,4,Saving Bank Account 1,Food,18,snacks,1 Panipuri,20.0,Expense,0
2015-03-16,2015,3,March,16,Monday,1,Cash,Health,23,Hospital,dentist check-up,1000.0,Expense,0
2016-11-10,2016,11,November,10,Thursday,4,Saving Bank Account 1,Investment,26,RD,RD,1000.0,Expense,0
2017-05-10,2017,5,May,10,Wednesday,2,Saving Bank Account 1,Education,8,Stationary,Xerox,12.0,Expense,0
2018-07-11,2018,7,July,11,Wednesday,3,Cash,Food,18,Bread,2 bread packets,57.0,Expense,0
2017-07-11,2017,7,July,11,Tuesday,3,Saving Bank Account 1,Education,8,Stationary,Black Ball pen,10.0,Expense,0
2017-05-10,2017,5,May,10,Wednesday,2,Cash,Food,18,snacks,Sweet bread cake 85 + veg puff 2,125.0,Expense,0
2017-12-25,2017,12,December,25,Monday,4,Cash,Transportation,48,auto,Place 2 station to Permanent Residence,80.0,Expense,0
2017-11-17,2017,11,November,17,Friday,4,Saving Bank Account 1,Food,18,flour mill,4 kg Gehu,28.0,Expense,0
2017-01-06,2017,1,January,6,Friday,1,Saving Bank Account 1,Food,18,Dinner,veg paneer tikka 3 roti,294.0,Expense,0
2015-10-31,2015,10,October,31,Saturday,4,Cash,Food,18,Tea,Unknown,10.0,Expense,0
2016-01-05,2016,1,January,5,Tuesday,1,Cash,Food,18,Unknown,cake,350.0,Expense,0
2017-12-21,2017,12,December,21,Thursday,4,Saving Bank Account 1,Food,18,snacks,Vadapav,15.0,Expense,0
2015-07-10,2015,7,July,10,Friday,3,Saving Bank Account 1,Investment,26,Mutual fund,mutual fund,1000.0,Expense,0
2017-10-01,2017,10,October,1,Sunday,4,Saving Bank Account 1,Money Transfer,30,Home,Unknown,10000.0,Expense,0
2017-10-09,2017,10,October,9,Monday,4,Cash,Food,18,Grocery,vegetables,280.0,Expense,0
2016-04-30,2016,4,April,30,Saturday,2,Saving Bank Account 1,Salary,36,Unknown,From workplace,51562.45,Income,1
2017-02-25,2017,2,February,25,Saturday,1,Saving Bank Account 1,Subscription,45,Tata Sky,Unknown,100.0,Expense,0
2015-08-31,2015,8,August,31,Monday,3,Saving Bank Account 1,Other,31,Unknown,Screw driver kit,287.0,Expense,0
2016-12-19,2016,12,December,19,Monday,4,Cash,Food,18,fruits,1 kg mosambi 1 kg apple,170.0,Expense,0
2018-07-05,2018,7,July,5,Thursday,3,Cash,Transportation,48,auto,Current Residence to Place 0,15.0,Expense,0
2017-12-12,2017,12,December,12,Tuesday,4,Credit Card,Food,18,snacks,Double chicken shwarma,100.0,Expense,0
2017-03-18,2017,3,March,18,Saturday,1,Saving Bank Account 1,Food,18,Grocery,Unknown,160.0,Expense,0
2018-09-05,2018,9,September,5,Wednesday,3,Saving Bank Account 1,Food,18,breakfast,Bread,18.0,Expense,0
2017-02-19,2017,2,February,19,Sunday,1,Cash,Education,8,Stationary,laminated colour print out,25.0,Expense,0
2017-04-12,2017,4,April,12,Wednesday,2,Saving Bank Account 1,Food,18,breakfast,8 pcs meduvada + 4 pcs dal vada + sambar + chatni,125.0,Expense,0
2017-09-05,2017,9,September,5,Tuesday,3,Saving Bank Account 1,Equity Mutual Fund A,9,Unknown,Unknown,1000.0,Transfer-Out,2
2017-08-20,2017,8,August,20,Sunday,3,Credit Card,Food,18,Ice cream,Baskin Robbins,166.0,Expense,0
2017-03-05,2017,3,March,5,Sunday,1,Cash,Household,24,Toiletries,plastic kharata + brush,140.0,Expense,0
2017-07-05,2017,7,July,5,Wednesday,3,Saving Bank Account 1,Food,18,Lunch,Catering Service (1 bhaji 30 + 3 chapti 15),45.0,Expense,0
2016-11-17,2016,11,November,17,Thursday,4,Cash,Food,18,snacks,single pav vada,10.0,Expense,0
2018-08-28,2018,8,August,28,Tuesday,3,Saving Bank Account 1,Dividend Earned On Shares,6,Unknown,Reliance Stocks,18.0,Income,1
2017-05-06,2017,5,May,6,Saturday,2,Cash,Food,18,snacks,Veg puff,20.0,Expense,0
2017-02-03,2017,2,February,3,Friday,1,Cash,Health,23,Medicine,meftal spas,8.0,Expense,0
2017-05-27,2017,5,May,27,Saturday,2,Saving Bank Account 1,Education,8,Stationary,Print outs+ Xerox,20.0,Expense,0
2017-07-05,2017,7,July,5,Wednesday,3,Saving Bank Account 1,Equity Mutual Fund A,9,Unknown,Unknown,1000.0,Transfer-Out,2
2018-01-18,2018,1,January,18,Thursday,1,Credit Card,Food,18,Lunch,Fresh veggie pizza,219.0,Expense,0
2017-07-25,2017,7,July,25,Tuesday,3,Saving Bank Account 1,Tourism,47,Trip,Tours and Travel,20000.0,Expense,0
2015-09-26,2015,9,September,26,Saturday,3,Cash,Other,31,Unknown,shoe polish,30.0,Expense,0
2018-03-17,2018,3,March,17,Saturday,1,Cash,Food,18,Lunch,Catering Service,30.0,Expense,0
2017-05-08,2017,5,May,8,Monday,2,Saving Bank Account 1,Food,18,breakfast,Poha 25+ tea 10,35.0,Expense,0
2015-08-30,2015,8,August,30,Sunday,3,Saving Bank Account 1,Other,31,Unknown,all out refill,72.0,Expense,0
2018-02-28,2018,2,February,28,Wednesday,1,Saving Bank Account 1,Salary,36,Unknown,From workplace,64556.0,Income,1
2018-06-19,2018,6,June,19,Tuesday,2,Saving Bank Account 1,Subscription,45,Mobile Service Provider,Data booster pack,25.0,Expense,0
2018-02-04,2018,2,February,4,Sunday,1,Credit Card,Food,18,Dinner,Domino's Pizza,452.0,Expense,0
2018-02-16,2018,2,February,16,Friday,1,Saving Bank Account 1,Food,18,Milk,1 lit,72.0,Expense,0
2016-10-08,2016,10,October,8,Saturday,4,Saving Bank Account 1,Beauty,2,grooming,razor,174.0,Expense,0
2017-07-23,2017,7,July,23,Sunday,3,Saving Bank Account 1,Food,18,Grocery,Amul butter,52.0,Expense,0
2017-12-17,2017,12,December,17,Sunday,4,Cash,Transportation,48,auto,Current Residence to Place 0,15.0,Expense,0
2016-11-03,2016,11,November,3,Thursday,4,Saving Bank Account 1,Other,31,Unknown,cake + Happy Birthday letters,470.0,Expense,0
2015-07-31,2015,7,July,31,Friday,3,Saving Bank Account 1,Salary,36,Unknown,From workplace,47859.0,Income,1
2018-08-21,2018,8,August,21,Tuesday,3,Cash,Food,18,Tea,cutting chai,12.0,Expense,0
2018-01-12,2018,1,January,12,Friday,1,Credit Card,Household,24,Kirana,Smart point,226.0,Expense,0
2017-07-09,2017,7,July,9,Sunday,3,Saving Bank Account 1,Transportation,48,auto,2 Current Residence to Place 0,30.0,Expense,0
2017-02-28,2017,2,February,28,Tuesday,1,Cash,Transportation,48,Train,2 Santacruz to churchgate,20.0,Expense,0
2018-01-24,2018,1,January,24,Wednesday,1,Share Market Trading,Saving Bank Account 1,37,Unknown,Unknown,97.14,Transfer-Out,2
2015-09-30,2015,9,September,30,Wednesday,3,Saving Bank Account 1,Salary,36,Unknown,From workplace,49806.0,Income,1
2017-09-25,2017,9,September,25,Monday,3,Saving Bank Account 1,Food,18,fruits,Apple 2 kg (110) + Banana 1kg (80),300.0,Expense,0
2015-03-10,2015,3,March,10,Tuesday,1,Cash,Transportation,48,auto,Current Residence to Place 0,10.0,Expense,0
2017-10-09,2017,10,October,9,Monday,4,Cash,Food,18,fruits,Unknown,230.0,Expense,0
2016-10-01,2016,10,October,1,Saturday,4,Cash,Festivals,16,Navratri,vargini,200.0,Expense,0
2015-02-08,2015,2,February,8,Sunday,1,Saving Bank Account 1,Other,31,Unknown,deo and amul milk,371.0,Expense,0
2016-07-31,2016,7,July,31,Sunday,3,Saving Bank Account 1,Salary,36,Unknown,From workplace,51556.0,Income,1
2016-08-14,2016,8,August,14,Sunday,3,Cash,Other,31,Unknown,pens,5.0,Expense,0
2016-11-30,2016,11,November,30,Wednesday,4,Saving Bank Account 1,Family,15,clothes,leggings,500.0,Expense,0
2016-05-01,2016,5,May,1,Sunday,2,Saving Bank Account 1,Money Transfer,30,Unknown,Unknown,10000.0,Expense,0
2017-12-20,2017,12,December,20,Wednesday,4,Credit Card,Subscription,45,Edtech Course,Renewal,28400.0,Expense,0
2017-08-26,2017,8,August,26,Saturday,3,Cash,Food,18,breakfast,Parle G chota pack,5.0,Expense,0
2017-12-04,2017,12,December,4,Monday,4,Credit Card,Household,24,Kirana,Smart point,937.0,Expense,0
2016-12-11,2016,12,December,11,Sunday,4,Saving Bank Account 1,Health,23,Medicine,eye drop maxmoist,257.0,Expense,0
2015-02-24,2015,2,February,24,Tuesday,1,Cash,Transportation,48,auto,ola auto - BRC to b45,66.0,Expense,0
2018-02-19,2018,2,February,19,Monday,1,Saving Bank Account 1,Food,18,snacks,2 kachori,24.0,Expense,0
2018-08-11,2018,8,August,11,Saturday,3,Cash,Food,18,snacks,8 kachori,96.0,Expense,0
2015-01-01,2015,1,January,1,Thursday,1,Cash,Transportation,48,Unknown,ropeway Place T to and fro,142.0,Expense,0
2017-10-04,2017,10,October,4,Wednesday,4,Saving Bank Account 1,Health,23,Medicine,Boroline + band aid,50.0,Expense,0
2015-01-16,2015,1,January,16,Friday,1,Cash,Transportation,48,Unknown,auto - GTR to hospital,30.0,Expense,0
2016-12-19,2016,12,December,19,Monday,4,Cash,Food,18,snacks,chips 1 Kurkure (19) 1 lays (10),29.0,Expense,0
2018-07-09,2018,7,July,9,Monday,3,Cash,Transportation,48,Petrol,3.4 Lit Petrol,360.0,Expense,0
2017-11-30,2017,11,November,30,Thursday,4,Saving Bank Account 1,Salary,36,Unknown,From workplace,64636.0,Income,1
2018-04-26,2018,4,April,26,Thursday,2,Cash,Family,15,Pocket money,Unknown,1000.0,Expense,0
2018-09-14,2018,9,September,14,Friday,3,Cash,Transportation,48,auto,Place 2 station to Permanent Residence,50.0,Expense,0
2017-09-24,2017,9,September,24,Sunday,3,Cash,Food,18,Sweets,Half kg pedhe,280.0,Expense,0
2015-01-03,2015,1,January,3,Saturday,1,Cash,Food,18,Unknown,milk half gold + 2 packs bourbon biscuits,49.0,Expense,0
2016-05-02,2016,5,May,2,Monday,2,Cash,Other,31,Unknown,flour mill,25.0,Expense,0
2017-10-07,2017,10,October,7,Saturday,4,Saving Bank Account 1,Equity Mutual Fund E,13,Unknown,Unknown,1000.0,Transfer-Out,2
2018-03-06,2018,3,March,6,Tuesday,1,Cash,Health,23,Medicine,5 Meftal spas,22.0,Expense,0
2018-07-02,2018,7,July,2,Monday,3,Credit Card,Household,24,home decor,Face towels + shampoo,626.0,Expense,0
2018-07-06,2018,7,July,6,Friday,3,Cash,Transportation,48,Taxi,Park Inn Goa,100.0,Expense,0
2018-03-13,2018,3,March,13,Tuesday,1,Saving Bank Account 1,Small Cap Fund 2,43,Unknown,Unknown,5000.0,Transfer-Out,2
2018-02-28,2018,2,February,28,Wednesday,1,Saving Bank Account 1,Food,18,Milk,Half lit Varna milk,36.0,Expense,0
2015-04-26,2015,4,April,26,Sunday,2,Saving Bank Account 1,Food,18,Dinner,srikhand,114.0,Expense,0
2017-07-20,2017,7,July,20,Thursday,3,Saving Bank Account 1,Food,18,Grocery,Unknown,88.0,Expense,0
2017-02-05,2017,2,February,5,Sunday,1,Cash,Food,18,Tea,Unknown,10.0,Expense,0
2017-07-30,2017,7,July,30,Sunday,3,Cash,Food,18,Grocery,Dahi 2 packets,20.0,Expense,0
2015-03-02,2015,3,March,2,Monday,1,Saving Bank Account 1,Money Transfer,30,Unknown,Unknown,10000.0,Expense,0
2017-05-01,2017,5,May,1,Monday,2,Saving Bank Account 1,Public Provident Fund,33,Unknown,Unknown,10000.0,Transfer-Out,2
2017-02-01,2017,2,February,1,Wednesday,1,Saving Bank Account 1,Subscription,45,Mobile Service Provider,Mobile Service Provider recharge wfh,301.0,Expense,0
2017-05-01,2017,5,May,1,Monday,2,Cash,Transportation,48,Train,2 Place 0 to WS single,10.0,Expense,0
2017-01-22,2017,1,January,22,Sunday,1,Saving Bank Account 1,Family,15,Pocket money,Unknown,2000.0,Expense,0
2015-05-07,2015,5,May,7,Thursday,2,Saving Bank Account 1,Investment,26,Mutual fund,reliance mutual fund,1000.0,Expense,0
2018-04-26,2018,4,April,26,Thursday,2,Cash,Food,18,snacks,Noodles packet,30.0,Expense,0
2018-03-17,2018,3,March,17,Saturday,1,Saving Bank Account 1,Food,18,Milk,Half lit  milk,37.0,Expense,0
2017-03-12,2017,3,March,12,Sunday,1,Cash,Food,18,Lunch,pav bhaji pav(90) + 4 pav extra(40),130.0,Expense,0
2017-05-24,2017,5,May,24,Wednesday,2,Cash,Transportation,48,Train,Place 0 to Vikhroli return,30.0,Expense,0
2017-11-13,2017,11,November,13,Monday,4,Saving Bank Account 1,Food,18,Grocery,Shev bhaji sev pav kg,60.0,Expense,0
2016-11-09,2016,11,November,9,Wednesday,4,Cash,Other,31,Unknown,gulal,10.0,Expense,0
2015-05-31,2015,5,May,31,Sunday,2,Saving Bank Account 1,Salary,36,Unknown,From workplace,47859.0,Income,1
2017-06-15,2017,6,June,15,Thursday,2,Saving Bank Account 1,Other,31,Unknown,Courier,50.0,Expense,0
2018-08-05,2018,8,August,5,Sunday,3,Cash,Food,18,Tea,cutting chai,10.0,Expense,0
2015-01-02,2015,1,January,2,Friday,1,Cash,Food,18,Unknown,grocery,66.0,Expense,0
2017-11-28,2017,11,November,28,Tuesday,4,Saving Bank Account 1,Food,18,Bread,Unknown,18.0,Expense,0
2017-04-30,2017,4,April,30,Sunday,2,Saving Bank Account 1,Food,18,Milk,milk 1lit,64.0,Expense,0
2018-08-23,2018,8,August,23,Thursday,3,Credit Card,Transportation,48,train,2 Place 3 to Place 2 : Amritsar express 3AC,1205.4,Expense,0
2016-11-19,2016,11,November,19,Saturday,4,Cash,Food,18,Water,two water bottles,40.0,Expense,0
2017-02-11,2017,2,February,11,Saturday,1,Cash,Food,18,snacks,single pav vada,10.0,Expense,0
2015-03-03,2015,3,March,3,Tuesday,1,Cash,Health,23,Hospital,root canal advance,3000.0,Expense,0
2017-06-15,2017,6,June,15,Thursday,2,Saving Bank Account 1,Education,8,Stationary,Print outs 3 + Xerox 16 + envelope 10,29.0,Expense,0
2018-07-29,2018,7,July,29,Sunday,3,Saving Bank Account 1,Transportation,48,Train,2 Place 0 to Place A returns,40.0,Expense,0
2015-03-03,2015,3,March,3,Tuesday,1,Cash,Health,23,Medicine,painkillers,82.0,Expense,0
2017-09-10,2017,9,September,10,Sunday,3,Saving Bank Account 1,Equity Mutual Fund F,14,Unknown,Unknown,1000.0,Transfer-Out,2
2016-11-19,2016,11,November,19,Saturday,4,Cash,Transportation,48,auto,share auto - Place H to Place T base (20/person),40.0,Expense,0
2016-05-29,2016,5,May,29,Sunday,2,Saving Bank Account 1,Food,18,Grocery,sanitary napkins+chocolates+Maggie+khajoor,504.0,Expense,0
2017-08-31,2017,8,August,31,Thursday,3,Cash,Household,24,Kirana,Janeyu,5.0,Expense,0
2017-07-04,2017,7,July,4,Tuesday,3,Saving Bank Account 1,Food,18,Milk,milk 1lit,64.0,Expense,0
2018-01-26,2018,1,January,26,Friday,1,Cash,Food,18,Potato,potato 1kg,25.0,Expense,0
2017-11-30,2017,11,November,30,Thursday,4,Saving Bank Account 1,Health,23,Medicine,5 Meftal spas,22.0,Expense,0
2018-09-08,2018,9,September,8,Saturday,3,Cash,Family,15,Pocket money,Unknown,40.0,Expense,0
2015-10-31,2015,10,October,31,Saturday,4,Saving Bank Account 1,Salary,36,Unknown,From workplace,49806.0,Income,1
2016-06-01,2016,6,June,1,Wednesday,2,Cash,Food,18,Water,1 Jar,25.0,Expense,0
2018-05-12,2018,5,May,12,Saturday,2,Cash,Food,18,snacks,4 kachori,48.0,Expense,0
2018-03-20,2018,3,March,20,Tuesday,1,Saving Bank Account 2,Other,31,Unknown,Unknown,17.0,Expense,0
2017-05-30,2017,5,May,30,Tuesday,2,Saving Bank Account 1,Food,18,Dinner,5 chapati,25.0,Expense,0
2018-01-01,2018,1,January,1,Monday,1,Cash,Food,18,Ice cream,Raspberry dolly,15.0,Expense,0
2018-08-31,2018,8,August,31,Friday,3,Cash,Gift,20,Unknown,farewell contribution,118.0,Expense,0
2017-12-15,2017,12,December,15,Friday,4,Cash,Other,31,Unknown,Nosebud,10.0,Expense,0
2017-09-21,2017,9,September,21,Thursday,3,Cash,Transportation,48,Train,Place 0 to dadar return,30.0,Expense,0
2015-02-16,2015,2,February,16,Monday,1,Cash,Transportation,48,Unknown,local - Place 0 to Place 5 return,30.0,Expense,0
2018-06-27,2018,6,June,27,Wednesday,2,Cash,Transportation,48,auto,2 Current Residence to Place 0,30.0,Expense,0
2017-01-01,2017,1,January,1,Sunday,1,Saving Bank Account 1,Money Transfer,30,Unknown,Unknown,100000.0,Expense,0
2017-07-14,2017,7,July,14,Friday,3,Saving Bank Account 1,Food,18,Ice cream,chocobar,15.0,Expense,0
2018-04-27,2018,4,April,27,Friday,2,Cash,Household,24,Kirana,Supermart,295.0,Expense,0
2018-02-02,2018,2,February,2,Friday,1,Cash,Family,15,Pocket money,Unknown,170.0,Expense,0
2017-08-06,2017,8,August,6,Sunday,3,Saving Bank Account 1,Food,18,breakfast,krack Jack biscuits,5.0,Expense,0
2016-12-10,2016,12,December,10,Saturday,4,Cash,Food,18,Ice cream,chocobar,30.0,Expense,0
2018-04-19,2018,4,April,19,Thursday,2,Saving Bank Account 1,Food,18,Eggs,6 eggs,36.0,Expense,0
2018-07-12,2018,7,July,12,Thursday,3,Cash,Food,18,Eggs,6 eggs,35.0,Expense,0
2015-02-08,2015,2,February,8,Sunday,1,Saving Bank Account 1,Other,31,Unknown,Internet renewal,3400.0,Expense,0
2017-07-31,2017,7,July,31,Monday,3,Saving Bank Account 1,Food,18,Dinner,Catering Service:Chicken masala (90)+2 chapati (10),100.0,Expense,0
2016-01-11,2016,1,January,11,Monday,1,Saving Bank Account 1,Investment,26,RD,Unknown,1000.0,Expense,0
2017-09-15,2017,9,September,15,Friday,3,Cash,Food,18,fruits,Nariyal,55.0,Expense,0
2017-08-10,2017,8,August,10,Thursday,3,Saving Bank Account 1,Equity Mutual Fund F,14,Unknown,Unknown,1000.0,Transfer-Out,2
2018-07-08,2018,7,July,8,Sunday,3,Credit Card,Health,23,Medicine,eye drop,153.0,Expense,0
2017-02-25,2017,2,February,25,Saturday,1,Cash,Household,24,Kitchen,hp cylinder,920.0,Expense,0
2017-03-10,2017,3,March,10,Friday,1,Saving Bank Account 1,Food,18,Milk,milk 1lit,62.0,Expense,0
2017-09-01,2017,9,September,1,Friday,3,Saving Bank Account 1,Food,18,Milk,milk 1lit,66.0,Expense,0
2016-12-04,2016,12,December,4,Sunday,4,Cash,Food,18,vegetables,onion 1 kg,25.0,Expense,0
2016-01-01,2016,1,January,1,Friday,1,Saving Bank Account 1,Investment,26,Public Provident Fund,Unknown,10000.0,Expense,0
2015-08-02,2015,8,August,2,Sunday,3,Saving Bank Account 1,Money Transfer,30,Unknown,Unknown,10000.0,Expense,0
2015-07-29,2015,7,July,29,Wednesday,3,Saving Bank Account 1,Other,31,Unknown,audible subscription,199.0,Expense,0
2015-03-01,2015,3,March,1,Sunday,1,Cash,Food,18,Dinner,At restaurant,80.0,Expense,0
2017-07-01,2017,7,July,1,Saturday,3,Saving Bank Account 1,Transportation,48,Travels,2 Place 2 to Place 1 - Shree Sharma Travels,1711.0,Expense,0
2015-07-01,2015,7,July,1,Wednesday,3,Saving Bank Account 1,Public Provident Fund,33,Unknown,Unknown,10000.0,Expense,0
2015-03-02,2015,3,March,2,Monday,1,Saving Bank Account 1,Rent,35,Unknown,Unknown,2833.0,Expense,0
2016-02-28,2016,2,February,28,Sunday,1,Cash,Other,31,Unknown,flour mill,11.0,Expense,0
2017-05-01,2017,5,May,1,Monday,2,Saving Bank Account 1,Food,18,Dinner,2 Fried rice,321.0,Expense,0
2017-01-01,2017,1,January,1,Sunday,1,Saving Bank Account 1,Public Provident Fund,33,Unknown,Unknown,10000.0,Transfer-Out,2
2015-01-11,2015,1,January,11,Sunday,1,Cash,Beauty,2,Unknown,shaving,50.0,Expense,0
2015-05-15,2015,5,May,15,Friday,2,Saving Bank Account 1,Food,18,Milk,milk half shakti,26.0,Expense,0
2017-09-25,2017,9,September,25,Monday,3,Saving Bank Account 1,Food,18,fruits,half kg chiku,30.0,Expense,0
2015-05-13,2015,5,May,13,Wednesday,2,Cash,Health,23,Health,N95 mask,250.0,Expense,0
2018-04-16,2018,4,April,16,Monday,2,Saving Bank Account 1,Household,24,Kirana,Cockroach injection,270.0,Expense,0
2015-02-02,2015,2,February,2,Monday,1,Cash,Food,18,Unknown,5 eggs,30.0,Expense,0
2015-01-05,2015,1,January,5,Monday,1,Cash,Other,31,Unknown,rent,2833.0,Expense,0
2015-08-05,2015,8,August,5,Wednesday,3,Saving Bank Account 1,Investment,26,Mutual fund,ICICI prudential,1000.0,Expense,0
2018-04-02,2018,4,April,2,Monday,2,Cash,Food,18,Grocery,Pav kg Lahsoon,24.0,Expense,0
2017-03-16,2017,3,March,16,Thursday,1,Cash,Other,31,Unknown,scrap,70.0,Income,1
2017-02-28,2017,2,February,28,Tuesday,1,Saving Bank Account 1,Salary,36,Unknown,From workplace,56021.0,Income,1
2018-06-11,2018,6,June,11,Monday,2,Cash,Food,18,Eggs,12 eggs,84.0,Expense,0
2017-03-01,2017,3,March,1,Wednesday,1,Saving Bank Account 1,Money Transfer,30,Unknown,Unknown,10000.0,Expense,0
2017-09-27,2017,9,September,27,Wednesday,3,Saving Bank Account 1,Gpay Reward,21,Unknown,Unknown,6.0,Income,1
2015-10-31,2015,10,October,31,Saturday,4,Cash,Food,18,snacks,water bottle + khari sing,70.0,Expense,0
2018-05-01,2018,5,May,1,Tuesday,2,Cash,Family,15,Pocket money,Unknown,260.0,Expense,0
2015-01-21,2015,1,January,21,Wednesday,1,Cash,Transportation,48,Unknown,train - bdts to brc,264.0,Expense,0
2017-04-10,2017,4,April,10,Monday,2,Saving Bank Account 1,Food,18,beverage,sugarcane juice,20.0,Expense,0
2017-09-15,2017,9,September,15,Friday,3,Saving Bank Account 1,Health,23,Hospital,Doctor Fees,150.0,Expense,0
2018-01-04,2018,1,January,4,Thursday,1,Equity Mutual Fund A,Maturity Amount,29,Unknown,SIP Redemption,113376.0,Income,1
2017-09-27,2017,9,September,27,Wednesday,3,Cash,Household,24,Kirana,Unknown,312.0,Expense,0
2018-04-09,2018,4,April,9,Monday,2,Cash,Food,18,Grocery,Ginger,10.0,Expense,0
2018-02-01,2018,2,February,1,Thursday,1,Cash,Maid,28,Unknown,Unknown,2000.0,Expense,0
2015-02-05,2015,2,February,5,Thursday,1,Cash,Food,18,Unknown,water jar,375.0,Expense,0
2017-11-15,2017,11,November,15,Wednesday,4,Credit Card,Household,24,Kirana,Amul butter 52 + Good Day biscuits 43,95.0,Expense,0
2017-09-11,2017,9,September,11,Monday,3,Saving Bank Account 1,Food,18,Grocery,vegetables,285.0,Expense,0
2016-09-01,2016,9,September,1,Thursday,3,Saving Bank Account 1,Investment,26,Public Provident Fund,Unknown,10000.0,Expense,0
2015-09-28,2015,9,September,28,Monday,3,Cash,Other,31,Unknown,Mobile Service Provider sim card,350.0,Expense,0
2017-11-18,2017,11,November,18,Saturday,4,Saving Bank Account 1,Subscription,45,Mahanagar Gas,Unknown,147.0,Expense,0
2017-11-28,2017,11,November,28,Tuesday,4,Credit Card,Household,24,Kirana,Toast+ biscuits,115.0,Expense,0
2017-05-22,2017,5,May,22,Monday,2,Saving Bank Account 1,Food,18,beverage,Coke 750ml,40.0,Expense,0
2017-04-16,2017,4,April,16,Sunday,2,Saving Bank Account 1,Subscription,45,Tata Sky,Unknown,192.0,Expense,0
2017-08-19,2017,8,August,19,Saturday,3,Cash,Household,24,Kirana,Dettol sanitizer,45.0,Expense,0
2016-12-21,2016,12,December,21,Wednesday,4,Saving Bank Account 1,Transportation,48,train,LTT to Place 2 cancellation,251.8,Expense,0
2017-08-31,2017,8,August,31,Thursday,3,Saving Bank Account 1,Food,18,Milk,1.5 lit milk,99.0,Expense,0
2016-01-31,2016,1,January,31,Sunday,1,Saving Bank Account 1,Money Transfer,30,Unknown,Unknown,10000.0,Expense,0
2016-03-10,2016,3,March,10,Thursday,1,Saving Bank Account 1,Investment,26,Mutual fund,Mutual fund C,1000.0,Expense,0
2017-01-07,2017,1,January,7,Saturday,1,Cash,Transportation,48,auto,Current Residence to hotel on highway,50.0,Expense,0
2018-07-21,2018,7,July,21,Saturday,3,Saving Bank Account 1,Food,18,snacks,2 Bhajipav + 2 vadapav,60.0,Expense,0
2017-10-22,2017,10,October,22,Sunday,4,Cash,Transportation,48,auto,Current Residence to Place 1 bus stop highway,50.0,Expense,0
2016-06-18,2016,6,June,18,Saturday,2,Cash,Other,31,Unknown,flour mill,38.0,Expense,0
2017-08-31,2017,8,August,31,Thursday,3,Cash,Household,24,Toiletries,Odonil,60.0,Expense,0
2018-04-15,2018,4,April,15,Sunday,2,Cash,Food,18,Lunch,Catering Service,70.0,Expense,0
2017-09-01,2017,9,September,1,Friday,3,Saving Bank Account 1,Recurring Deposit,34,Unknown,Unknown,1000.0,Transfer-Out,2
2017-12-29,2017,12,December,29,Friday,4,Cash,Household,24,Kirana,Unknown,182.0,Expense,0
2017-11-14,2017,11,November,14,Tuesday,4,Saving Bank Account 1,Food,18,Grocery,vegetables,160.0,Expense,0
2017-02-03,2017,2,February,3,Friday,1,Saving Bank Account 1,Subscription,45,Edtech Course,Unknown,2700.1,Expense,0
2017-09-11,2017,9,September,11,Monday,3,Cash,Transportation,48,auto,2 Current Residence to Place 0,30.0,Expense,0
2017-06-20,2017,6,June,20,Tuesday,2,Saving Bank Account 1,Gift,20,Unknown,Cupcake mould,250.0,Expense,0
2015-12-01,2015,12,December,1,Tuesday,4,Saving Bank Account 1,Money Transfer,30,Unknown,Unknown,50000.0,Expense,0
2018-07-15,2018,7,July,15,Sunday,3,Cash,Food,18,vegetables,Unknown,500.0,Expense,0
2018-06-26,2018,6,June,26,Tuesday,2,Credit Card,Household,24,Kirana,Supermart,1990.0,Expense,0
2016-05-17,2016,5,May,17,Tuesday,2,Saving Bank Account 1,Investment,26,LIC,Life Insurance,11286.0,Expense,0
2016-03-06,2016,3,March,6,Sunday,1,Saving Bank Account 1,Subscription,45,Mobile Service Provider,Mobile Service Provider recharge wfh,251.0,Expense,0
2015-07-01,2015,7,July,1,Wednesday,3,Saving Bank Account 1,Maid,28,Unknown,Unknown,333.0,Expense,0
2017-02-05,2017,2,February,5,Sunday,1,Saving Bank Account 1,Equity Mutual Fund A,9,Unknown,Unknown,1000.0,Transfer-Out,2
2017-05-06,2017,5,May,6,Saturday,2,Cash,Food,18,Dinner,5 chapati,25.0,Expense,0
2018-09-05,2018,9,September,5,Wednesday,3,Cash,Food,18,snacks,Chinese Bhel,30.0,Expense,0
2017-12-19,2017,12,December,19,Tuesday,4,Cash,Transportation,48,Train,Place 0 to WS return,10.0,Expense,0
2017-07-17,2017,7,July,17,Monday,3,Cash,Transportation,48,auto,2 Place 0 to Current Residence,30.0,Expense,0
2017-05-03,2017,5,May,3,Wednesday,2,Saving Bank Account 1,Household,24,Kitchen,Gas stove elica 3 burner,8825.0,Expense,0
2017-10-29,2017,10,October,29,Sunday,4,Credit Card,Subscription,45,Hotstar,subscription 1yr,795.49,Expense,0
2016-08-07,2016,8,August,7,Sunday,3,Saving Bank Account 1,Investment,26,Mutual fund,Unknown,1000.0,Expense,0
2018-09-13,2018,9,September,13,Thursday,3,Saving Bank Account 1,Small Cap Fund 2,43,Unknown,Unknown,5000.0,Transfer-Out,2
2017-01-16,2017,1,January,16,Monday,1,Saving Bank Account 1,Other,31,Unknown,adhar pvc card order,50.0,Expense,0
2015-02-28,2015,2,February,28,Saturday,1,Cash,Food,18,Milk,Unknown,26.0,Expense,0
2017-02-06,2017,2,February,6,Monday,1,Saving Bank Account 1,Food,18,Grocery,jira + toast pav kilo,110.0,Expense,0
2017-05-23,2017,5,May,23,Tuesday,2,Saving Bank Account 1,Food,18,snacks,Gupta bhel,25.0,Expense,0
2017-12-03,2017,12,December,3,Sunday,4,Cash,Food,18,snacks,Shev Puri,30.0,Expense,0
2018-01-14,2018,1,January,14,Sunday,1,Cash,Transportation,48,auto,Current Residence to Place 0,15.0,Expense,0
2015-02-23,2015,2,February,23,Monday,1,Cash,Transportation,48,Train,Place 0 to Bandra,20.0,Expense,0
2018-07-20,2018,7,July,20,Friday,3,Cash,Food,18,Potato,potato 1kg,25.0,Expense,0
2017-11-11,2017,11,November,11,Saturday,4,Saving Bank Account 1,Food,18,Milk,Half lit  milk,26.0,Expense,0
2018-04-29,2018,4,April,29,Sunday,2,Saving Bank Account 1,Salary,36,Unknown,From workplace,65134.0,Income,1
2017-02-06,2017,2,February,6,Monday,1,Cash,Food,18,fruits,1 kg apple,140.0,Expense,0
2017-05-07,2017,5,May,7,Sunday,2,Saving Bank Account 1,Food,18,Dinner,Aloo mutter sabji,30.0,Expense,0
2017-06-01,2017,6,June,1,Thursday,2,Cash,Maid,28,Unknown,Unknown,1000.0,Expense,0
2015-01-31,2015,1,January,31,Saturday,1,Cash,Food,18,Unknown,bhindi,40.0,Expense,0
2018-09-11,2018,9,September,11,Tuesday,3,Saving Bank Account 1,Other,31,Unknown,From Family,3500.0,Income,1
2016-05-22,2016,5,May,22,Sunday,2,Cash,Transportation,48,auto,Permanent Residence to nearby hospital,40.0,Expense,0
2018-06-27,2018,6,June,27,Wednesday,2,Share Market Trading,Saving Bank Account 1,37,Unknown,Refund,2549.59,Transfer-Out,2
2016-07-05,2016,7,July,5,Tuesday,3,Saving Bank Account 1,Investment,26,Mutual fund,Mutual fund A,1000.0,Expense,0
2016-10-09,2016,10,October,9,Sunday,4,Saving Bank Account 1,Family,15,misc,scratch guard ipad,249.0,Expense,0
2017-07-08,2017,7,July,8,Saturday,3,Saving Bank Account 1,Food,18,Grocery,Pizza base packet - Patil dairy,30.0,Expense,0
2017-02-27,2017,2,February,27,Monday,1,Cash,Transportation,48,Train,2 TB return,40.0,Expense,0
2015-01-01,2015,1,January,1,Thursday,1,Cash,Transportation,48,Unknown,share jeep - Place T top to base,20.0,Expense,0
2017-11-01,2017,11,November,1,Wednesday,4,Saving Bank Account 1,Subscription,45,Mobile Service Provider,Mobile Service Provider freedom pack,296.0,Expense,0
2018-02-17,2018,2,February,17,Saturday,1,Cash,Transportation,48,Bike,Mall parking,20.0,Expense,0
2018-01-22,2018,1,January,22,Monday,1,Saving Bank Account 1,Health,23,Medicine,Cough-sills 4 pcs + sinarest 3 pcs,30.0,Expense,0
2018-06-30,2018,6,June,30,Saturday,2,Saving Bank Account 1,Salary,36,Unknown,From workplace,65122.0,Income,1
2017-06-03,2017,6,June,3,Saturday,2,Saving Bank Account 1,Subscription,45,Edtech Course,Unknown,2700.1,Expense,0
2018-05-10,2018,5,May,10,Thursday,2,Saving Bank Account 1,Food,18,Ice cream,2 Faluda,80.0,Expense,0
2017-09-21,2017,9,September,21,Thursday,3,Cash,Food,18,Tea,Unknown,10.0,Expense,0
2016-12-13,2016,12,December,13,Tuesday,4,Cash,Other,31,Unknown,kalnirnay calender,35.0,Expense,0
2016-02-26,2016,2,February,26,Friday,1,Saving Bank Account 1,Money Transfer,30,Unknown,Unknown,10000.0,Expense,0
2017-07-29,2017,7,July,29,Saturday,3,Saving Bank Account 1,Transportation,48,auto,ola auto - Current Residence to hospital Place 6,97.0,Expense,0
2018-02-05,2018,2,February,5,Monday,1,Saving Bank Account 1,Food,18,Biscuits,Khari packet,45.0,Expense,0
2018-07-08,2018,7,July,8,Sunday,3,Cash,Health,23,Hospital,Hospital consultation,500.0,Expense,0
2018-03-22,2018,3,March,22,Thursday,1,Saving Bank Account 1,Household,24,Kirana,Supermart,153.0,Expense,0
2017-09-30,2017,9,September,30,Saturday,3,Saving Bank Account 1,Health,23,Medicine,Candid dusting powder,59.0,Expense,0
2017-02-28,2017,2,February,28,Tuesday,1,Cash,Food,18,Tea,Unknown,10.0,Expense,0
2018-03-05,2018,3,March,5,Monday,1,Credit Card,Household,24,Kirana,Smart point,972.0,Expense,0
2017-03-10,2017,3,March,10,Friday,1,Saving Bank Account 1,Recurring Deposit,34,Unknown,Unknown,1000.0,Transfer-Out,2
2017-02-28,2017,2,February,28,Tuesday,1,Cash,Transportation,48,Train,2 Santacruz return,80.0,Expense,0
2018-02-04,2018,2,February,4,Sunday,1,Saving Bank Account 1,Food,18,Milk,Half lit  milk,35.0,Expense,0
2017-07-01,2017,7,July,1,Saturday,3,Saving Bank Account 1,Saving Bank Account 2,38,Unknown,Unknown,100.0,Transfer-Out,2
2018-04-01,2018,4,April,1,Sunday,2,Saving Bank Account 1,Other,31,Unknown,ATM charge,5.9,Expense,0
2018-01-29,2018,1,January,29,Monday,1,Saving Bank Account 1,Food,18,Milk,1 lit,69.0,Expense,0
2015-03-14,2015,3,March,14,Saturday,1,Cash,Apparel,1,Laundry,ironing,40.0,Expense,0
2017-02-28,2017,2,February,28,Tuesday,1,Saving Bank Account 1,Food,18,Dinner,At restaurant,2421.0,Expense,0
2015-05-02,2015,5,May,2,Saturday,2,Cash,Food,18,Milk,milk half shakti,28.0,Expense,0
2017-11-15,2017,11,November,15,Wednesday,4,Credit Card,Food,18,Dinner,Home Food Delivery,524.0,Expense,0
2015-02-10,2015,2,February,10,Tuesday,1,Cash,Food,18,Unknown,grocery,60.0,Expense,0
2017-08-31,2017,8,August,31,Thursday,3,Saving Bank Account 2,Other,31,Unknown,Sms charges + GST,17.7,Expense,0
2017-06-11,2017,6,June,11,Sunday,2,Saving Bank Account 1,Food,18,Milk,milk 1lit,64.0,Expense,0
2017-02-28,2017,2,February,28,Tuesday,1,Cash,Transportation,48,Taxi,within city,40.0,Expense,0
2018-01-03,2018,1,January,3,Wednesday,1,Saving Bank Account 1,Food,18,Eggs,6 eggs,40.0,Expense,0
2015-07-07,2015,7,July,7,Tuesday,3,Saving Bank Account 1,Investment,26,Mutual fund,reliance mutual fund,1000.0,Expense,0
2018-07-14,2018,7,July,14,Saturday,3,Saving Bank Account 1,Other,31,Unknown,CA  - income tax filing,2000.0,Expense,0
2015-10-02,2015,10,October,2,Friday,4,Saving Bank Account 1,Food,18,beverage,cold coffee,420.0,Expense,0
2016-12-13,2016,12,December,13,Tuesday,4,Cash,Household,24,Toiletries,oralB toothbrush with cap,25.0,Expense,0
2018-03-22,2018,3,March,22,Thursday,1,Cash,Food,18,snacks,Potato chips,150.0,Expense,0
2017-11-23,2017,11,November,23,Thursday,4,Cash,Food,18,Grocery,Dahi + remaining balance,17.0,Expense,0
2018-01-15,2018,1,January,15,Monday,1,Credit Card,Food,18,Sweets,Chitale Srikhand,284.0,Expense,0
2017-05-22,2017,5,May,22,Monday,2,Saving Bank Account 1,Food,18,flour mill,M D sure 2kg atta,88.0,Expense,0
2018-05-08,2018,5,May,8,Tuesday,2,Saving Bank Account 1,Food,18,Milk,milk 1lit,72.0,Expense,0
2018-03-31,2018,3,March,31,Saturday,1,Cash,Transportation,48,Train,Place 0 to Sion returns,30.0,Expense,0
2018-08-05,2018,8,August,5,Sunday,3,Credit Card,Apparel,1,Clothing,For Family,3410.0,Expense,0
2016-06-05,2016,6,June,5,Sunday,2,Saving Bank Account 1,Investment,26,RD,Unknown,1000.0,Expense,0
2015-01-12,2015,1,January,12,Monday,1,Cash,Transportation,48,Unknown,bus - Chinchwad to kala,175.0,Expense,0
2018-07-20,2018,7,July,20,Friday,3,Saving Bank Account 1,Transportation,48,Taxi,Ola cab - eye institute to Current Residence CHS,155.0,Expense,0
2017-03-22,2017,3,March,22,Wednesday,1,Cash,Transportation,48,auto,2 Current Residence to Place 0,30.0,Expense,0
2017-02-24,2017,2,February,24,Friday,1,Cash,Food,18,Grocery,milk 1 lit + butter milk,75.0,Expense,0
2017-05-01,2017,5,May,1,Monday,2,Cash,Maid,28,Unknown,Unknown,1000.0,Expense,0
2015-03-24,2015,3,March,24,Tuesday,1,Cash,Food,18,Milk,Unknown,26.0,Expense,0
2015-10-18,2015,10,October,18,Sunday,4,Cash,Money Transfer,30,Unknown,Unknown,2000.0,Expense,0
2016-08-01,2016,8,August,1,Monday,3,Saving Bank Account 1,Investment,26,Public Provident Fund,Unknown,10000.0,Expense,0
2017-12-14,2017,12,December,14,Thursday,4,Saving Bank Account 1,Petty Cash,32,Unknown,From Family,3000.0,Income,1
2017-05-24,2017,5,May,24,Wednesday,2,Saving Bank Account 1,Food,18,Milk,milk 1lit,64.0,Expense,0
2017-01-03,2017,1,January,3,Tuesday,1,Cash,Food,18,Grocery,fruits and vegetables,140.0,Expense,0
2018-05-15,2018,5,May,15,Tuesday,2,Cash,Transportation,48,auto,Permanent Residence to GH road,50.0,Expense,0
2015-10-28,2015,10,October,28,Wednesday,4,Saving Bank Account 1,Gift,20,Unknown,to Family,1000.0,Expense,0
2016-04-01,2016,4,April,1,Friday,2,Saving Bank Account 1,Money Transfer,30,Unknown,Unknown,10000.0,Expense,0
2017-05-09,2017,5,May,9,Tuesday,2,Saving Bank Account 1,Food,18,Lunch,Chana masala 30 + 3 chapati,45.0,Expense,0
2017-10-02,2017,10,October,2,Monday,4,Cash,Maid,28,Unknown,Unknown,2000.0,Expense,0
2017-03-07,2017,3,March,7,Tuesday,1,Cash,Food,18,fruits,1 kg apple + grapes 0.5 kg,190.0,Expense,0
2017-05-22,2017,5,May,22,Monday,2,Saving Bank Account 1,Household,24,Appliances,3 pin Holder,50.0,Expense,0
2015-11-07,2015,11,November,7,Saturday,4,Saving Bank Account 1,Other,31,Unknown,Mobile Service Provider recharge wfh,251.0,Expense,0
2016-06-30,2016,6,June,30,Thursday,2,Saving Bank Account 1,Salary,36,Unknown,From workplace,51544.0,Income,1
2017-03-12,2017,3,March,12,Sunday,1,Cash,Culture,5,Movie,2 Batman tickets,440.0,Expense,0
2018-04-07,2018,4,April,7,Saturday,2,Saving Bank Account 1,Equity Mutual Fund E,13,Unknown,Unknown,1000.0,Transfer-Out,2
2018-04-23,2018,4,April,23,Monday,2,Cash,Maid,28,Unknown,Unknown,500.0,Expense,0
2016-12-31,2016,12,December,31,Saturday,4,Saving Bank Account 1,Food,18,Dinner,1 chicken shawarma + 1 chicken lollipop - 1 veg cheese burger,375.0,Expense,0
2015-03-02,2015,3,March,2,Monday,1,Cash,Food,18,Lunch,canteen lunch,25.0,Expense,0
2017-07-29,2017,7,July,29,Saturday,3,Saving Bank Account 1,Food,18,Milk,milk 1lit,64.0,Expense,0
2017-04-17,2017,4,April,17,Monday,2,Saving Bank Account 1,Food,18,Dinner,"The X restaurant, Place 1",1076.0,Expense,0
2017-10-06,2017,10,October,6,Friday,4,Saving Bank Account 1,Health,23,Medicine,Unknown,468.0,Expense,0
2017-11-28,2017,11,November,28,Tuesday,4,Saving Bank Account 1,Food,18,Eggs,6 eggs,42.0,Expense,0
2017-01-11,2017,1,January,11,Wednesday,1,Cash,Food,18,Grocery,3 chips packets + bread,45.0,Expense,0
2018-04-26,2018,4,April,26,Thursday,2,Saving Bank Account 1,Food,18,Milk,milk 1lit,72.0,Expense,0
2017-05-16,2017,5,May,16,Tuesday,2,Cash,Food,18,Tea,Unknown,5.0,Expense,0
2018-04-30,2018,4,April,30,Monday,2,Cash,Food,18,Milk,milk 1lit,72.0,Expense,0
2016-07-12,2016,7,July,12,Tuesday,3,Saving Bank Account 1,Investment,26,Mutual fund,Mutual fund C,1000.0,Expense,0
2018-09-12,2018,9,September,12,Wednesday,3,Credit Card,Subscription,45,Mobile Service Provider,Data booster pack,667.0,Expense,0
2017-10-17,2017,10,October,17,Tuesday,4,Saving Bank Account 1,Petty Cash,32,Unknown,From Family,3000.0,Income,1
2018-07-04,2018,7,July,4,Wednesday,3,Cash,Family,15,Pocket money,Unknown,350.0,Expense,0
2018-05-22,2018,5,May,22,Tuesday,2,Saving Bank Account 1,Life Insurance,27,Unknown,Unknown,11043.0,Transfer-Out,2
2016-11-28,2016,11,November,28,Monday,4,Cash,Other,31,Unknown,flour mill,8.0,Expense,0
2017-12-26,2017,12,December,26,Tuesday,4,Credit Card,Subscription,45,Newspaper,"ET Prime (1+1) till 24 Dec,2024",1749.0,Expense,0
2017-10-10,2017,10,October,10,Tuesday,4,Cash,Household,24,Kitchen,flour mill,14.0,Expense,0
2018-05-23,2018,5,May,23,Wednesday,2,Credit Card,Subscription,45,Tata Sky,Permanent Residence - Tata Play recharge,166.0,Expense,0
2017-11-10,2017,11,November,10,Friday,4,Saving Bank Account 1,Equity Mutual Fund F,14,Unknown,Unknown,1000.0,Transfer-Out,2
2018-07-16,2018,7,July,16,Monday,3,Cash,Food,18,snacks,7 kachori,84.0,Expense,0
2018-04-30,2018,4,April,30,Monday,2,Cash,Food,18,Biscuits,Toast packet,45.0,Expense,0
2018-01-05,2018,1,January,5,Friday,1,Equity Mutual Fund C,Maturity Amount,29,Unknown,Unknown,6049.0,Income,1
2016-03-20,2016,3,March,20,Sunday,1,Cash,Other,31,Unknown,print out,5.0,Expense,0
2016-12-21,2016,12,December,21,Wednesday,4,Saving Bank Account 1,Transportation,48,Travels,Place 2 to Place 1 - Novelty tour and travels,1900.0,Expense,0
2018-02-02,2018,2,February,2,Friday,1,Saving Bank Account 1,Share Market,41,Unknown,Unknown,2836.0,Transfer-Out,2
2018-07-15,2018,7,July,15,Sunday,3,Cash,Food,18,fruits,Unknown,30.0,Expense,0
2018-07-29,2018,7,July,29,Sunday,3,Cash,Transportation,48,auto,Current Residence to Place 0,15.0,Expense,0
2018-02-12,2018,2,February,12,Monday,1,Saving Bank Account 1,Food,18,Eggs,6 eggs,36.0,Expense,0
2018-06-25,2018,6,June,25,Monday,2,Credit Card,Household,24,Kirana,Smart point,2074.0,Expense,0
2017-12-15,2017,12,December,15,Friday,4,Cash,Food,18,Ice cream,chocobar,15.0,Expense,0
2015-03-11,2015,3,March,11,Wednesday,1,Cash,Food,18,Tea,Unknown,8.0,Expense,0
2015-11-10,2015,11,November,10,Tuesday,4,Saving Bank Account 1,Investment,26,Mutual fund,mutual fund,1000.0,Expense,0
2017-04-22,2017,4,April,22,Saturday,2,Saving Bank Account 1,Food,18,beverage,sugarcane juice,20.0,Expense,0
2018-04-28,2018,4,April,28,Saturday,2,Cash,Family,15,Pocket money,Unknown,500.0,Expense,0
2017-05-21,2017,5,May,21,Sunday,2,Cash,Transportation,48,Train,2 Place 0 to Place 4 return,30.0,Expense,0
2016-10-09,2016,10,October,9,Sunday,4,Saving Bank Account 1,Health,23,Medicine,Unknown,40.0,Expense,0
2017-04-01,2017,4,April,1,Saturday,2,Cash,Food,18,Grocery,Half kg potato,10.0,Expense,0
2017-02-15,2017,2,February,15,Wednesday,1,Saving Bank Account 1,Life Insurance,27,Unknown,Unknown,11286.0,Transfer-Out,2
2015-05-11,2015,5,May,11,Monday,2,Saving Bank Account 1,Recurring Deposit,34,Unknown,Unknown,1000.0,Expense,0
2017-12-17,2017,12,December,17,Sunday,4,Credit Card,Food,18,Dinner,At restaurant,505.0,Expense,0
2017-11-09,2017,11,November,9,Thursday,4,Cash,Household,24,Toiletries,Colgate max fresh small,20.0,Expense,0
2018-06-30,2018,6,June,30,Saturday,2,Saving Bank Account 1,Dividend Earned On Shares,6,Unknown,Asian paints Stocks,43.0,Income,1
2016-10-25,2016,10,October,25,Tuesday,4,Cash,Food,18,snacks,egg roll,25.0,Expense,0
2018-01-30,2018,1,January,30,Tuesday,1,Saving Bank Account 1,Food,18,Grocery,Dahi 2 packets,20.0,Expense,0
2017-09-22,2017,9,September,22,Friday,3,Saving Bank Account 1,Equity Mutual Fund C,11,Unknown,Unknown,1000.0,Transfer-Out,2
2018-02-23,2018,2,February,23,Friday,1,Saving Bank Account 1,Food,18,Milk,1 lit,72.0,Expense,0
2016-12-28,2016,12,December,28,Wednesday,4,Saving Bank Account 1,Other,31,Unknown,specs,1780.0,Expense,0
2016-12-31,2016,12,December,31,Saturday,4,Saving Bank Account 1,Salary,36,Unknown,From workplace,56574.0,Income,1
2018-01-07,2018,1,January,7,Sunday,1,Cash,Food,18,Tea,2 cutting chai,20.0,Expense,0
2018-09-17,2018,9,September,17,Monday,3,Saving Bank Account 1,Subscription,45,Mobile Service Provider,Data booster pack,19.0,Expense,0
2017-01-03,2017,1,January,3,Tuesday,1,Cash,Transportation,48,auto,Current Residence to Place 0,30.0,Expense,0
2018-03-06,2018,3,March,6,Tuesday,1,Cash,Health,23,Medicine,Thyroid Tablets,172.0,Expense,0
2017-05-15,2017,5,May,15,Monday,2,Saving Bank Account 1,Food,18,breakfast,Poha 25+ tea 10,35.0,Expense,0
2018-09-15,2018,9,September,15,Saturday,3,Credit Card,Subscription,45,Tata Sky,Permanent Residence - Tata Play recharge,200.0,Expense,0
2016-06-12,2016,6,June,12,Sunday,2,Saving Bank Account 1,Subscription,45,Mobile Service Provider,Unknown,251.0,Expense,0
2015-07-19,2015,7,July,19,Sunday,3,Saving Bank Account 1,Other,31,Unknown,Mobile Service Provider recharge 365 days,2599.0,Expense,0
2018-02-05,2018,2,February,5,Monday,1,Cash,Family,15,Pocket money,Unknown,500.0,Expense,0
2018-06-24,2018,6,June,24,Sunday,2,Credit Card,Health,23,Health,Suppliemnts,211.75,Expense,0
2017-08-12,2017,8,August,12,Saturday,3,Saving Bank Account 1,Transportation,48,Travels,2 Place 2 to Place 1 - Shree Sharma Travels,1665.0,Expense,0
2018-02-08,2018,2,February,8,Thursday,1,Saving Bank Account 1,Food,18,snacks,Shev Puri,35.0,Expense,0
2018-06-13,2018,6,June,13,Wednesday,2,Saving Bank Account 1,Small Cap Fund 1,42,Unknown,Unknown,5000.0,Transfer-Out,2
2017-10-13,2017,10,October,13,Friday,4,Cash,Family,15,Pocket money,Unknown,70.0,Expense,0
2016-12-11,2016,12,December,11,Sunday,4,Cash,Health,23,Hospital,Doctor Fees,200.0,Expense,0
2017-07-17,2017,7,July,17,Monday,3,Credit Card,Food,18,Lunch,1 dal makhani rice(200)+ 1 chicken tikka rice(220)+chocolate pastry (120),540.0,Expense,0
2016-12-10,2016,12,December,10,Saturday,4,Saving Bank Account 1,Recurring Deposit,34,Unknown,Unknown,1000.0,Expense,0
2017-02-10,2017,2,February,10,Friday,1,Saving Bank Account 1,Recurring Deposit,34,Unknown,Unknown,1000.0,Transfer-Out,2
2016-12-22,2016,12,December,22,Thursday,4,Saving Bank Account 1,Gift,20,Unknown,farewell contribution,285.0,Expense,0
2017-11-11,2017,11,November,11,Saturday,4,Saving Bank Account 1,Food,18,Eggs,6 eggs,39.0,Expense,0
2017-05-08,2017,5,May,8,Monday,2,Saving Bank Account 1,Food,18,Dinner,Egg fry + chicken lollypop,191.0,Expense,0
2015-01-31,2015,1,January,31,Saturday,1,Cash,Food,18,Unknown,bananas,20.0,Expense,0
2015-02-03,2015,2,February,3,Tuesday,1,Cash,Other,31,Unknown,shoe repair,100.0,Expense,0
2018-05-14,2018,5,May,14,Monday,2,Cash,Transportation,48,Train,2 Place 0 to Place 3,40.0,Expense,0
2018-01-04,2018,1,January,4,Thursday,1,Equity Mutual Fund D,Maturity Amount,29,Unknown,SIP Redemption,106875.0,Income,1
2016-12-13,2016,12,December,13,Tuesday,4,Saving Bank Account 1,Gift,20,Unknown,farewell contribution,350.0,Expense,0
2015-12-05,2015,12,December,5,Saturday,4,Cash,Other,31,Unknown,petrol,200.0,Expense,0
2015-02-28,2015,2,February,28,Saturday,1,Cash,Food,18,Lunch,chicken thali,55.0,Expense,0
2016-11-30,2016,11,November,30,Wednesday,4,Saving Bank Account 1,Bonus,3,Unknown,reward Gpay,5.0,Income,1
2018-05-01,2018,5,May,1,Tuesday,2,Equity Mutual Fund B,Saving Bank Account 1,37,Unknown,Unknown,2000.0,Transfer-Out,2
2017-03-31,2017,3,March,31,Friday,1,Cash,Food,18,Lunch,( pav bhaji + 2 extra pav + sabudana khichdi + kothimbir vada + masala bhat + piyush ),495.0,Expense,0
2017-05-15,2017,5,May,15,Monday,2,Saving Bank Account 1,Subscription,45,Newspaper,March 210 + April 170,380.0,Expense,0
2016-12-04,2016,12,December,4,Sunday,4,Cash,Food,18,vegetables,val + methi + lady finger,50.0,Expense,0
2017-12-25,2017,12,December,25,Monday,4,Saving Bank Account 1,Subscription,45,Mobile Service Provider,Data booster pack,181.0,Expense,0
2018-01-16,2018,1,January,16,Tuesday,1,Cash,Household,24,Kirana,Bhagar 1kg 130 + idli pith 1kg 35,165.0,Expense,0
2018-03-21,2018,3,March,21,Wednesday,1,Saving Bank Account 1,Food,18,snacks,2 kachori,24.0,Expense,0
2018-01-23,2018,1,January,23,Tuesday,1,Credit Card,Household,24,Kirana,Smart point,273.0,Expense,0
2015-01-05,2015,1,January,5,Monday,1,Cash,Other,31,Unknown,maid,333.0,Expense,0
2015-01-10,2015,1,January,10,Saturday,1,Cash,Food,18,Unknown,tea,20.0,Expense,0
2018-01-14,2018,1,January,14,Sunday,1,Cash,Transportation,48,auto,Decathlon to station,25.0,Expense,0
2016-12-29,2016,12,December,29,Thursday,4,Saving Bank Account 1,Gift,20,Unknown,Nokia 215 mobile for Aai,3195.0,Expense,0
2017-03-22,2017,3,March,22,Wednesday,1,Cash,Transportation,48,Train,2 Place 0 to WS returns,20.0,Expense,0
2017-01-29,2017,1,January,29,Sunday,1,Cash,Food,18,Milk,half liter buffalo,35.0,Expense,0
2018-06-24,2018,6,June,24,Sunday,2,Saving Bank Account 1,Food,18,Milk,milk 1lit,72.0,Expense,0
2017-01-22,2017,1,January,22,Sunday,1,Cash,Food,18,Grocery,Unknown,410.0,Expense,0
2017-07-11,2017,7,July,11,Tuesday,3,Saving Bank Account 1,Food,18,Ice cream,chocobar,15.0,Expense,0
2016-06-05,2016,6,June,5,Sunday,2,Cash,Food,18,Grocery,biscuits + medicine,68.0,Expense,0
2017-02-04,2017,2,February,4,Saturday,1,Saving Bank Account 1,Food,18,beverage,5 pouch of shreejal,60.0,Expense,0
2018-08-15,2018,8,August,15,Wednesday,3,Cash,Food,18,flour mill,M D sure 4kg atta,216.0,Expense,0
2016-02-27,2016,2,February,27,Saturday,1,Saving Bank Account 1,Subscription,45,Mobile Service Provider,Mobile Service Provider recharge wfh,251.0,Expense,0
2018-09-05,2018,9,September,5,Wednesday,3,Cash,Food,18,snacks,2 kachori,24.0,Expense,0
2017-06-19,2017,6,June,19,Monday,2,Cash,Food,18,flour mill,M D sure 3kg atta,141.0,Expense,0
2016-03-22,2016,3,March,22,Tuesday,1,Saving Bank Account 1,Subscription,45,Kindle unlimited,kindle unlimited,169.0,Expense,0
2018-07-13,2018,7,July,13,Friday,3,Credit Card,Health,23,Medicine,Cataract Medicine,1358.0,Expense,0
2018-02-11,2018,2,February,11,Sunday,1,Cash,Food,18,snacks,Vadapav,15.0,Expense,0
2017-11-18,2017,11,November,18,Saturday,4,Credit Card,Household,24,Kirana,Khobra + shengdana+ vim bar,242.0,Expense,0
2016-02-13,2016,2,February,13,Saturday,1,Saving Bank Account 1,Health,23,Health,hand gloves 4 pairs,80.0,Expense,0
2017-03-19,2017,3,March,19,Sunday,1,Saving Bank Account 1,Subscription,45,Mobile Service Provider,Mobile Service Provider freedom pack,296.0,Expense,0
2018-08-05,2018,8,August,5,Sunday,3,Cash,Family,15,Pocket money,Unknown,100.0,Expense,0
2017-06-08,2017,6,June,8,Thursday,2,Cash,Transportation,48,auto,2 Place 0 to Current Residence,30.0,Expense,0
2016-04-02,2016,4,April,2,Saturday,2,Cash,Other,31,Unknown,jeevan drop,30.0,Expense,0
2016-06-01,2016,6,June,1,Wednesday,2,Saving Bank Account 1,Investment,26,Public Provident Fund,Unknown,10000.0,Expense,0
2016-12-17,2016,12,December,17,Saturday,4,Saving Bank Account 1,Bonus,3,Unknown,reward Gpay,11.0,Income,1
2015-01-18,2015,1,January,18,Sunday,1,Cash,Food,18,Unknown,tea,8.0,Expense,0
2018-03-01,2018,3,March,1,Thursday,1,Credit Card,Food,18,Dinner,Domino's Pizza,189.0,Expense,0
2015-06-10,2015,6,June,10,Wednesday,2,Saving Bank Account 1,Investment,26,Mutual fund,mutual fund,1000.0,Expense,0
2015-02-12,2015,2,February,12,Thursday,1,Cash,Food,18,Unknown,Kurkure,10.0,Expense,0
2016-03-02,2016,3,March,2,Wednesday,1,Saving Bank Account 1,Investment,26,Public Provident Fund,Unknown,10000.0,Expense,0
2017-01-03,2017,1,January,3,Tuesday,1,Saving Bank Account 1,Food,18,Milk,milk 0.5 lit,31.0,Expense,0
2016-05-06,2016,5,May,6,Friday,2,Saving Bank Account 1,Subscription,45,Mobile Service Provider,Unknown,251.0,Expense,0
2015-01-12,2015,1,January,12,Monday,1,Cash,Transportation,48,Unknown,ola auto - to Chinchwad transport bus stop,61.0,Expense,0
2017-01-15,2017,1,January,15,Sunday,1,Cash,Food,18,Grocery,fruits and vegetables + kirana,540.0,Expense,0
2018-04-13,2018,4,April,13,Friday,2,Saving Bank Account 1,Small Cap Fund 1,42,Unknown,Unknown,5000.0,Transfer-Out,2
2017-12-04,2017,12,December,4,Monday,4,Saving Bank Account 1,Gpay Reward,21,Unknown,Unknown,6.0,Income,1
2015-03-10,2015,3,March,10,Tuesday,1,Saving Bank Account 1,Transportation,48,train,train - brc to ddr cancellation charges,11.8,Expense,0
2017-08-24,2017,8,August,24,Thursday,3,Credit Card,Food,18,Eating out,roof top lounge  (200 french fries + 100 masala tea)+15 GST + 10 Tip,325.0,Expense,0
2017-08-23,2017,8,August,23,Wednesday,3,Cash,Transportation,48,Taxi,Ola cab - Current Residence to Domestic airport T1,850.0,Expense,0
2016-11-21,2016,11,November,21,Monday,4,Cash,Transportation,48,auto,within city,50.0,Expense,0
2017-05-17,2017,5,May,17,Wednesday,2,Cash,Food,18,Tea,Unknown,5.0,Expense,0
2016-04-11,2016,4,April,11,Monday,2,Saving Bank Account 1,Food,18,Grocery,Unknown,1279.0,Expense,0
2016-05-05,2016,5,May,5,Thursday,2,Saving Bank Account 1,Investment,26,Mutual fund,Mutual fund A,1000.0,Expense,0
2018-01-03,2018,1,January,3,Wednesday,1,Saving Bank Account 1,Food,18,Milk,1 lit,69.0,Expense,0
2018-04-12,2018,4,April,12,Thursday,2,Cash,Household,24,Kirana,Unknown,112.0,Expense,0
2015-08-13,2015,8,August,13,Thursday,3,Saving Bank Account 1,Other,31,Unknown,internet renewal (3 months pack),1450.0,Expense,0
2017-06-18,2017,6,June,18,Sunday,2,Cash,Transportation,48,Bus,H to kala circle,12.0,Expense,0
2018-08-13,2018,8,August,13,Monday,3,Cash,Food,18,Ice cream,Vanila cup,10.0,Expense,0
2018-09-03,2018,9,September,3,Monday,3,Cash,Family,15,Pocket money,Unknown,2000.0,Expense,0
2018-03-06,2018,3,March,6,Tuesday,1,Cash,Family,15,Pocket money,Unknown,50.0,Expense,0
2018-02-13,2018,2,February,13,Tuesday,1,Credit Card,Food,18,Potato,potato 1kg,25.0,Expense,0
2017-12-14,2017,12,December,14,Thursday,4,Cash,Food,18,Grocery,Paneer + 1 kg onion,145.0,Expense,0
2018-08-23,2018,8,August,23,Thursday,3,Saving Bank Account 1,Food,18,Lunch,Catering Service,60.0,Expense,0
2018-01-09,2018,1,January,9,Tuesday,1,Cash,Food,18,Bread,Flatbread 12 pcs,34.0,Expense,0
2018-05-07,2018,5,May,7,Monday,2,Saving Bank Account 1,Equity Mutual Fund E,13,Unknown,Unknown,1000.0,Transfer-Out,2
2017-12-17,2017,12,December,17,Sunday,4,Cash,Transportation,48,auto,college to inorbit,25.0,Expense,0
2016-11-20,2016,11,November,20,Sunday,4,Cash,Transportation,48,auto,Locality V to Permanent Residence,50.0,Expense,0
2018-01-14,2018,1,January,14,Sunday,1,Cash,Transportation,48,auto,Pali hill to Bandra station,23.0,Expense,0
2018-09-13,2018,9,September,13,Thursday,3,Saving Bank Account 1,Transportation,48,Train,2 Place 0 to Place 3,40.0,Expense,0
2017-06-01,2017,6,June,1,Thursday,2,Saving Bank Account 1,Food,18,snacks,2 kachori,24.0,Expense,0
2017-11-22,2017,11,November,22,Wednesday,4,Saving Bank Account 1,Life Insurance,27,Unknown,Unknown,11043.0,Transfer-Out,2
2017-08-20,2017,8,August,20,Sunday,3,Credit Card,Household,24,Furniture,Foldable wardrobe,569.0,Expense,0
2018-04-22,2018,4,April,22,Sunday,2,Saving Bank Account 1,Food,18,Milk,milk 1lit,72.0,Expense,0
2017-02-18,2017,2,February,18,Saturday,1,Saving Bank Account 1,Subscription,45,Mobile Service Provider,Mobile Service Provider recharge wfh,301.0,Expense,0
2018-08-25,2018,8,August,25,Saturday,3,Cash,Apparel,1,Laundry,13 clothes ironing,91.0,Expense,0
2015-10-31,2015,10,October,31,Saturday,4,Cash,Transportation,48,auto,golden circle to b45,180.0,Expense,0
2018-07-30,2018,7,July,30,Monday,3,Cash,Health,23,Medicine,Glucose D(50) + flora bc (40)+cyra 20(10),100.0,Expense,0
2018-04-15,2018,4,April,15,Sunday,2,Cash,Food,18,snacks,pav Bhaji,70.0,Expense,0
2017-08-07,2017,8,August,7,Monday,3,Saving Bank Account 1,Family,15,Pocket money,Unknown,5000.0,Expense,0
2018-06-16,2018,6,June,16,Saturday,2,Saving Bank Account 1,Share Market,41,Unknown,Unknown,8500.0,Transfer-Out,2
2018-06-27,2018,6,June,27,Wednesday,2,Cash,Transportation,48,Train,2 Place 0 to Place P return,80.0,Expense,0
2017-07-20,2017,7,July,20,Thursday,3,Cash,Food,18,snacks,Puri packet of 50 pcs,50.0,Expense,0
2016-10-27,2016,10,October,27,Thursday,4,Cash,Food,18,fruits,apple + mosambi 1kg each,170.0,Expense,0
2017-01-05,2017,1,January,5,Thursday,1,Saving Bank Account 1,Equity Mutual Fund A,9,Unknown,Unknown,1000.0,Transfer-Out,2
2017-11-25,2017,11,November,25,Saturday,4,Credit Card,Subscription,45,Tata Sky,Permanent Residence - Tata Play recharge,156.0,Expense,0
2017-08-04,2017,8,August,4,Friday,3,Saving Bank Account 1,Subscription,45,Mobile Service Provider,Family Mobile Service Provider recharge,2999.0,Expense,0
2016-11-19,2016,11,November,19,Saturday,4,Cash,Transportation,48,Bus,bus - brc to Place H ( 27/person),54.0,Expense,0
2017-01-16,2017,1,January,16,Monday,1,Saving Bank Account 1,Household,24,Furniture,chair pair,2400.0,Expense,0
2015-06-30,2015,6,June,30,Tuesday,2,Saving Bank Account 1,Salary,36,Unknown,From workplace,47859.0,Income,1
2018-04-16,2018,4,April,16,Monday,2,Saving Bank Account 1,Apparel,1,Laundry,clothes ironing,63.0,Expense,0
2018-02-15,2018,2,February,15,Thursday,1,Credit Card,Household,24,Kirana,Supermart,117.0,Expense,0
2018-06-23,2018,6,June,23,Saturday,2,Credit Card,Subscription,45,Mobile Service Provider,Annual recharge,2545.0,Expense,0
2018-01-08,2018,1,January,8,Monday,1,Cash,Household,24,Kirana,Harpik 1L,165.0,Expense,0
2016-10-30,2016,10,October,30,Sunday,4,Saving Bank Account 1,Salary,36,Unknown,From workplace,56647.0,Income,1
2015-10-07,2015,10,October,7,Wednesday,4,Saving Bank Account 1,Investment,26,Mutual fund,reliance mutual fund,1000.0,Expense,0
2017-04-25,2017,4,April,25,Tuesday,2,Cash,Transportation,48,auto,2 Current Residence to Place 0,30.0,Expense,0
2018-02-12,2018,2,February,12,Monday,1,Cash,Food,18,flour mill,M D sure 3kg atta,162.0,Expense,0
2015-10-07,2015,10,October,7,Wednesday,4,Saving Bank Account 1,Gift,20,Unknown,kindle + gift wrap,8029.0,Expense,0
2018-01-20,2018,1,January,20,Saturday,1,Credit Card,Subscription,45,Tata Sky,Permanent Residence - Tata Play recharge,179.0,Expense,0
2017-03-22,2017,3,March,22,Wednesday,1,Cash,Transportation,48,auto,Unknown,50.0,Expense,0
2016-11-30,2016,11,November,30,Wednesday,4,Saving Bank Account 1,Salary,36,Unknown,From workplace,56586.0,Income,1
2017-04-25,2017,4,April,25,Tuesday,2,Cash,Transportation,48,auto,Place 6 station to college,10.0,Expense,0
2017-08-09,2017,8,August,9,Wednesday,3,Saving Bank Account 1,Household,24,Toiletries,Dettol liquid handwash refill,218.0,Expense,0
2016-07-25,2016,7,July,25,Monday,3,Saving Bank Account 1,Subscription,45,Mobile Service Provider,Unknown,251.0,Expense,0
2018-08-19,2018,8,August,19,Sunday,3,Saving Bank Account 1,Subscription,45,Netflix,1 month subscription,199.0,Expense,0
2016-10-09,2016,10,October,9,Sunday,4,Saving Bank Account 1,Transportation,48,auto,Permanent Residence to hospital to n fro,80.0,Expense,0
2018-08-03,2018,8,August,3,Friday,3,Saving Bank Account 1,Other,31,Unknown,From Family,100.0,Income,1
2018-01-02,2018,1,January,2,Tuesday,1,Credit Card,Household,24,Kirana,Supermart,1140.0,Expense,0
2015-12-30,2015,12,December,30,Wednesday,4,Cash,Beauty,2,Makeup,hair cut+shaving+dye+facial,2000.0,Expense,0
2015-04-23,2015,4,April,23,Thursday,2,Cash,Food,18,Milk,milk half gold,56.0,Expense,0
2018-05-13,2018,5,May,13,Sunday,2,Cash,Scrap,39,Unknown,Unknown,20.0,Income,1
2017-01-29,2017,1,January,29,Sunday,1,Saving Bank Account 1,Food,18,breakfast,brown bread,35.0,Expense,0
2018-04-14,2018,4,April,14,Saturday,2,Saving Bank Account 1,Food,18,Milk,milk 1lit,72.0,Expense,0
2017-01-09,2017,1,January,9,Monday,1,Saving Bank Account 1,Food,18,Grocery,Himalaya soap(30) + Sofie (59) + kitkat (10),99.0,Expense,0
2017-03-05,2017,3,March,5,Sunday,1,Cash,Transportation,48,Train,Place 0 to Place 6 return 2,20.0,Expense,0
2017-05-03,2017,5,May,3,Wednesday,2,Saving Bank Account 1,Subscription,45,Edtech Course,Unknown,2700.1,Expense,0
2015-10-05,2015,10,October,5,Monday,4,Saving Bank Account 1,Investment,26,Mutual fund,ICICI prudential,1000.0,Expense,0
2017-11-09,2017,11,November,9,Thursday,4,Credit Card,Household,24,Kirana,Unknown,67.0,Expense,0
2017-07-01,2017,7,July,1,Saturday,3,Saving Bank Account 1,Public Provident Fund,33,Unknown,Unknown,10000.0,Transfer-Out,2
2016-02-27,2016,2,February,27,Saturday,1,Saving Bank Account 1,Food,18,snacks,pedhe,50.0,Expense,0
2018-07-29,2018,7,July,29,Sunday,3,Saving Bank Account 1,Food,18,Eating out,Paneer pizza,260.0,Expense,0
2018-08-27,2018,8,August,27,Monday,3,Cash,Food,18,curd,Dahi 2 packets,20.0,Expense,0
2018-07-21,2018,7,July,21,Saturday,3,Cash,Food,18,fruits,Khajur pav kg,30.0,Expense,0
2018-06-27,2018,6,June,27,Wednesday,2,Credit Card,Tourism,47,Entry Fees,Planetarium,308.85,Expense,0
2017-03-28,2017,3,March,28,Tuesday,1,Cash,Food,18,beverage,Soda water,12.0,Expense,0
2018-08-24,2018,8,August,24,Friday,3,Cash,Festivals,16,Navratri,Ganpati+ navratri vargani,1000.0,Expense,0
2018-02-07,2018,2,February,7,Wednesday,1,Saving Bank Account 1,Equity Mutual Fund E,13,Unknown,Unknown,1000.0,Transfer-Out,2
2018-08-14,2018,8,August,14,Tuesday,3,Cash,Family,15,Pocket money,Unknown,30.0,Expense,0
2017-01-06,2017,1,January,6,Friday,1,Cash,Household,24,Appliances,moscuito racket,200.0,Expense,0
2016-09-28,2016,9,September,28,Wednesday,3,Cash,Other,31,Unknown,flour mill,32.0,Expense,0
2015-08-14,2015,8,August,14,Friday,3,Saving Bank Account 1,Household,24,Kitchen,mixer Philips 7756,3499.0,Expense,0
2015-03-05,2015,3,March,5,Thursday,1,Saving Bank Account 1,Investment,26,Mutual fund,ICICI prudential,1000.0,Expense,0
2017-04-26,2017,4,April,26,Wednesday,2,Saving Bank Account 1,Gift,20,Unknown,farewell contribution,385.0,Expense,0
2018-07-02,2018,7,July,2,Monday,3,Cash,Transportation,48,auto,Current Residence to Place 1 bus stop highway,40.0,Expense,0
2018-07-16,2018,7,July,16,Monday,3,Credit Card,Household,24,Hardware,Sony WI-C100 earphones wireless,1190.0,Expense,0
2017-10-11,2017,10,October,11,Wednesday,4,Saving Bank Account 1,Equity Mutual Fund D,12,Unknown,Lumpsum,10000.0,Transfer-Out,2
2017-11-25,2017,11,November,25,Saturday,4,Cash,Food,18,vegetables,Half kg tomato,10.0,Expense,0
2018-07-20,2018,7,July,20,Friday,3,Cash,Health,23,Medicine,Cataract Medicine,87.0,Expense,0
2018-08-13,2018,8,August,13,Monday,3,Saving Bank Account 1,Small Cap Fund 1,42,Unknown,Unknown,5000.0,Transfer-Out,2
2017-02-24,2017,2,February,24,Friday,1,Cash,Food,18,Lunch,At restaurant,100.0,Expense,0
2015-10-28,2015,10,October,28,Wednesday,4,Cash,Transportation,48,Bus,Place 2 to brc travels,660.0,Expense,0
2017-12-02,2017,12,December,2,Saturday,4,Saving Bank Account 1,Food,18,Ice cream,chocobar,35.0,Expense,0
2018-02-09,2018,2,February,9,Friday,1,Saving Bank Account 1,Apparel,1,Laundry,clothes ironing,98.0,Expense,0
2017-08-27,2017,8,August,27,Sunday,3,Cash,Tourism,47,Trip,Misc expense,100.0,Expense,0
2016-08-11,2016,8,August,11,Thursday,3,Saving Bank Account 1,Investment,26,LIC,Life Insurance,11286.0,Expense,0
2017-09-11,2017,9,September,11,Monday,3,Cash,Transportation,48,train,Local pass to Family,100.0,Expense,0
2015-06-05,2015,6,June,5,Friday,2,Saving Bank Account 1,Recurring Deposit,34,Unknown,Unknown,1000.0,Expense,0
2018-07-05,2018,7,July,5,Thursday,3,Cash,Transportation,48,auto,Terminal 1 to Terminal 2,83.0,Expense,0
2018-06-01,2018,6,June,1,Friday,2,Saving Bank Account 1,Public Provident Fund,33,Unknown,Unknown,12500.0,Transfer-Out,2
2017-05-18,2017,5,May,18,Thursday,2,Saving Bank Account 1,Food,18,Lunch,Bhai poli,45.0,Expense,0
2018-03-14,2018,3,March,14,Wednesday,1,Cash,Food,18,Onions,onion 2 kg,40.0,Expense,0
2017-01-03,2017,1,January,3,Tuesday,1,Cash,Transportation,48,train,Place 0 to WS returns,20.0,Expense,0
2017-11-05,2017,11,November,5,Sunday,4,Saving Bank Account 1,Subscription,45,Tata Sky,Current Residence - Tata Play recharge,200.0,Expense,0
2017-05-11,2017,5,May,11,Thursday,2,Cash,Food,18,Tea,Unknown,10.0,Expense,0
2016-11-29,2016,11,November,29,Tuesday,4,Cash,Family,15,misc,Himalaya shampoo,60.0,Expense,0
2018-08-02,2018,8,August,2,Thursday,3,Cash,Health,23,Health,eyewear Glasses advance,1000.0,Expense,0
2016-12-31,2016,12,December,31,Saturday,4,Saving Bank Account 1,Health,23,Medicine,strepsils 1 strip,24.0,Expense,0
2017-11-20,2017,11,November,20,Monday,4,Cash,Scrap,39,Unknown,Unknown,200.0,Income,1
2017-12-09,2017,12,December,9,Saturday,4,Cash,Food,18,Lunch,Catering Service,85.0,Expense,0
2016-10-14,2016,10,October,14,Friday,4,Saving Bank Account 1,Food,18,Grocery,sugar + biscuits,120.0,Expense,0
2015-09-30,2015,9,September,30,Wednesday,3,Cash,Other,31,Unknown,phone cover,100.0,Expense,0
2018-07-31,2018,7,July,31,Tuesday,3,Saving Bank Account 1,Money Transfer,30,Home,Unknown,30000.0,Expense,0
2018-03-18,2018,3,March,18,Sunday,1,Cash,Food,18,snacks,Dabeli,15.0,Expense,0
2018-08-13,2018,8,August,13,Monday,3,Cash,Household,24,home decor,Brass Puja plate and diva,220.0,Expense,0
2018-01-29,2018,1,January,29,Monday,1,Saving Bank Account 1,Food,18,Eggs,6 eggs,42.0,Expense,0
2015-12-05,2015,12,December,5,Saturday,4,Cash,Food,18,snacks,Cadbury 2 + chips 2,90.0,Expense,0
2016-10-15,2016,10,October,15,Saturday,4,Saving Bank Account 1,Food,18,Grocery,Unknown,430.0,Expense,0
2017-06-22,2017,6,June,22,Thursday,2,Saving Bank Account 1,Food,18,Eating out,Taco Bell veg combo,261.0,Expense,0
2017-10-01,2017,10,October,1,Sunday,4,Saving Bank Account 1,Subscription,45,Hotstar,3 months subscription Mobile,149.0,Expense,0
2017-05-21,2017,5,May,21,Sunday,2,Cash,Transportation,48,auto,Decathlon to station,20.0,Expense,0
2015-03-06,2015,3,March,6,Friday,1,Cash,Transportation,48,auto,B45 to brc,10.0,Expense,0
2015-04-05,2015,4,April,5,Sunday,2,Saving Bank Account 1,Money Transfer,30,Unknown,Unknown,10000.0,Expense,0
2015-04-01,2015,4,April,1,Wednesday,2,Cash,Food,18,Grocery,toothbrush + biscuits,50.0,Expense,0
2017-12-01,2017,12,December,1,Friday,4,Saving Bank Account 1,Food,18,Milk,1 lit,69.0,Expense,0
2017-09-08,2017,9,September,8,Friday,3,Saving Bank Account 1,Transportation,48,Travels,2 Place 1 to Place 2 - Novelty tour and travels,1440.0,Expense,0
2018-04-02,2018,4,April,2,Monday,2,Cash,Maid,28,Unknown,Unknown,2000.0,Expense,0
2018-06-19,2018,6,June,19,Tuesday,2,Saving Bank Account 1,Family,15,Pocket money,Unknown,2000.0,Expense,0
2015-10-10,2015,10,October,10,Saturday,4,Saving Bank Account 1,Investment,26,Mutual fund,mutual fund,1000.0,Expense,0
2018-05-15,2018,5,May,15,Tuesday,2,Cash,Transportation,48,auto,within city,30.0,Expense,0
2017-05-18,2017,5,May,18,Thursday,2,Cash,Food,18,Tea,Unknown,10.0,Expense,0
2016-12-11,2016,12,December,11,Sunday,4,Cash,Other,31,Unknown,jeevan drop,45.0,Expense,0
2018-07-28,2018,7,July,28,Saturday,3,Cash,Food,18,vegetables,Unknown,195.0,Expense,0
2018-03-18,2018,3,March,18,Sunday,1,Cash,Food,18,snacks,Papad packet,50.0,Expense,0
2018-01-01,2018,1,January,1,Monday,1,Cash,Maid,28,Unknown,Unknown,2000.0,Expense,0
2018-06-01,2018,6,June,1,Friday,2,Equity Mutual Fund B,Saving Bank Account 1,37,Unknown,Unknown,2000.0,Transfer-Out,2
2015-11-27,2015,11,November,27,Friday,4,Cash,Food,18,snacks,egg roll,25.0,Expense,0
2017-02-26,2017,2,February,26,Sunday,1,Cash,Transportation,48,auto,Current Residence to Place 0,30.0,Expense,0
2015-01-01,2015,1,January,1,Thursday,1,Cash,Transportation,48,Unknown,share auto - Place H to Place T base,20.0,Expense,0
2018-08-03,2018,8,August,3,Friday,3,Saving Bank Account 1,Dividend Earned On Shares,6,Unknown,Redington Stocks,180.0,Income,1
2016-11-10,2016,11,November,10,Thursday,4,Saving Bank Account 1,Investment,26,LIC,Life Insurance,11286.0,Expense,0
2018-08-31,2018,8,August,31,Friday,3,Saving Bank Account 1,Salary,36,Unknown,From workplace,70255.0,Income,1
2015-02-04,2015,2,February,4,Wednesday,1,Credit Card,Food,18,Unknown,grocery,1178.0,Expense,0
2015-04-07,2015,4,April,7,Tuesday,2,Saving Bank Account 1,Investment,26,Mutual fund,reliance mutual fund,1000.0,Expense,0
2018-03-14,2018,3,March,14,Wednesday,1,Share Market Trading,Saving Bank Account 1,37,Unknown,Unused funds,42.88,Transfer-Out,2
2017-03-31,2017,3,March,31,Friday,1,Cash,Transportation,48,auto,Place 0 to Current Residence,15.0,Expense,0
2017-12-17,2017,12,December,17,Sunday,4,Credit Card,Household,24,Kirana,Dmart,878.0,Expense,0
2016-10-09,2016,10,October,9,Sunday,4,Saving Bank Account 1,Food,18,Grocery,mosambi 1kg+ gavar pav kilo+lemon 3 + kothimbir,90.0,Expense,0
2015-10-01,2015,10,October,1,Thursday,4,Saving Bank Account 1,Public Provident Fund,33,Unknown,Unknown,10000.0,Expense,0
2018-09-20,2018,9,September,20,Thursday,3,Cash,Transportation,48,Train,2 Place 5 to Place 0,30.0,Expense,0
2016-02-28,2016,2,February,28,Sunday,1,Saving Bank Account 1,Food,18,snacks,pedhe,100.0,Expense,0
2017-08-02,2017,8,August,2,Wednesday,3,Saving Bank Account 1,Food,18,Milk,milk 1lit,66.0,Expense,0
2017-07-31,2017,7,July,31,Monday,3,Cash,Transportation,48,auto,ola auto - Current Residence to McD,65.0,Expense,0
2016-11-19,2016,11,November,19,Saturday,4,Cash,Transportation,48,ropeway,ropeway Place T to and fro (169/person),338.0,Expense,0
2018-08-10,2018,8,August,10,Friday,3,Cash,Family,15,Pocket money,Unknown,35.0,Expense,0
2017-03-25,2017,3,March,25,Saturday,1,Saving Bank Account 1,Health,23,Medicine,Jel,110.0,Expense,0
2016-09-05,2016,9,September,5,Monday,3,Saving Bank Account 1,Investment,26,Mutual fund,Unknown,1000.0,Expense,0
2017-12-31,2017,12,December,31,Sunday,4,Cash,Food,18,Bread,Flatbread 24 pcs,30.0,Expense,0
2016-05-31,2016,5,May,31,Tuesday,2,Saving Bank Account 1,Transportation,48,auto,Permanent Residence to LB road,50.0,Expense,0
2015-11-29,2015,11,November,29,Sunday,4,Cash,Transportation,48,auto,Unknown,30.0,Expense,0
2017-08-20,2017,8,August,20,Sunday,3,Cash,Transportation,48,auto,2 Current Residence to Place 0,30.0,Expense,0
2017-04-01,2017,4,April,1,Saturday,2,Saving Bank Account 1,Public Provident Fund,33,Unknown,Unknown,10000.0,Transfer-Out,2
2017-11-30,2017,11,November,30,Thursday,4,Credit Card,Health,23,Health,Family's Glasses,22700.0,Expense,0
2017-01-07,2017,1,January,7,Saturday,1,Saving Bank Account 1,Equity Mutual Fund E,13,Unknown,Unknown,1000.0,Transfer-Out,2
2016-11-25,2016,11,November,25,Friday,4,Saving Bank Account 1,Bonus,3,Unknown,reward Gpay,5.0,Income,1
2016-09-11,2016,9,September,11,Sunday,3,Saving Bank Account 1,Food,18,Milk,half liter buffalo,35.0,Expense,0
2018-02-17,2018,2,February,17,Saturday,1,Cash,Food,18,Lunch,5 chapati,30.0,Expense,0
2017-11-15,2017,11,November,15,Wednesday,4,Saving Bank Account 1,Education,8,Stationary,Photo paper print,45.0,Expense,0
2018-03-30,2018,3,March,30,Friday,1,Cash,Food,18,Milk,milk 1lit,72.0,Expense,0
2018-04-02,2018,4,April,2,Monday,2,Credit Card,Household,24,Hardware,Window cleaner,149.0,Expense,0
2015-08-05,2015,8,August,5,Wednesday,3,Saving Bank Account 1,Recurring Deposit,34,Unknown,Unknown,1000.0,Expense,0
2016-05-17,2016,5,May,17,Tuesday,2,Cash,Other,31,Unknown,Aadhar mobile number and email id updated,100.0,Expense,0
2018-07-31,2018,7,July,31,Tuesday,3,Cash,Food,18,chocolate,10 melody,10.0,Expense,0
2017-01-31,2017,1,January,31,Tuesday,1,Saving Bank Account 1,Salary,36,Unknown,From workplace,63101.0,Income,1
2015-02-13,2015,2,February,13,Friday,1,Saving Bank Account 1,Food,18,Unknown,chana chat + tea,21.0,Expense,0
2017-12-26,2017,12,December,26,Tuesday,4,Fixed Deposit,Saving Bank Account 1,37,Unknown,Unknown,150000.0,Transfer-Out,2
2016-07-21,2016,7,July,21,Thursday,3,Saving Bank Account 1,Subscription,45,Mobile Service Provider,Unknown,251.0,Expense,0
2017-11-14,2017,11,November,14,Tuesday,4,Cash,Family,15,Pocket money,Unknown,770.0,Expense,0
2017-06-18,2017,6,June,18,Sunday,2,Cash,Transportation,48,Bus,Kala circle to H,15.0,Expense,0
2018-08-17,2018,8,August,17,Friday,3,Cash,Food,18,Milk,Half lit  milk,36.0,Expense,0
2017-05-28,2017,5,May,28,Sunday,2,Saving Bank Account 1,Food,18,breakfast,Medu vada 1 plate + dal vada 1,70.0,Expense,0
2017-11-08,2017,11,November,8,Wednesday,4,Saving Bank Account 1,Gpay Reward,21,Unknown,Unknown,6.0,Income,1
2016-04-12,2016,4,April,12,Tuesday,2,Saving Bank Account 1,Investment,26,Mutual fund,Mutual fund C,1000.0,Expense,0
2017-06-06,2017,6,June,6,Tuesday,2,Cash,Education,8,Stationary,Print out,3.0,Expense,0
2018-06-25,2018,6,June,25,Monday,2,Saving Bank Account 1,Food,18,Lunch,Home Food Delivery,320.0,Expense,0
2018-07-13,2018,7,July,13,Friday,3,Saving Bank Account 1,Small Cap Fund 2,43,Unknown,Unknown,5000.0,Transfer-Out,2
2017-08-05,2017,8,August,5,Saturday,3,Credit Card,Gift,20,Unknown,Purse on occasion of Rakshabandhan,909.0,Expense,0
2018-04-07,2018,4,April,7,Saturday,2,Cash,Household,24,Kirana,Pav kg chana dal,24.0,Expense,0
2015-12-10,2015,12,December,10,Thursday,4,Saving Bank Account 1,Investment,26,Mutual fund,Unknown,1000.0,Expense,0
2017-07-21,2017,7,July,21,Friday,3,Saving Bank Account 1,Food,18,Milk,Half lit  milk,33.0,Expense,0
2015-01-26,2015,1,January,26,Monday,1,Credit Card,Food,18,Unknown,grocery,311.0,Expense,0
2015-10-22,2015,10,October,22,Thursday,4,Saving Bank Account 1,Other,31,Unknown,Mobile Service Provider recharge wfh,251.0,Expense,0
2017-06-03,2017,6,June,3,Saturday,2,Saving Bank Account 1,Food,18,beverage,sugarcane juice,20.0,Expense,0
2017-06-05,2017,6,June,5,Monday,2,Cash,Food,18,Dinner,Chicken Biryani 120+ dal rice 60,180.0,Expense,0
2015-06-01,2015,6,June,1,Monday,2,Saving Bank Account 1,Rent,35,Unknown,Unknown,2543.0,Expense,0
2016-10-01,2016,10,October,1,Saturday,4,Saving Bank Account 1,Money Transfer,30,Unknown,Unknown,10000.0,Expense,0
2018-09-13,2018,9,September,13,Thursday,3,Cash,Food,18,Grocery,1kg atta,46.0,Expense,0
2018-03-13,2018,3,March,13,Tuesday,1,Cash,Family,15,Pocket money,Unknown,480.0,Expense,0
2017-12-19,2017,12,December,19,Tuesday,4,Cash,Family,15,Pocket money,Unknown,500.0,Expense,0
2018-05-27,2018,5,May,27,Sunday,2,Cash,Household,24,Kirana,Soap + dahya pav kg,75.0,Expense,0
2017-10-23,2017,10,October,23,Monday,4,Cash,Festivals,16,Diwali,Aakash kandil,200.0,Expense,0
2017-02-04,2017,2,February,4,Saturday,1,Cash,Apparel,1,Laundry,clothes ironing,38.0,Expense,0
2018-04-01,2018,4,April,1,Sunday,2,Saving Bank Account 2,Interest,25,Unknown,interest paid,345.0,Income,1
2015-05-11,2015,5,May,11,Monday,2,Cash,Food,18,Grocery,onions,20.0,Expense,0
2015-02-09,2015,2,February,9,Monday,1,Cash,Food,18,Unknown,farsan + khari sing,150.0,Expense,0
2017-02-25,2017,2,February,25,Saturday,1,Saving Bank Account 1,Food,18,Dinner,veg paneer tikka 4 roti,318.0,Expense,0
2017-10-08,2017,10,October,8,Sunday,4,Credit Card,Family,15,clothes,Fab India,3198.0,Expense,0
2017-09-30,2017,9,September,30,Saturday,3,Saving Bank Account 1,Food,18,Grocery,vegetables,135.0,Expense,0
2017-12-04,2017,12,December,4,Monday,4,Cash,Food,18,snacks,Amul butter,50.0,Expense,0
2016-11-15,2016,11,November,15,Tuesday,4,Cash,Other,31,Unknown,flowers,10.0,Expense,0
2018-03-08,2018,3,March,8,Thursday,1,Cash,Petty Cash,32,Unknown,From Family,500.0,Income,1
2016-12-07,2016,12,December,7,Wednesday,4,Saving Bank Account 1,Investment,26,Mutual fund,Unknown,1000.0,Expense,0
2015-11-01,2015,11,November,1,Sunday,4,Cash,Transportation,48,auto,Locality V to Permanent Residence,70.0,Expense,0
2017-06-25,2017,6,June,25,Sunday,2,Cash,Transportation,48,Train,Place 0 to WS return,10.0,Expense,0
2017-07-12,2017,7,July,12,Wednesday,3,Saving Bank Account 1,Food,18,Milk,milk 1lit,64.0,Expense,0
2017-09-18,2017,9,September,18,Monday,3,Cash,Food,18,fruits,Nariyal,55.0,Expense,0
2018-02-23,2018,2,February,23,Friday,1,Cash,Health,23,Medicine,Refresh Tears Drop,128.0,Expense,0
2016-12-19,2016,12,December,19,Monday,4,Saving Bank Account 1,Household,24,Toiletries,sensitive toothbrush,49.0,Expense,0
2017-12-07,2017,12,December,7,Thursday,4,Saving Bank Account 1,Food,18,Milk,milk 1lit,69.0,Expense,0
2018-08-28,2018,8,August,28,Tuesday,3,Saving Bank Account 1,Dividend Earned On Shares,6,Unknown,Astral Stocks,6.75,Income,1
2017-11-01,2017,11,November,1,Wednesday,4,Saving Bank Account 1,Money Transfer,30,Home,Unknown,10000.0,Expense,0
2017-12-12,2017,12,December,12,Tuesday,4,Cash,Food,18,Lunch,Catering Service,80.0,Expense,0
2018-02-10,2018,2,February,10,Saturday,1,Saving Bank Account 1,Share Market,41,Unknown,Unknown,4825.0,Transfer-Out,2
2017-07-02,2017,7,July,2,Sunday,3,Saving Bank Account 1,Food,18,Ice cream,7 mava kulfie,140.0,Expense,0
2017-05-16,2017,5,May,16,Tuesday,2,Cash,Food,18,Tea,Unknown,10.0,Expense,0
2017-12-24,2017,12,December,24,Sunday,4,Saving Bank Account 1,Food,18,Milk,Half lit  milk,35.0,Expense,0
2016-08-05,2016,8,August,5,Friday,3,Saving Bank Account 1,Investment,26,RD,Unknown,1000.0,Expense,0
2016-01-12,2016,1,January,12,Tuesday,1,Cash,Apparel,1,Footwear,slippers,200.0,Expense,0
2016-02-27,2016,2,February,27,Saturday,1,Cash,Other,31,Unknown,moscuito racket,250.0,Expense,0
2017-05-09,2017,5,May,9,Tuesday,2,Saving Bank Account 1,Food,18,Dinner,4 chapati,20.0,Expense,0
2017-07-20,2017,7,July,20,Thursday,3,Credit Card,Subscription,45,Mobile Service Provider,Annual recharge,2545.0,Expense,0
2017-08-22,2017,8,August,22,Tuesday,3,Cash,Family,15,Pocket money,Unknown,5000.0,Expense,0
2018-04-07,2018,4,April,7,Saturday,2,Credit Card,Household,24,Kirana,Supermart,1857.0,Expense,0
2018-01-02,2018,1,January,2,Tuesday,1,Cash,Health,23,Medicine,Refresh Tears Drop,158.0,Expense,0
2017-04-23,2017,4,April,23,Sunday,2,Saving Bank Account 1,Food,18,vegetables,Ladyfinger pav kg,15.0,Expense,0
2015-09-21,2015,9,September,21,Monday,3,Saving Bank Account 1,Other,31,Unknown,Mobile Service Provider fi router,2099.0,Expense,0
2018-04-14,2018,4,April,14,Saturday,2,Saving Bank Account 1,Food,18,Grocery,Pizza base packet 2,40.0,Expense,0
2017-09-15,2017,9,September,15,Friday,3,Saving Bank Account 1,Health,23,Medicine,Unknown,373.0,Expense,0
2017-11-27,2017,11,November,27,Monday,4,Cash,Transportation,48,auto,2 Place 0 to Current Residence,30.0,Expense,0
2017-12-10,2017,12,December,10,Sunday,4,Cash,Food,18,snacks,Gupta bhel,25.0,Expense,0
2017-05-12,2017,5,May,12,Friday,2,Cash,Food,18,Tea,Unknown,10.0,Expense,0
2017-08-21,2017,8,August,21,Monday,3,Saving Bank Account 1,Household,24,Appliances,Selfie stick Bluetooth tripod,280.0,Expense,0
2017-09-15,2017,9,September,15,Friday,3,Saving Bank Account 1,Food,18,Tea,2 tea parcel,24.0,Expense,0
2018-03-06,2018,3,March,6,Tuesday,1,Saving Bank Account 1,Petty Cash,32,Unknown,From Family,3500.0,Income,1
2018-01-04,2018,1,January,4,Thursday,1,Cash,Household,24,Kirana,Nandadip oil bottle,130.0,Expense,0
2015-03-01,2015,3,March,1,Sunday,1,Saving Bank Account 1,Food,18,Lunch,chicken manchow soup,88.0,Expense,0
2015-03-07,2015,3,March,7,Saturday,1,Saving Bank Account 1,Recurring Deposit,34,Unknown,Unknown,1000.0,Expense,0
2017-05-03,2017,5,May,3,Wednesday,2,Cash,Transportation,48,train,Place 3 to Place 2 sevagram,1100.0,Expense,0
2017-03-06,2017,3,March,6,Monday,1,Cash,Food,18,Milk,milk 1lit,62.0,Expense,0
2016-08-29,2016,8,August,29,Monday,3,Cash,Household,24,Kitchen,boric powder,40.0,Expense,0
2015-01-01,2015,1,January,1,Thursday,1,Credit Card,Food,18,Unknown,bendys chicken biryani,400.0,Expense,0
2017-03-01,2017,3,March,1,Wednesday,1,Cash,Household,24,Hardware,measuring tape,50.0,Expense,0
2017-05-18,2017,5,May,18,Thursday,2,Saving Bank Account 1,Food,18,Dinner,pav bhaji + 5 pav extra,219.0,Expense,0
2015-03-31,2015,3,March,31,Tuesday,1,Saving Bank Account 1,Salary,36,Unknown,From workplace,70806.0,Income,1
2015-10-23,2015,10,October,23,Friday,4,Cash,Transportation,48,auto,mandir to hospital,20.0,Expense,0
2017-04-25,2017,4,April,25,Tuesday,2,Saving Bank Account 1,Food,18,snacks,2 kachori,24.0,Expense,0
2017-03-31,2017,3,March,31,Friday,1,Cash,Transportation,48,Taxi,siddhivinayak to shiv sena bhavan,30.0,Expense,0
2017-02-28,2017,2,February,28,Tuesday,1,Cash,Transportation,48,auto,Place 0 to Current Residence,30.0,Expense,0
2015-10-29,2015,10,October,29,Thursday,4,Saving Bank Account 1,Transportation,48,Bus,redbus - brc to Place 2,665.0,Expense,0
2017-06-10,2017,6,June,10,Saturday,2,Saving Bank Account 1,Transportation,48,train,2 Kushinagar express (LTT to Place 2),501.0,Expense,0
2017-01-01,2017,1,January,1,Sunday,1,Saving Bank Account 1,Health,23,Hospital,Doctor Fees,300.0,Expense,0
2017-06-10,2017,6,June,10,Saturday,2,Saving Bank Account 1,Recurring Deposit,34,Unknown,Unknown,1000.0,Transfer-Out,2
2015-01-29,2015,1,January,29,Thursday,1,Cash,Food,18,Unknown,good day biscuits,38.0,Expense,0
2015-03-11,2015,3,March,11,Wednesday,1,Saving Bank Account 1,Recurring Deposit,34,Unknown,Unknown,1000.0,Expense,0
2017-06-19,2017,6,June,19,Monday,2,Saving Bank Account 1,Food,18,Grocery,Amul malai paneer pav kg,80.0,Expense,0
2017-10-23,2017,10,October,23,Monday,4,Cash,Household,24,Kirana,Unknown,50.0,Expense,0
2018-08-13,2018,8,August,13,Monday,3,Saving Bank Account 1,Small Cap Fund 2,43,Unknown,Unknown,5000.0,Transfer-Out,2
2017-07-11,2017,7,July,11,Tuesday,3,Saving Bank Account 1,Other,31,Unknown,Gift from inlaws,20000.0,Income,1
2017-11-18,2017,11,November,18,Saturday,4,Saving Bank Account 1,Self-Development,40,Unknown,Marathon,950.0,Expense,0
2016-09-08,2016,9,September,8,Thursday,3,Saving Bank Account 1,Subscription,45,Mobile Service Provider,Unknown,251.0,Expense,0
2018-01-01,2018,1,January,1,Monday,1,Cash,Food,18,Milk,1 lit,69.0,Expense,0
2015-09-10,2015,9,September,10,Thursday,3,Saving Bank Account 1,Recurring Deposit,34,Unknown,Unknown,1000.0,Expense,0
2015-01-06,2015,1,January,6,Tuesday,1,Cash,Food,18,Unknown,sprout chat,15.0,Expense,0
2018-08-22,2018,8,August,22,Wednesday,3,Saving Bank Account 1,Life Insurance,27,Unknown,Unknown,11043.0,Transfer-Out,2
2018-07-20,2018,7,July,20,Friday,3,Credit Card,Health,23,Medicine,Cataract Medicine,1048.0,Expense,0
2017-07-21,2017,7,July,21,Friday,3,Saving Bank Account 1,Equity Mutual Fund C,11,Unknown,Unknown,1000.0,Transfer-Out,2
2017-09-28,2017,9,September,28,Thursday,3,Saving Bank Account 1,Subscription,45,Tata Sky,Current Residence - Tata Play recharge,215.0,Expense,0
2017-09-30,2017,9,September,30,Saturday,3,Saving Bank Account 1,Interest,25,Unknown,interest paid,778.0,Income,1
2017-11-15,2017,11,November,15,Wednesday,4,Saving Bank Account 1,Food,18,Bread,brown bread,25.0,Expense,0
2017-04-23,2017,4,April,23,Sunday,2,Saving Bank Account 1,Food,18,snacks,2 Veg puff,40.0,Expense,0
2016-03-20,2016,3,March,20,Sunday,1,Cash,Food,18,Grocery,sambhar masala,35.0,Expense,0
2017-03-07,2017,3,March,7,Tuesday,1,Cash,Food,18,Grocery,Unknown,105.0,Expense,0
2017-06-28,2017,6,June,28,Wednesday,2,Saving Bank Account 1,Food,18,Lunch,Chicken lollypop 4 pcs,186.5,Expense,0
2018-02-22,2018,2,February,22,Thursday,1,Saving Bank Account 1,Subscription,45,Tata Sky,Permanent Residence - Tata Play recharge,157.0,Expense,0
2015-01-09,2015,1,January,9,Friday,1,Cash,Other,31,Unknown,participation fee - corporate cricket league,650.0,Expense,0
2018-04-16,2018,4,April,16,Monday,2,Saving Bank Account 1,Household,24,Kirana,Supermart,265.0,Expense,0
2018-04-02,2018,4,April,2,Monday,2,Cash,Food,18,curd,Dahi 2 packets,20.0,Expense,0
2017-08-25,2017,8,August,25,Friday,3,Cash,Health,23,Medicine,strepsils 13 pills,39.0,Expense,0
2017-05-05,2017,5,May,5,Friday,2,Saving Bank Account 1,Food,18,Dinner,Bhendi masala 30 + 3 chapati,45.0,Expense,0
2017-10-19,2017,10,October,19,Thursday,4,Cash,Food,18,snacks,Gupta bhel,25.0,Expense,0
2017-11-13,2017,11,November,13,Monday,4,Saving Bank Account 1,Household,24,Kirana,Pani Puri packet + Bundi + chivda,180.0,Expense,0
2015-01-22,2015,1,January,22,Thursday,1,Cash,Food,18,Unknown,tea,20.0,Expense,0
2018-03-05,2018,3,March,5,Monday,1,Saving Bank Account 1,Food,18,flour mill,M D sure 3kg atta,162.0,Expense,0
2017-01-03,2017,1,January,3,Tuesday,1,Cash,Food,18,Tea,yevle amrutullya,20.0,Expense,0
2015-11-05,2015,11,November,5,Thursday,4,Saving Bank Account 1,Recurring Deposit,34,Unknown,Unknown,1000.0,Expense,0
2015-02-15,2015,2,February,15,Sunday,1,Cash,Household,24,Unknown,mixer repair,250.0,Expense,0
2015-11-29,2015,11,November,29,Sunday,4,Cash,Transportation,48,auto,Unknown,50.0,Expense,0
2015-02-26,2015,2,February,26,Thursday,1,Cash,Food,18,Grocery,eggs,30.0,Expense,0
2018-01-06,2018,1,January,6,Saturday,1,Cash,Food,18,Milk,1 lit,69.0,Expense,0
2018-07-04,2018,7,July,4,Wednesday,3,Saving Bank Account 1,Health,23,Lab Tests,2 Thyroid (1000) + cholesterol (220) + uric acid (220),1440.0,Expense,0
2017-03-27,2017,3,March,27,Monday,1,Saving Bank Account 1,Household,24,Appliances,USB cord,260.0,Expense,0
2017-07-18,2017,7,July,18,Tuesday,3,Saving Bank Account 1,Food,18,beverage,Thumbs up 250ml,20.0,Expense,0
2018-08-29,2018,8,August,29,Wednesday,3,Cash,Food,18,Ice cream,chocobar,15.0,Expense,0
2017-02-28,2017,2,February,28,Tuesday,1,Cash,Food,18,Grocery,sabudana + rajgira ladu,85.0,Expense,0
2017-12-18,2017,12,December,18,Monday,4,Credit Card,Apparel,1,Clothing,undergarment single,312.0,Expense,0
2018-08-05,2018,8,August,5,Sunday,3,Cash,Transportation,48,auto,Current Residence to Place 0,15.0,Expense,0
2018-07-05,2018,7,July,5,Thursday,3,Cash,Food,18,Tea,cutting chai,7.0,Expense,0
2017-07-01,2017,7,July,1,Saturday,3,Saving Bank Account 1,Money Transfer,30,Home,Unknown,10000.0,Expense,0
2017-10-26,2017,10,October,26,Thursday,4,Cash,Festivals,16,Diwali,Offering,10.0,Expense,0
2016-04-16,2016,4,April,16,Saturday,2,Cash,Household,24,Toiletries,sensodyne toothbrush,50.0,Expense,0
2015-10-31,2015,10,October,31,Saturday,4,Cash,Health,23,Health,face mask,150.0,Expense,0
2015-04-02,2015,4,April,2,Thursday,2,Cash,Cook,4,Unknown,Unknown,5000.0,Expense,0
2015-01-24,2015,1,January,24,Saturday,1,Cash,Food,18,Unknown,tea,30.0,Expense,0
2017-08-05,2017,8,August,5,Saturday,3,Saving Bank Account 1,Health,23,Hospital,Medical tests - Family,6190.0,Expense,0
2016-10-27,2016,10,October,27,Thursday,4,Saving Bank Account 1,Subscription,45,Mobile Service Provider,Unknown,251.0,Expense,0
2017-07-18,2017,7,July,18,Tuesday,3,Cash,Other,31,Unknown,Hari oil depo coupon,25.0,Income,1
2017-05-21,2017,5,May,21,Sunday,2,Cash,Transportation,48,auto,2 Current Residence to Place 0,30.0,Expense,0
2016-03-29,2016,3,March,29,Tuesday,1,Cash,Other,31,Unknown,owalni,100.0,Expense,0
2017-05-13,2017,5,May,13,Saturday,2,Saving Bank Account 1,Food,18,Lunch,4 chapati,20.0,Expense,0
2018-02-19,2018,2,February,19,Monday,1,Saving Bank Account 1,Petty Cash,32,Unknown,From Family,170.0,Income,1
2017-01-03,2017,1,January,3,Tuesday,1,Saving Bank Account 1,Subscription,45,Edtech Course,Unknown,2816.92,Expense,0
2018-02-26,2018,2,February,26,Monday,1,Saving Bank Account 1,Food,18,beverage,chaas,17.0,Expense,0
2016-04-05,2016,4,April,5,Tuesday,2,Saving Bank Account 1,Investment,26,RD,Unknown,1000.0,Expense,0
2016-09-30,2016,9,September,30,Friday,3,Saving Bank Account 1,Salary,36,Unknown,From workplace,58058.0,Income,1
2017-05-05,2017,5,May,5,Friday,2,Saving Bank Account 1,Equity Mutual Fund A,9,Unknown,Unknown,1000.0,Transfer-Out,2
2017-03-11,2017,3,March,11,Saturday,1,Cash,Food,18,snacks,bhel + shev puri,60.0,Expense,0
2017-01-06,2017,1,January,6,Friday,1,Cash,Food,18,Milk,milk 0.5 lit,31.0,Expense,0
2018-04-21,2018,4,April,21,Saturday,2,Cash,Food,18,curd,Dahi 2 packets,20.0,Expense,0
2015-05-01,2015,5,May,1,Friday,2,Cash,Food,18,Grocery,dahi,20.0,Expense,0
2017-07-05,2017,7,July,5,Wednesday,3,Saving Bank Account 1,Food,18,Grocery,2 Kg Onion 30/kg + 1 kg Potato 30/kg + Parle Biscuit Rs 10,100.0,Expense,0
2018-09-01,2018,9,September,1,Saturday,3,Saving Bank Account 1,Public Provident Fund,33,Unknown,Unknown,12500.0,Transfer-Out,2
2017-03-05,2017,3,March,5,Sunday,1,Saving Bank Account 1,Food,18,Grocery,Unknown,949.0,Expense,0
2017-06-28,2017,6,June,28,Wednesday,2,Cash,Maid,28,Unknown,House Cleaning + washing utensils,2000.0,Expense,0
2016-06-12,2016,6,June,12,Sunday,2,Cash,Food,18,Eggs,Unknown,84.0,Expense,0
2017-11-25,2017,11,November,25,Saturday,4,Saving Bank Account 1,Food,18,Milk,1 lit,69.0,Expense,0
2017-09-23,2017,9,September,23,Saturday,3,Saving Bank Account 1,Food,18,Dinner,Chicken masala gravy,100.0,Expense,0
2017-04-30,2017,4,April,30,Sunday,2,Cash,Food,18,fruits,6 bananas,25.0,Expense,0
2018-07-04,2018,7,July,4,Wednesday,3,Cash,Health,23,Hospital,Doctor Fees,100.0,Expense,0
2015-01-29,2015,1,January,29,Thursday,1,Cash,Food,18,Unknown,milk half shakti,26.0,Expense,0
2017-01-05,2017,1,January,5,Thursday,1,Cash,Household,24,Appliances,inverter battery check,100.0,Expense,0
2017-07-04,2017,7,July,4,Tuesday,3,Saving Bank Account 1,Food,18,Bread,Unknown,35.0,Expense,0
2017-03-05,2017,3,March,5,Sunday,1,Cash,Food,18,beverage,sugarcane juice 2,30.0,Expense,0
2017-06-10,2017,6,June,10,Saturday,2,Saving Bank Account 1,Equity Mutual Fund F,14,Unknown,Unknown,1000.0,Transfer-Out,2
2016-01-07,2016,1,January,7,Thursday,1,Saving Bank Account 1,Investment,26,Mutual fund,Mutual fund B,1000.0,Expense,0
2017-10-05,2017,10,October,5,Thursday,4,Saving Bank Account 1,Equity Mutual Fund A,9,Unknown,Unknown,1000.0,Transfer-Out,2
2018-02-28,2018,2,February,28,Wednesday,1,Credit Card,Food,18,Onions,onion 1 kg,30.0,Expense,0
2017-09-20,2017,9,September,20,Wednesday,3,Saving Bank Account 1,Health,23,Health,Surgical gloves pair,20.0,Expense,0
2017-08-04,2017,8,August,4,Friday,3,Saving Bank Account 1,Food,18,Milk,milk 1lit,68.0,Expense,0
2017-08-22,2017,8,August,22,Tuesday,3,Cash,Household,24,Kitchen,Mahanagar Gas connection installation,300.0,Expense,0
2018-01-26,2018,1,January,26,Friday,1,Saving Bank Account 1,Food,18,Rajgira ladu,1 packet,20.0,Expense,0
2017-12-04,2017,12,December,4,Monday,4,Saving Bank Account 1,Food,18,Bread,Unknown,35.0,Expense,0
2018-01-04,2018,1,January,4,Thursday,1,Saving Bank Account 1,Small Cap Fund 1,42,Unknown,Unknown,5000.0,Transfer-Out,2
2016-09-12,2016,9,September,12,Monday,3,Saving Bank Account 1,Food,18,snacks,vanilla ice cream cups 2,20.0,Expense,0
2018-06-22,2018,6,June,22,Friday,2,Saving Bank Account 1,Subscription,45,Mobile Service Provider,Data booster pack,181.0,Expense,0
2017-12-12,2017,12,December,12,Tuesday,4,Saving Bank Account 1,Equity Mutual Fund F,14,Unknown,Unknown,1000.0,Transfer-Out,2
2015-01-01,2015,1,January,1,Thursday,1,Cash,Culture,5,Unknown,monument,40.0,Expense,0
2017-07-06,2017,7,July,6,Thursday,3,Saving Bank Account 1,Equity Mutual Fund E,13,Unknown,Lumpsum,50000.0,Transfer-Out,2
2017-07-18,2017,7,July,18,Tuesday,3,Cash,Food,18,Grocery,onion 2.5 kg,55.0,Expense,0
2015-11-05,2015,11,November,5,Thursday,4,Saving Bank Account 1,Investment,26,Mutual fund,ICICI prudential,1000.0,Expense,0
2017-06-13,2017,6,June,13,Tuesday,2,Saving Bank Account 1,Food,18,Milk,milk 1lit,64.0,Expense,0
2015-05-09,2015,5,May,9,Saturday,2,Cash,Food,18,Milk,milk half shakti,52.0,Expense,0
2017-09-28,2017,9,September,28,Thursday,3,Saving Bank Account 1,Transportation,48,Travels,2 Place 1 to Place 2 - Novelty tour and travels,2388.0,Expense,0
2017-06-30,2017,6,June,30,Friday,2,Saving Bank Account 1,Salary,36,Unknown,From workplace,56957.0,Income,1
2017-08-11,2017,8,August,11,Friday,3,Cash,Transportation,48,Bus,2 CD to Place 1: shivshahi,470.0,Expense,0
2016-12-29,2016,12,December,29,Thursday,4,Saving Bank Account 1,Transportation,48,train,LTT to Place 2 (Patna Exp) cancellation,403.0,Expense,0
2018-07-30,2018,7,July,30,Monday,3,Saving Bank Account 1,Food,18,Lunch,Catering Service,212.0,Expense,0
2017-08-12,2017,8,August,12,Saturday,3,Cash,Festivals,16,Navratri,Ganpati+ navratri vargani,800.0,Expense,0
2018-01-31,2018,1,January,31,Wednesday,1,Cash,Food,18,Dinner,At restaurant,320.0,Expense,0
2017-07-12,2017,7,July,12,Wednesday,3,Saving Bank Account 1,Gift,20,Unknown,farewell contribution,500.0,Expense,0
2017-07-10,2017,7,July,10,Monday,3,Saving Bank Account 1,Food,18,Rajgira ladu,2 packets,50.0,Expense,0
2017-02-22,2017,2,February,22,Wednesday,1,Cash,Education,8,Stationary,stamp pad,30.0,Expense,0
2017-03-13,2017,3,March,13,Monday,1,Cash,Food,18,Grocery,Unknown,100.0,Expense,0
2017-03-22,2017,3,March,22,Wednesday,1,Cash,Transportation,48,Bus,2 Place 6 to Place 7,18.0,Expense,0
2017-10-21,2017,10,October,21,Saturday,4,Cash,Food,18,Grocery,Onion half kg 13 + milkybar 10 + Colgate maxfresh 10,33.0,Expense,0
2017-09-21,2017,9,September,21,Thursday,3,Cash,Other,31,Unknown,Umbrella cover repair,10.0,Expense,0
2017-08-20,2017,8,August,20,Sunday,3,Credit Card,Other,31,Unknown,Mobile cover moto G5 plus,239.0,Expense,0
2016-04-15,2016,4,April,15,Friday,2,Saving Bank Account 1,Subscription,45,Mobile Service Provider,Unknown,251.0,Expense,0
2016-03-05,2016,3,March,5,Saturday,1,Saving Bank Account 1,Investment,26,RD,Unknown,1000.0,Expense,0
2015-11-30,2015,11,November,30,Monday,4,Saving Bank Account 1,Salary,36,Unknown,From workplace,49806.0,Income,1
2017-10-23,2017,10,October,23,Monday,4,Cash,Household,24,Kitchen,flour mill,27.0,Expense,0
2018-07-13,2018,7,July,13,Friday,3,Saving Bank Account 1,Transportation,48,Taxi,Ola cab - eye institute to Current Residence CHS,188.0,Expense,0
2015-01-15,2015,1,January,15,Thursday,1,Cash,Transportation,48,Unknown,auto - Amit nagar to b45,100.0,Expense,0
2015-09-05,2015,9,September,5,Saturday,3,Saving Bank Account 1,Recurring Deposit,34,Unknown,Unknown,1000.0,Expense,0
2017-11-09,2017,11,November,9,Thursday,4,Saving Bank Account 1,Food,18,Milk,1 lit,70.0,Expense,0
2017-02-23,2017,2,February,23,Thursday,1,Cash,Food,18,Ice cream,2 vanilla + 2 butterscotch,80.0,Expense,0
2017-05-01,2017,5,May,1,Monday,2,Saving Bank Account 1,Apparel,1,Clothing,Shorts for Family,399.0,Expense,0
2017-12-10,2017,12,December,10,Sunday,4,Cash,Food,18,fruits,Unknown,310.0,Expense,0
2017-12-17,2017,12,December,17,Sunday,4,Cash,Food,18,Tea,2 cutting chai,20.0,Expense,0
2015-02-19,2015,2,February,19,Thursday,1,Cash,Health,23,Health,face mask,45.0,Expense,0
2018-03-10,2018,3,March,10,Saturday,1,Cash,Household,24,Hardware,Mosquito Racket,300.0,Expense,0
2018-05-19,2018,5,May,19,Saturday,2,Saving Bank Account 1,Subscription,45,Mobile Service Provider,Data booster pack,15.0,Expense,0
2018-08-13,2018,8,August,13,Monday,3,Cash,Food,18,Grocery,Half kg Lahsoon,45.0,Expense,0
2016-06-07,2016,6,June,7,Tuesday,2,Saving Bank Account 1,Investment,26,Mutual fund,Mutual fund B,1000.0,Expense,0
2017-06-08,2017,6,June,8,Thursday,2,Cash,Culture,5,Movie,2 tickets - Cinepolis 4DX 3D,760.0,Expense,0
2018-03-15,2018,3,March,15,Thursday,1,Saving Bank Account 1,Food,18,Milk,Half lit  milk,36.0,Expense,0
2018-03-31,2018,3,March,31,Saturday,1,Saving Bank Account 1,Food,18,Ice cream,2 chocobar,45.0,Expense,0
2015-12-05,2015,12,December,5,Saturday,4,Saving Bank Account 1,Investment,26,Mutual fund,ICICI prudential,1000.0,Expense,0
2018-07-03,2018,7,July,3,Tuesday,3,Saving Bank Account 1,Dividend Earned On Shares,6,Unknown,Infosys Stocks,52.5,Income,1
2017-08-20,2017,8,August,20,Sunday,3,Cash,Transportation,48,auto,BKC to kurla station,60.0,Expense,0
2015-03-05,2015,3,March,5,Thursday,1,Cash,Beauty,2,grooming,Unknown,40.0,Expense,0
2016-01-01,2016,1,January,1,Friday,1,Cash,Food,18,Unknown,Everest pav bhaji masala,35.0,Expense,0
2017-05-10,2017,5,May,10,Wednesday,2,Saving Bank Account 1,Food,18,Lunch,Dudhi 30 + 3 chapati,45.0,Expense,0
2016-02-24,2016,2,February,24,Wednesday,1,Saving Bank Account 1,Subscription,45,Audible,audible subscription,199.0,Expense,0
2016-08-05,2016,8,August,5,Friday,3,Saving Bank Account 1,Investment,26,Mutual fund,Unknown,1000.0,Expense,0
2018-01-22,2018,1,January,22,Monday,1,Saving Bank Account 1,Food,18,flour mill,2 kg Bajari,14.0,Expense,0
2018-08-17,2018,8,August,17,Friday,3,Saving Bank Account 1,Food,18,curd,Dahi 2 packets,20.0,Expense,0
2016-08-04,2016,8,August,4,Thursday,3,Saving Bank Account 1,Family,15,misc,ipad cover,260.0,Expense,0
2017-05-29,2017,5,May,29,Monday,2,Saving Bank Account 1,Food,18,Grocery,Half kg potato + half kg banana,35.0,Expense,0
2016-11-01,2016,11,November,1,Tuesday,4,Saving Bank Account 1,Investment,26,Public Provident Fund,Unknown,10000.0,Expense,0
2017-10-27,2017,10,October,27,Friday,4,Cash,Transportation,48,auto,Permanent Residence to bus stand,40.0,Expense,0
2017-11-01,2017,11,November,1,Wednesday,4,Saving Bank Account 1,Recurring Deposit,34,Unknown,Unknown,1000.0,Transfer-Out,2
2018-06-26,2018,6,June,26,Tuesday,2,Cash,Transportation,48,auto,2 Place 0 to Current Residence,30.0,Expense,0
2018-05-13,2018,5,May,13,Sunday,2,Cash,Apparel,1,Laundry,clothes ironing,77.0,Expense,0
2017-03-03,2017,3,March,3,Friday,1,Saving Bank Account 1,Food,18,Grocery,milk 1 lit + butter milk + srikhand pav kg,148.0,Expense,0
2016-12-28,2016,12,December,28,Wednesday,4,Cash,Food,18,Grocery,Monaco biscuits,10.0,Expense,0
2017-05-03,2017,5,May,3,Wednesday,2,Cash,Transportation,48,auto,2 Current Residence to Place 0,30.0,Expense,0
2016-11-10,2016,11,November,10,Thursday,4,Cash,Transportation,48,auto,Permanent Residence to Bandhu prem,40.0,Expense,0
2018-08-30,2018,8,August,30,Thursday,3,Cash,Household,24,Kirana,Supermart,343.0,Expense,0
2015-03-09,2015,3,March,9,Monday,1,Cash,Other,31,Unknown,print out,6.0,Expense,0
2017-06-28,2017,6,June,28,Wednesday,2,Cash,Transportation,48,auto,2 Current Residence to Place 0,30.0,Expense,0
2018-01-03,2018,1,January,3,Wednesday,1,Credit Card,Food,18,Dinner,Wok express + Domino's,681.0,Expense,0
2015-04-13,2015,4,April,13,Monday,2,Saving Bank Account 1,Investment,26,Mutual fund,mutual fund,1000.0,Expense,0
2015-02-15,2015,2,February,15,Sunday,1,Cash,Transportation,48,Unknown,local - vadala road to Place 0,15.0,Expense,0
2015-12-01,2015,12,December,1,Tuesday,4,Saving Bank Account 1,Gift,20,Unknown,to Family,1024.0,Expense,0
2017-09-12,2017,9,September,12,Tuesday,3,Saving Bank Account 1,Food,18,Milk,milk 1lit,66.0,Expense,0
2017-02-27,2017,2,February,27,Monday,1,Cash,Household,24,Appliances,3 Wall clock cell,55.0,Expense,0
2017-07-28,2017,7,July,28,Friday,3,Credit Card,Health,23,Medicine,Hospital consultation,167.0,Expense,0
2016-12-29,2016,12,December,29,Thursday,4,Cash,Other,31,Unknown,xerox,25.0,Expense,0
2017-12-08,2017,12,December,8,Friday,4,Saving Bank Account 1,Food,18,Dinner,Home Food Delivery - roti 17*4+ paneer chatpata 190+ veg crispy 150,408.0,Expense,0
2018-07-01,2018,7,July,1,Sunday,3,Saving Bank Account 1,Money Transfer,30,Home,Unknown,10000.0,Expense,0
2017-10-01,2017,10,October,1,Sunday,4,Saving Bank Account 1,Recurring Deposit,34,Unknown,Unknown,1000.0,Transfer-Out,2
2018-03-10,2018,3,March,10,Saturday,1,Cash,Food,18,Milk,1 lit,72.0,Expense,0
2016-08-21,2016,8,August,21,Sunday,3,Cash,Other,31,Unknown,earphones,100.0,Expense,0
2017-04-30,2017,4,April,30,Sunday,2,Saving Bank Account 1,Food,18,Dinner,Chicken lollypop 8 pcs,221.0,Expense,0
2018-01-01,2018,1,January,1,Monday,1,Saving Bank Account 1,Public Provident Fund,33,Unknown,Unknown,10000.0,Transfer-Out,2
2017-12-01,2017,12,December,1,Friday,4,Saving Bank Account 1,Food,18,Lunch,Catering Service ( 5 methi paranthe),125.0,Expense,0
2015-02-15,2015,2,February,15,Sunday,1,Cash,Transportation,48,Unknown,taxi - dadar to vadala road,34.0,Expense,0
2015-05-09,2015,5,May,9,Saturday,2,Cash,Health,23,Health,hand sanitizer + surgical gloves,290.0,Expense,0
2017-12-13,2017,12,December,13,Wednesday,4,Saving Bank Account 1,Food,18,Milk,milk 1lit,69.0,Expense,0
2015-04-28,2015,4,April,28,Tuesday,2,Saving Bank Account 1,Salary,36,Unknown,From workplace,49306.0,Income,1
2017-05-02,2017,5,May,2,Tuesday,2,Saving Bank Account 1,Apparel,1,Footwear,Puma Troy mu running shoes,2421.0,Expense,0
2018-03-25,2018,3,March,25,Sunday,1,Cash,Food,18,Tea,2 tea,20.0,Expense,0
2017-08-03,2017,8,August,3,Thursday,3,Saving Bank Account 1,Subscription,45,Newspaper,Unknown,170.0,Expense,0
2017-03-12,2017,3,March,12,Sunday,1,Cash,Transportation,48,auto,2 Current Residence to Place 0,30.0,Expense,0
2017-01-20,2017,1,January,20,Friday,1,Saving Bank Account 1,Subscription,45,Mobile Service Provider,Mobile Service Provider recharge wfh,301.0,Expense,0
2017-03-10,2017,3,March,10,Friday,1,Saving Bank Account 1,Food,18,snacks,3 plate kachori,72.0,Expense,0
2017-11-14,2017,11,November,14,Tuesday,4,Cash,Food,18,fruits,Unknown,125.0,Expense,0
2015-10-18,2015,10,October,18,Sunday,4,Saving Bank Account 1,Apparel,1,Clothing,belt + socs,1479.0,Expense,0
2016-06-27,2016,6,June,27,Monday,2,Saving Bank Account 1,Transportation,48,Travels,Chalisgaon to Baroda return,3200.0,Expense,0
2018-01-15,2018,1,January,15,Monday,1,Cash,Food,18,Grocery,onion 1 kg + half kg potato,38.0,Expense,0
2018-07-29,2018,7,July,29,Sunday,3,Cash,Food,18,breakfast,Medu vada 3 plate,105.0,Expense,0
2018-03-22,2018,3,March,22,Thursday,1,Saving Bank Account 1,Food,18,flour mill,1 kg Bajari,7.0,Expense,0
2015-01-18,2015,1,January,18,Sunday,1,Cash,Food,18,Unknown,vegetable,60.0,Expense,0
2017-02-03,2017,2,February,3,Friday,1,Saving Bank Account 1,Food,18,snacks,chicken roll,50.0,Expense,0
2017-09-15,2017,9,September,15,Friday,3,Saving Bank Account 1,Transportation,48,Travels,2 Place 2 to Place 1 - Novelty tour and travels,1400.0,Expense,0
2016-05-31,2016,5,May,31,Tuesday,2,Saving Bank Account 1,Salary,36,Unknown,From workplace,51556.0,Income,1
2018-01-19,2018,1,January,19,Friday,1,Saving Bank Account 1,Food,18,Bread,Flatbread 6 pcs,17.0,Expense,0
2015-01-16,2015,1,January,16,Friday,1,Cash,Transportation,48,Unknown,auto -  to race course,10.0,Expense,0
2018-08-05,2018,8,August,5,Sunday,3,Cash,Transportation,48,Train,Place 0 to Place 4 return,20.0,Expense,0
2017-11-09,2017,11,November,9,Thursday,4,Saving Bank Account 1,Health,23,Medicine,Acne Star cream,100.0,Expense,0
2017-12-13,2017,12,December,13,Wednesday,4,Cash,Apparel,1,Laundry,clothes ironing,98.0,Expense,0
2015-01-16,2015,1,January,16,Friday,1,Cash,Transportation,48,Unknown,auto - Alk to GTR,50.0,Expense,0
2017-12-04,2017,12,December,4,Monday,4,Saving Bank Account 1,Subscription,45,Newspaper,Unknown,110.0,Expense,0
2018-02-26,2018,2,February,26,Monday,1,Credit Card,Transportation,48,Bike,First servicing,443.0,Expense,0
2017-06-03,2017,6,June,3,Saturday,2,Saving Bank Account 1,Food,18,Lunch,Non veg overloaded pizza,242.95,Expense,0
2016-07-01,2016,7,July,1,Friday,3,Saving Bank Account 1,Investment,26,Public Provident Fund,Unknown,10000.0,Expense,0
2017-05-21,2017,5,May,21,Sunday,2,Cash,Food,18,flour mill,3 kg ( 2kg bajari Rs 7 each + 1kg gahu & maka mix Rs.10),24.0,Expense,0
2017-02-01,2017,2,February,1,Wednesday,1,Saving Bank Account 1,Food,18,Milk,half liter buffalo,33.0,Expense,0
2018-09-13,2018,9,September,13,Thursday,3,Saving Bank Account 1,Small Cap Fund 1,42,Unknown,Unknown,5000.0,Transfer-Out,2
2018-03-31,2018,3,March,31,Saturday,1,Credit Card,Food,18,Dinner,Home Food Delivery,244.0,Expense,0
2018-05-12,2018,5,May,12,Saturday,2,Cash,Food,18,Lunch,Catering Service,70.0,Expense,0
2015-01-21,2015,1,January,21,Wednesday,1,Cash,Food,18,Unknown,milk half gold,28.0,Expense,0
2017-08-11,2017,8,August,11,Friday,3,Cash,Transportation,48,auto,within city,100.0,Expense,0
2017-07-05,2017,7,July,5,Wednesday,3,Saving Bank Account 1,Equity Mutual Fund F,14,Unknown,Lumpsum,50000.0,Transfer-Out,2
2017-04-18,2017,4,April,18,Tuesday,2,Saving Bank Account 1,Food,18,Ice cream,Raspberry dolly,20.0,Expense,0
2015-03-03,2015,3,March,3,Tuesday,1,Cash,Water,49,Unknown,water jar,108.0,Expense,0
2015-03-04,2015,3,March,4,Wednesday,1,Cash,Food,18,beverage,mosambi juice,25.0,Expense,0
2015-05-06,2015,5,May,6,Wednesday,2,Cash,Health,23,Medicine,Limcee+,70.0,Expense,0
2017-02-27,2017,2,February,27,Monday,1,Cash,Transportation,48,auto,Place 0 to Current Residence,30.0,Expense,0
2015-11-03,2015,11,November,3,Tuesday,4,Cash,Transportation,48,auto,Permanent Residence to nearby  hospital,40.0,Expense,0
2017-01-03,2017,1,January,3,Tuesday,1,Cash,Food,18,Lunch,farm house pizza,330.0,Expense,0
2017-11-08,2017,11,November,8,Wednesday,4,Credit Card,Household,24,Kirana,Unknown,539.0,Expense,0
2017-10-18,2017,10,October,18,Wednesday,4,Credit Card,Transportation,48,train,2 Place 2 to Place 3 : Sevagram express 3AC,1333.0,Expense,0
2018-02-26,2018,2,February,26,Monday,1,Saving Bank Account 1,Food,18,Milk,1 lit,73.0,Expense,0
2016-11-19,2016,11,November,19,Saturday,4,Cash,Transportation,48,auto,within city,50.0,Expense,0
2018-04-22,2018,4,April,22,Sunday,2,Cash,Household,24,Kirana,Supermart,190.0,Expense,0
2018-02-17,2018,2,February,17,Saturday,1,Credit Card,Family,15,clothes,Unknown,3598.0,Expense,0
2017-05-13,2017,5,May,13,Saturday,2,Saving Bank Account 1,Food,18,Dinner,Non veg overloaded pizza,242.0,Expense,0
2017-08-30,2017,8,August,30,Wednesday,3,Saving Bank Account 1,Salary,36,Unknown,From workplace,61578.0,Income,1
2015-03-02,2015,3,March,2,Monday,1,Cash,Food,18,Tea,Unknown,30.0,Expense,0
2016-11-19,2016,11,November,19,Saturday,4,Saving Bank Account 1,Food,18,Eating out,"3 parathe , 1 Hara bhara kabab, 1 rabdi malai, 1 masala papad, 1 pepsi",1087.0,Expense,0
2016-11-19,2016,11,November,19,Saturday,4,Cash,Transportation,48,auto,ola auto - BRC,40.0,Expense,0
2018-04-14,2018,4,April,14,Saturday,2,Saving Bank Account 1,Household,24,Kirana,Supermart,107.0,Expense,0
2015-02-15,2015,2,February,15,Sunday,1,Cash,Other,31,Unknown,Internet renewal,500.0,Expense,0
2017-05-24,2017,5,May,24,Wednesday,2,Cash,Food,18,snacks,Samosa pav @ kurla,15.0,Expense,0
2017-01-30,2017,1,January,30,Monday,1,Saving Bank Account 1,Food,18,Milk,half liter buffalo,35.0,Expense,0
2018-02-05,2018,2,February,5,Monday,1,Saving Bank Account 1,Food,18,Milk,1 packet,69.0,Expense,0
2017-06-23,2017,6,June,23,Friday,2,Saving Bank Account 1,Other,31,Unknown,Credit Card fee,590.0,Expense,0
2015-06-05,2015,6,June,5,Friday,2,Saving Bank Account 1,Investment,26,Mutual fund,ICICI prudential,1000.0,Expense,0
2017-09-18,2017,9,September,18,Monday,3,Cash,Food,18,fruits,half kg chiku,60.0,Expense,0
2016-11-28,2016,11,November,28,Monday,4,Cash,Food,18,Ice cream,mava 1 large,20.0,Expense,0
2017-08-31,2017,8,August,31,Thursday,3,Cash,Household,24,Kirana,Honey small bottle,10.0,Expense,0
2017-08-05,2017,8,August,5,Saturday,3,Cash,Family,15,Pocket money,Change,100.0,Expense,0
2015-06-29,2015,6,June,29,Monday,2,Saving Bank Account 1,Other,31,Unknown,Amazon prime,199.0,Expense,0
2017-09-05,2017,9,September,5,Tuesday,3,Cash,Education,8,Stationary,Print outs+ Xerox,50.0,Expense,0
2017-01-04,2017,1,January,4,Wednesday,1,Cash,Food,18,Grocery,biscuits+icecream,40.0,Expense,0
2018-07-08,2018,7,July,8,Sunday,3,Cash,Transportation,48,Taxi,Ola cab - eye institute to Current Residence CHS,185.0,Expense,0
2018-01-28,2018,1,January,28,Sunday,1,Credit Card,Household,24,Kirana,Smart point,976.9,Expense,0
2017-03-31,2017,3,March,31,Friday,1,Cash,Transportation,48,auto,2 Current Residence to Place 0,30.0,Expense,0
2017-12-21,2017,12,December,21,Thursday,4,Cash,Food,18,Lunch,Catering Service,65.0,Expense,0
2017-06-28,2017,6,June,28,Wednesday,2,Cash,Transportation,48,Train,2 Place 0 to tilaknagar single side,30.0,Expense,0
2017-10-18,2017,10,October,18,Wednesday,4,Credit Card,Transportation,48,train,2 Place 3 to Place 2 : Amritsar express 3AC,1231.0,Expense,0
2018-03-01,2018,3,March,1,Thursday,1,Equity Mutual Fund B,Saving Bank Account 1,37,Unknown,Unknown,2000.0,Transfer-Out,2
2018-02-02,2018,2,February,2,Friday,1,Saving Bank Account 1,Gpay Reward,21,Unknown,Unknown,6.0,Income,1
2017-07-21,2017,7,July,21,Friday,3,Saving Bank Account 1,Other,31,Unknown,CA  - income tax filing,1000.0,Expense,0
2017-07-29,2017,7,July,29,Saturday,3,Credit Card,Health,23,Medicine,Hospital consultation,556.0,Expense,0
2018-02-19,2018,2,February,19,Monday,1,Saving Bank Account 1,Food,18,Milk,1 lit,72.0,Expense,0
2018-01-12,2018,1,January,12,Friday,1,Saving Bank Account 1,Share Market,41,Unknown,Unknown,20000.0,Transfer-Out,2
2015-10-31,2015,10,October,31,Saturday,4,Cash,Food,18,snacks,sweats,250.0,Expense,0
2017-01-08,2017,1,January,8,Sunday,1,Saving Bank Account 1,Subscription,45,Netflix,1 month subscription,149.0,Expense,0
2017-08-31,2017,8,August,31,Thursday,3,Saving Bank Account 1,Gpay Reward,21,Unknown,Unknown,14.0,Income,1
2016-06-19,2016,6,June,19,Sunday,2,Saving Bank Account 1,Food,18,Grocery,grocery,600.0,Expense,0
2017-07-18,2017,7,July,18,Tuesday,3,Saving Bank Account 1,Food,18,Water,5 litres can,70.0,Expense,0
2015-03-03,2015,3,March,3,Tuesday,1,Cash,Cook,4,Unknown,Unknown,1667.0,Expense,0
2018-07-28,2018,7,July,28,Saturday,3,Debit Card,Culture,5,Movie,2 INOX,481.36,Expense,0
2017-12-07,2017,12,December,7,Thursday,4,Saving Bank Account 1,Equity Mutual Fund E,13,Unknown,Unknown,1000.0,Transfer-Out,2
2015-03-18,2015,3,March,18,Wednesday,1,Cash,Food,18,Lunch,dal fry and chapati,25.0,Expense,0
2016-04-11,2016,4,April,11,Monday,2,Saving Bank Account 1,Subscription,45,Mobile Service Provider,Unknown,251.0,Expense,0
2017-08-07,2017,8,August,7,Monday,3,Saving Bank Account 1,Equity Mutual Fund E,13,Unknown,Unknown,1000.0,Transfer-Out,2
2016-11-05,2016,11,November,5,Saturday,4,Cash,Transportation,48,auto,Permanent Residence to hospital,30.0,Expense,0
2017-11-13,2017,11,November,13,Monday,4,Saving Bank Account 1,Food,18,Grocery,onion 1 kg + half kg potato,50.0,Expense,0
2018-07-27,2018,7,July,27,Friday,3,Saving Bank Account 1,Other,31,Unknown,Demat account charges,826.0,Expense,0
2018-01-04,2018,1,January,4,Thursday,1,Cash,Food,18,Lunch,Catering Service,70.0,Expense,0
2015-04-14,2015,4,April,14,Tuesday,2,Saving Bank Account 1,Other,31,Unknown,covid19 donation to PM fund,500.0,Expense,0
2015-05-16,2015,5,May,16,Saturday,2,Saving Bank Account 1,Other,31,Unknown,splitwise settlement,607.0,Expense,0
2015-01-19,2015,1,January,19,Monday,1,Cash,Food,18,Unknown,milk half gold,29.0,Expense,0
2018-01-11,2018,1,January,11,Thursday,1,Saving Bank Account 1,Food,18,Eggs,6 eggs,42.0,Expense,0
2018-04-10,2018,4,April,10,Tuesday,2,Saving Bank Account 1,Gift,20,Unknown,farewell contribution,250.0,Expense,0
2018-05-15,2018,5,May,15,Tuesday,2,Saving Bank Account 1,Household,24,Appliances,LG Washing Machine,21500.0,Expense,0
2018-08-26,2018,8,August,26,Sunday,3,Saving Bank Account 1,Interest,25,Unknown,interest paid,30.0,Income,1
2017-09-07,2017,9,September,7,Thursday,3,Saving Bank Account 1,Equity Mutual Fund E,13,Unknown,Unknown,1000.0,Transfer-Out,2
2017-10-26,2017,10,October,26,Thursday,4,Cash,Festivals,16,Diwali,Offering,500.0,Expense,0
2017-11-30,2017,11,November,30,Thursday,4,Cash,Family,15,Pocket money,Change,50.0,Expense,0
2017-06-27,2017,6,June,27,Tuesday,2,Saving Bank Account 1,Fixed Deposit,17,Unknown,New FD opened for 3 years,200000.0,Transfer-Out,2
2017-07-27,2017,7,July,27,Thursday,3,Credit Card,Food,18,Dinner,Non veg overloaded pizza,215.0,Expense,0
2018-09-16,2018,9,September,16,Sunday,3,Cash,Festivals,16,Ganesh Pujan,Ganesh idol,251.0,Expense,0
2017-02-18,2017,2,February,18,Saturday,1,Cash,Family,15,Pocket money,Unknown,500.0,Expense,0
2017-08-08,2017,8,August,8,Tuesday,3,Saving Bank Account 1,Food,18,Milk,milk 1lit,66.0,Expense,0
2017-11-12,2017,11,November,12,Sunday,4,Cash,Household,24,Appliances,Screwdriver 2,120.0,Expense,0
2017-12-29,2017,12,December,29,Friday,4,Cash,Food,18,snacks,3 pavwada,30.0,Expense,0
2016-12-29,2016,12,December,29,Thursday,4,Saving Bank Account 1,Subscription,45,Tata Sky,Unknown,214.0,Expense,0
2017-07-19,2017,7,July,19,Wednesday,3,Saving Bank Account 1,Food,18,Milk,Half lit  milk,32.0,Expense,0
2018-01-30,2018,1,January,30,Tuesday,1,Saving Bank Account 1,Share Market,41,Unknown,Unknown,10000.0,Transfer-Out,2
2018-08-24,2018,8,August,24,Friday,3,Cash,Food,18,Rajgira ladu,Unknown,20.0,Expense,0
2017-11-08,2017,11,November,8,Wednesday,4,Saving Bank Account 1,Food,18,fruits,1 kg apple,130.0,Expense,0
2016-04-02,2016,4,April,2,Saturday,2,Cash,Transportation,48,auto,LB road to Permanent Residence,50.0,Expense,0
2016-10-31,2016,10,October,31,Monday,4,Saving Bank Account 1,Festivals,16,Diwali,Mi band 5 ( Bhaiduj gift),1999.0,Expense,0
2017-11-12,2017,11,November,12,Sunday,4,Cash,Transportation,48,auto,2 Place 0 to Current Residence,30.0,Expense,0
2017-07-30,2017,7,July,30,Sunday,3,Cash,Food,18,snacks,Chicken roll kasha,100.0,Expense,0
2017-07-12,2017,7,July,12,Wednesday,3,Saving Bank Account 1,Equity Mutual Fund B,10,Unknown,Unknown,100000.0,Transfer-Out,2
2016-08-01,2016,8,August,1,Monday,3,Saving Bank Account 1,Money Transfer,30,Unknown,Unknown,15000.0,Expense,0
2017-09-15,2017,9,September,15,Friday,3,Saving Bank Account 1,Food,18,breakfast,2 plates poha,50.0,Expense,0
2018-03-31,2018,3,March,31,Saturday,1,Saving Bank Account 1,Transportation,48,Bike,Station Parking,10.0,Expense,0
2018-09-07,2018,9,September,7,Friday,3,Saving Bank Account 1,Equity Mutual Fund E,13,Unknown,Unknown,1000.0,Transfer-Out,2
2017-12-29,2017,12,December,29,Friday,4,Saving Bank Account 1,Subscription,45,Mobile Service Provider,Data booster pack,181.0,Expense,0
2018-08-30,2018,8,August,30,Thursday,3,Cash,Food,18,Sweets,Warna Srikhand pav kg,78.0,Expense,0
2015-02-26,2015,2,February,26,Thursday,1,Cash,Food,18,Milk,Unknown,26.0,Expense,0
2018-02-14,2018,2,February,14,Wednesday,1,Saving Bank Account 1,Food,18,snacks,1 chicken shawarma,60.0,Expense,0
2017-10-01,2017,10,October,1,Sunday,4,Saving Bank Account 1,Public Provident Fund,33,Unknown,Unknown,10000.0,Transfer-Out,2
2016-10-10,2016,10,October,10,Monday,4,Cash,Food,18,Grocery,apple half kg+ mixer repair+flowers,100.0,Expense,0
2016-08-23,2016,8,August,23,Tuesday,3,Saving Bank Account 1,Family,15,Pocket money,Unknown,2000.0,Expense,0
2018-02-11,2018,2,February,11,Sunday,1,Cash,Transportation,48,Train,Place 0 to Place 3 returns,40.0,Expense,0
2016-12-31,2016,12,December,31,Saturday,4,Saving Bank Account 1,Gift,20,Unknown,Birthday gift,1096.0,Expense,0
2015-01-20,2015,1,January,20,Tuesday,1,Cash,Food,18,Unknown,srikhand,65.0,Expense,0
2018-06-10,2018,6,June,10,Sunday,2,Saving Bank Account 1,Household,24,home decor,Sofa covers,3000.0,Expense,0
2017-11-27,2017,11,November,27,Monday,4,Cash,Transportation,48,auto,Place 6 station to  mall,30.0,Expense,0
2017-05-01,2017,5,May,1,Monday,2,Saving Bank Account 1,Other,31,Unknown,To savings account,100.0,Expense,0
2018-07-08,2018,7,July,8,Sunday,3,Saving Bank Account 1,Food,18,Tea,3 cutting chai,30.0,Expense,0
2017-01-03,2017,1,January,3,Tuesday,1,Cash,Food,18,Water,Unknown,70.0,Expense,0
2018-01-14,2018,1,January,14,Sunday,1,Cash,Transportation,48,auto,mumbai University Kalina to Santacruz station,40.0,Expense,0
2015-02-09,2015,2,February,9,Monday,1,Saving Bank Account 1,Transportation,48,Unknown,train - brc to mmct,176.0,Expense,0
2017-05-14,2017,5,May,14,Sunday,2,Saving Bank Account 1,Household,24,Kirana,Shev bhaji sev,50.0,Expense,0
2018-01-31,2018,1,January,31,Wednesday,1,Saving Bank Account 1,Transportation,48,Bike,Parking sticker,50.0,Expense,0
2016-12-04,2016,12,December,4,Sunday,4,Cash,Food,18,snacks,3 chips packets,15.0,Expense,0
2016-11-03,2016,11,November,3,Thursday,4,Saving Bank Account 1,Health,23,Medicine,medicine,700.0,Expense,0
2015-12-10,2015,12,December,10,Thursday,4,Saving Bank Account 1,Recurring Deposit,34,Unknown,Unknown,1000.0,Expense,0
2018-07-21,2018,7,July,21,Saturday,3,Cash,Food,18,Biscuits,Toast packet,45.0,Expense,0
2015-01-04,2015,1,January,4,Sunday,1,Cash,Food,18,Unknown,tea,20.0,Expense,0
2016-02-28,2016,2,February,28,Sunday,1,Cash,Grooming,22,Saloon,hair cut,100.0,Expense,0
2017-09-11,2017,9,September,11,Monday,3,Saving Bank Account 1,Family,15,Pocket money,Unknown,2500.0,Expense,0
2018-07-01,2018,7,July,1,Sunday,3,Saving Bank Account 1,Public Provident Fund,33,Unknown,Unknown,12500.0,Transfer-Out,2
2017-07-22,2017,7,July,22,Saturday,3,Saving Bank Account 1,Food,18,Milk,milk 1lit,64.0,Expense,0
2017-09-06,2017,9,September,6,Wednesday,3,Cash,Family,15,Pocket money,Unknown,500.0,Expense,0
2017-12-22,2017,12,December,22,Friday,4,Saving Bank Account 1,Food,18,Lunch,Home Food Delivery,380.0,Expense,0
2018-01-19,2018,1,January,19,Friday,1,Cash,Food,18,Bread,Flatbread 6 pcs,20.0,Expense,0
2018-07-02,2018,7,July,2,Monday,3,Cash,Transportation,48,Bus,2 Place 6 Stand to MS,20.0,Expense,0
2018-05-07,2018,5,May,7,Monday,2,Cash,Food,18,Milk,milk 1lit,72.0,Expense,0
2017-08-14,2017,8,August,14,Monday,3,Credit Card,Household,24,Appliances,Steam machine,320.0,Expense,0
2015-03-01,2015,3,March,1,Sunday,1,Cash,Food,18,Tea,Unknown,6.0,Expense,0
2015-02-08,2015,2,February,8,Sunday,1,Saving Bank Account 1,Food,18,Unknown,egg fried rice,86.0,Expense,0
2017-08-10,2017,8,August,10,Thursday,3,Saving Bank Account 1,Household,24,Kirana,Dahi (42) + Vanilla essance (34),76.0,Expense,0
2017-06-16,2017,6,June,16,Friday,2,Saving Bank Account 1,Food,18,Milk,milk 1lit,64.0,Expense,0
2018-09-10,2018,9,September,10,Monday,3,Cash,Food,18,Milk,Half lit  milk,36.0,Expense,0
2015-01-03,2015,1,January,3,Saturday,1,Saving Bank Account 1,Other,31,Unknown,cricket expenses,223.0,Expense,0
2018-02-06,2018,2,February,6,Tuesday,1,Credit Card,Culture,5,Movie,2 PVR Place 6,312.0,Expense,0
2018-01-04,2018,1,January,4,Thursday,1,Saving Bank Account 1,Small Cap Fund 2,43,Unknown,Unknown,5000.0,Transfer-Out,2
2015-05-10,2015,5,May,10,Sunday,2,Cash,Household,24,Toiletries,sensodyne rapid fire,160.0,Expense,0
2015-04-10,2015,4,April,10,Friday,2,Cash,Food,18,Grocery,Unknown,699.0,Expense,0
2017-03-15,2017,3,March,15,Wednesday,1,Cash,Household,24,Kirana,2 toast+ 2 parle g + Marie gold,111.0,Expense,0
2017-09-17,2017,9,September,17,Sunday,3,Saving Bank Account 1,Household,24,Kirana,Unknown,114.0,Expense,0
2017-11-24,2017,11,November,24,Friday,4,Credit Card,Culture,5,Movie,2 PVR Place 6,314.0,Expense,0
2018-06-24,2018,6,June,24,Sunday,2,Cash,Transportation,48,auto,2 Place 0 to Current Residence,40.0,Expense,0
2015-12-01,2015,12,December,1,Tuesday,4,Cash,Food,18,Eggs,Unknown,84.0,Expense,0
2016-11-14,2016,11,November,14,Monday,4,Saving Bank Account 1,Transportation,48,Travels,Veer Travels - BRC to Place 2 ( 2 Adults),1800.0,Expense,0
2015-01-09,2015,1,January,9,Friday,1,Cash,Food,18,Unknown,sprout chat,20.0,Expense,0
2015-11-21,2015,11,November,21,Saturday,4,Cash,Food,18,Eggs,1 dozen,84.0,Expense,0
2017-01-02,2017,1,January,2,Monday,1,Saving Bank Account 1,Food,18,Dinner,1 veg noodles + 1 chicken soup + 1 egg fried rice,386.0,Expense,0
2017-08-20,2017,8,August,20,Sunday,3,Cash,Transportation,48,Train,2 Place 0 to dadar return,60.0,Expense,0
2018-03-06,2018,3,March,6,Tuesday,1,Saving Bank Account 1,Education,8,Stationary,Xerox,4.0,Expense,0
2017-09-20,2017,9,September,20,Wednesday,3,Saving Bank Account 1,Other,31,Unknown,CSR,100.0,Expense,0
2015-01-04,2015,1,January,4,Sunday,1,Cash,Food,18,Unknown,shev,35.0,Expense,0
2018-01-09,2018,1,January,9,Tuesday,1,Saving Bank Account 1,Food,18,Milk,1 lit,69.0,Expense,0
2015-03-12,2015,3,March,12,Thursday,1,Credit Card,Health,23,Hospital,root canal due,1900.0,Expense,0
2017-06-27,2017,6,June,27,Tuesday,2,Saving Bank Account 1,Recurring Deposit,34,Unknown,New RD opened for 3 years,1000.0,Transfer-Out,2
2017-07-17,2017,7,July,17,Monday,3,Saving Bank Account 1,Apparel,1,Laundry,9 clothes ironing,63.0,Expense,0
2017-04-30,2017,4,April,30,Sunday,2,Cash,Transportation,48,auto,2 Place 0 to Current Residence,30.0,Expense,0
2015-05-05,2015,5,May,5,Tuesday,2,Cash,Food,18,Grocery,methi + palak,100.0,Expense,0
2017-03-09,2017,3,March,9,Thursday,1,Cash,Food,18,beverage,2 orange juices,100.0,Expense,0
2015-01-22,2015,1,January,22,Thursday,1,Cash,Food,18,Unknown,snacks,33.0,Expense,0
2017-05-28,2017,5,May,28,Sunday,2,Saving Bank Account 1,Food,18,snacks,2 kachori,24.0,Expense,0
2015-02-11,2015,2,February,11,Wednesday,1,Saving Bank Account 1,Food,18,Unknown,bread pakoda + tea,26.0,Expense,0
2017-02-11,2017,2,February,11,Saturday,1,Cash,Family,15,Pocket money,Unknown,1000.0,Expense,0
2018-07-07,2018,7,July,7,Saturday,3,Credit Card,Food,18,Lunch,At restaurant,2.0,Expense,0
2016-12-31,2016,12,December,31,Saturday,4,Cash,Food,18,snacks,1 Panipuri,25.0,Expense,0
2017-09-18,2017,9,September,18,Monday,3,Saving Bank Account 1,Health,23,Medicine,Unknown,55.0,Expense,0
2015-01-26,2015,1,January,26,Monday,1,Cash,Food,18,Unknown,paav,30.0,Expense,0
2017-10-25,2017,10,October,25,Wednesday,4,Saving Bank Account 1,Petty Cash,32,Unknown,From Family,3000.0,Income,1
2016-07-04,2016,7,July,4,Monday,3,Saving Bank Account 1,Subscription,45,Mobile Service Provider,Unknown,251.0,Expense,0
2016-09-01,2016,9,September,1,Thursday,3,Saving Bank Account 1,Money Transfer,30,Unknown,Unknown,10000.0,Expense,0
2015-05-11,2015,5,May,11,Monday,2,Saving Bank Account 1,Investment,26,Mutual fund,mutual fund,1000.0,Expense,0
2018-08-01,2018,8,August,1,Wednesday,3,Cash,Family,15,Pocket money,Unknown,40.0,Expense,0
2015-02-26,2015,2,February,26,Thursday,1,Cash,Transportation,48,auto,office to vasna road,60.0,Expense,0
2018-05-28,2018,5,May,28,Monday,2,Cash,Beauty,2,grooming,hair cut,100.0,Expense,0
2018-07-31,2018,7,July,31,Tuesday,3,Cash,Maid,28,Unknown,July salary,2000.0,Expense,0
2017-04-14,2017,4,April,14,Friday,2,Saving Bank Account 1,Family,15,Pocket money,Unknown,5000.0,Expense,0
2017-04-17,2017,4,April,17,Monday,2,Saving Bank Account 1,Family,15,clothes,H&M clothes,1497.0,Expense,0
2017-01-21,2017,1,January,21,Saturday,1,Saving Bank Account 1,Subscription,45,Mobile Service Provider,Mobile Service Provider recharge,149.0,Expense,0
2018-01-26,2018,1,January,26,Friday,1,Credit Card,Apparel,1,Clothing,Pyjama (999)+ carry bag (10),1009.0,Expense,0
2018-01-13,2018,1,January,13,Saturday,1,Cash,Health,23,Medicine,Thyroid Tablets,740.0,Expense,0
2017-01-01,2017,1,January,1,Sunday,1,Cash,Food,18,Grocery,1kg atta,40.0,Expense,0
2015-10-31,2015,10,October,31,Saturday,4,Cash,Transportation,48,auto,b45 to Pandya bridge,71.0,Expense,0
2015-05-12,2015,5,May,12,Tuesday,2,Cash,Food,18,Milk,milk half shakti,26.0,Expense,0
2018-03-30,2018,3,March,30,Friday,1,Cash,Food,18,vegetables,Ginger + green chilli,20.0,Expense,0
2017-07-18,2017,7,July,18,Tuesday,3,Saving Bank Account 1,Household,24,Hardware,Umbrella,540.0,Expense,0
2017-01-03,2017,1,January,3,Tuesday,1,Cash,Food,18,chocolate,Pastry 2,50.0,Expense,0
2015-12-25,2015,12,December,25,Friday,4,Cash,Household,24,Kitchen,dustbin bags,50.0,Expense,0
2015-01-04,2015,1,January,4,Sunday,1,Cash,Food,18,Unknown,rice,175.0,Expense,0
2018-03-13,2018,3,March,13,Tuesday,1,Saving Bank Account 1,Small Cap Fund 1,42,Unknown,Unknown,5000.0,Transfer-Out,2
2017-05-21,2017,5,May,21,Sunday,2,Saving Bank Account 1,Subscription,45,Cable TV,Monthly recharge,261.0,Expense,0
2015-12-31,2015,12,December,31,Thursday,4,Cash,Food,18,Unknown,cake + balloon (150)+caps(50+40),540.0,Expense,0
2017-10-23,2017,10,October,23,Monday,4,Cash,Household,24,Toiletries,Shampoo sachets,9.0,Expense,0
2015-01-25,2015,1,January,25,Sunday,1,Cash,Beauty,2,Unknown,hair cut,60.0,Expense,0
2018-01-14,2018,1,January,14,Sunday,1,Credit Card,Apparel,1,Clothing,Head band,199.0,Expense,0
2015-03-15,2015,3,March,15,Sunday,1,Cash,Food,18,Milk,shakti + bread,36.0,Expense,0
2016-11-19,2016,11,November,19,Saturday,4,Cash,Transportation,48,Taxi,share jeep - Place T top to base (50/person),100.0,Expense,0
2018-05-20,2018,5,May,20,Sunday,2,Saving Bank Account 1,Family,15,misc,"Soap, shampoo, razor",122.0,Expense,0
2017-01-31,2017,1,January,31,Tuesday,1,Saving Bank Account 1,Food,18,Milk,half liter buffalo,35.0,Expense,0
2017-04-20,2017,4,April,20,Thursday,2,Saving Bank Account 1,Household,24,Kirana,Smart point,621.68,Expense,0
2015-05-13,2015,5,May,13,Wednesday,2,Saving Bank Account 1,Food,18,Milk,milk half shakti,26.0,Expense,0
2016-04-20,2016,4,April,20,Wednesday,2,Saving Bank Account 1,Subscription,45,Mobile Service Provider,Unknown,251.0,Expense,0
2016-11-12,2016,11,November,12,Saturday,4,Cash,Food,18,snacks,Bombay vada pav,10.0,Expense,0
2018-01-08,2018,1,January,8,Monday,1,Cash,Food,18,snacks,Vadapav,20.0,Expense,0
2015-02-24,2015,2,February,24,Tuesday,1,Cash,Food,18,Grocery,vegetable,160.0,Expense,0
2016-05-05,2016,5,May,5,Thursday,2,Saving Bank Account 1,Investment,26,RD,Unknown,1000.0,Expense,0
2018-03-01,2018,3,March,1,Thursday,1,Saving Bank Account 1,Money Transfer,30,Home,Unknown,10000.0,Expense,0
2016-10-10,2016,10,October,10,Monday,4,Saving Bank Account 1,Investment,26,Mutual fund,Unknown,1000.0,Expense,0
2016-12-14,2016,12,December,14,Wednesday,4,Cash,Food,18,vegetables,Unknown,200.0,Expense,0
2018-07-13,2018,7,July,13,Friday,3,Saving Bank Account 1,Small Cap Fund 1,42,Unknown,Unknown,5000.0,Transfer-Out,2
2017-03-07,2017,3,March,7,Tuesday,1,Saving Bank Account 1,Equity Mutual Fund E,13,Unknown,Unknown,1000.0,Transfer-Out,2
2016-03-31,2016,3,March,31,Thursday,1,Saving Bank Account 1,Salary,36,Unknown,From workplace,70806.0,Income,1
2017-05-09,2017,5,May,9,Tuesday,2,Cash,Food,18,Ice cream,Cornetto butterscotch,40.0,Expense,0
2015-01-18,2015,1,January,18,Sunday,1,Cash,Food,18,Unknown,milk half gold,29.0,Expense,0
2018-01-04,2018,1,January,4,Thursday,1,Saving Bank Account 1,Documents,7,Updation,Aadhar Address Change,50.0,Expense,0
2016-11-19,2016,11,November,19,Saturday,4,Cash,Transportation,48,auto,within city,80.0,Expense,0
2018-07-01,2018,7,July,1,Sunday,3,Saving Bank Account 1,Food,18,snacks,Vadapav,15.0,Expense,0
2017-07-19,2017,7,July,19,Wednesday,3,Saving Bank Account 1,Food,18,Eggs,4 eggs,22.0,Expense,0
2018-01-18,2018,1,January,18,Thursday,1,Saving Bank Account 1,Transportation,48,Bike,Two Wheeler Bikedelux second installment,50000.0,Expense,0
2015-05-17,2015,5,May,17,Sunday,2,Saving Bank Account 1,Transportation,48,Taxi,BR to mumbai,6000.0,Expense,0
2016-06-20,2016,6,June,20,Monday,2,Saving Bank Account 1,Food,18,snacks,icecream,140.0,Expense,0
2018-06-29,2018,6,June,29,Friday,2,Cash,Household,24,Hardware,Tulsi plant+ pot,70.0,Expense,0
2018-05-09,2018,5,May,9,Wednesday,2,Credit Card,Subscription,45,Netflix,Unknown,199.0,Expense,0
2017-12-01,2017,12,December,1,Friday,4,Saving Bank Account 1,Public Provident Fund,33,Unknown,Unknown,40000.0,Transfer-Out,2
2018-03-31,2018,3,March,31,Saturday,1,Saving Bank Account 1,Interest,25,Unknown,interest paid,589.0,Income,1
2018-07-23,2018,7,July,23,Monday,3,Credit Card,Subscription,45,Tata Sky,Current Residence - Tata Play recharge,154.0,Expense,0
2018-06-28,2018,6,June,28,Thursday,2,Cash,Transportation,48,Taxi,Vadala road to Nehru Planetarium,228.0,Expense,0
2017-11-12,2017,11,November,12,Sunday,4,Cash,Food,18,Tea,Unknown,12.0,Expense,0
2017-04-20,2017,4,April,20,Thursday,2,Saving Bank Account 1,Food,18,Milk,milk 1lit,64.0,Expense,0
2016-12-17,2016,12,December,17,Saturday,4,Saving Bank Account 1,Subscription,45,Mobile Service Provider,Mobile Service Provider recharge wfh,301.0,Expense,0
2017-01-01,2017,1,January,1,Sunday,1,Saving Bank Account 1,Health,23,Medicine,antibiotics,354.0,Expense,0
2016-12-31,2016,12,December,31,Saturday,4,Saving Bank Account 1,Food,18,Lunch,veg fried rice,170.0,Expense,0
2015-01-27,2015,1,January,27,Tuesday,1,Cash,Food,18,Unknown,tea,30.0,Expense,0
2017-07-18,2017,7,July,18,Tuesday,3,Saving Bank Account 1,Household,24,Hardware,Pakad,240.0,Expense,0
2017-01-10,2017,1,January,10,Tuesday,1,Cash,Food,18,fruits,1 kg apple + bananas,160.0,Expense,0
2016-12-04,2016,12,December,4,Sunday,4,Cash,Food,18,snacks,pav bhaji pav 3 packets (8pcs each),45.0,Expense,0
2017-11-07,2017,11,November,7,Tuesday,4,Saving Bank Account 1,Food,18,Milk,1 lit,70.0,Expense,0
2017-02-22,2017,2,February,22,Wednesday,1,Saving Bank Account 1,Transportation,48,Taxi,Place 2 to Place 1,5500.0,Expense,0
2015-03-13,2015,3,March,13,Friday,1,Cash,Transportation,48,auto,to office,10.0,Expense,0
2018-01-08,2018,1,January,8,Monday,1,Cash,Other,31,Unknown,Gift from inlaws,2000.0,Income,1
2018-09-20,2018,9,September,20,Thursday,3,Cash,Food,18,snacks,Idli medu Vada mix 2 plates,60.0,Expense,0
2015-08-02,2015,8,August,2,Sunday,3,Saving Bank Account 1,Public Provident Fund,33,Unknown,Unknown,10000.0,Expense,0
2017-12-23,2017,12,December,23,Saturday,4,Credit Card,Gift,20,Unknown,Birthday gift,798.0,Expense,0
2017-01-30,2017,1,January,30,Monday,1,Cash,Food,18,snacks,single pav vada,15.0,Expense,0
2017-05-30,2017,5,May,30,Tuesday,2,Cash,Food,18,Lunch,2 veg Frankie,120.0,Expense,0
2015-02-15,2015,2,February,15,Sunday,1,Cash,Food,18,Unknown,tea,20.0,Expense,0
2017-03-11,2017,3,March,11,Saturday,1,Saving Bank Account 1,Food,18,Grocery,1.5 lit milk + 3 cold drink + 1 khari + 1 bread,200.0,Expense,0
2016-10-01,2016,10,October,1,Saturday,4,Saving Bank Account 1,Investment,26,Public Provident Fund,Unknown,10000.0,Expense,0
2017-07-23,2017,7,July,23,Sunday,3,Cash,Household,24,Appliances,For tata sky installation (100 rs given by Family ),200.0,Expense,0
2015-02-02,2015,2,February,2,Monday,1,Cash,Food,18,Unknown,milk half shakti,26.0,Expense,0
2017-02-01,2017,2,February,1,Wednesday,1,Saving Bank Account 1,Public Provident Fund,33,Unknown,Unknown,10000.0,Transfer-Out,2
2016-03-10,2016,3,March,10,Thursday,1,Saving Bank Account 1,Investment,26,RD,Unknown,1000.0,Expense,0
2018-01-03,2018,1,January,3,Wednesday,1,Saving Bank Account 1,Transportation,48,Bike,Two Wheeler Bikedelux booking amount,1000.0,Expense,0
2017-12-29,2017,12,December,29,Friday,4,Cash,Food,18,flour mill,Unknown,5.0,Expense,0
2017-06-08,2017,6,June,8,Thursday,2,Saving Bank Account 1,Food,18,breakfast,Bread,35.0,Expense,0
2018-04-30,2018,4,April,30,Monday,2,Cash,Household,24,Kirana,Supermart,165.0,Expense,0
2018-01-06,2018,1,January,6,Saturday,1,Saving Bank Account 1,Subscription,45,Mahanagar Gas,Unknown,810.0,Expense,0
2017-04-22,2017,4,April,22,Saturday,2,Saving Bank Account 1,Transportation,48,Train,Place 0 to Vikhroli return,30.0,Expense,0
2017-03-25,2017,3,March,25,Saturday,1,Saving Bank Account 1,Gpay Reward,21,Unknown,reward Gpay,6.0,Income,1
2017-12-19,2017,12,December,19,Tuesday,4,Cash,Food,18,snacks,Chicken Frankie,45.0,Expense,0
2017-06-01,2017,6,June,1,Thursday,2,Saving Bank Account 1,Saving Bank Account 2,38,Unknown,Unknown,100.0,Transfer-Out,2
2016-11-30,2016,11,November,30,Wednesday,4,Saving Bank Account 1,Subscription,45,Mobile Service Provider,Mobile Service Provider recharge wfh,251.0,Expense,0
2017-09-15,2017,9,September,15,Friday,3,Saving Bank Account 1,Food,18,Milk,milk 1lit,66.0,Expense,0
2017-05-27,2017,5,May,27,Saturday,2,Saving Bank Account 1,Food,18,Milk,milk 1lit,64.0,Expense,0
2017-05-02,2017,5,May,2,Tuesday,2,Saving Bank Account 1,Food,18,Tea,2 cups,20.0,Expense,0
2017-05-01,2017,5,May,1,Monday,2,Saving Bank Account 1,Apparel,1,Clothing,H&M Tshirt for Family,599.0,Expense,0
2015-04-06,2015,4,April,6,Monday,2,Saving Bank Account 1,Investment,26,Mutual fund,ICICI prudential,1000.0,Expense,0
2017-03-20,2017,3,March,20,Monday,1,Saving Bank Account 1,Household,24,Appliances,2 Spike guard,450.0,Expense,0
2016-01-09,2016,1,January,9,Saturday,1,Saving Bank Account 1,Subscription,45,Mobile Service Provider,Mobile Service Provider recharge wfh,251.0,Expense,0
2017-03-08,2017,3,March,8,Wednesday,1,Saving Bank Account 1,Food,18,Ice cream,naturals,150.0,Expense,0
2017-01-09,2017,1,January,9,Monday,1,Cash,Beauty,2,grooming,hair cut+shaving,80.0,Expense,0
2017-05-12,2017,5,May,12,Friday,2,Saving Bank Account 1,Food,18,Lunch,4 chapati,20.0,Expense,0
2015-01-21,2015,1,January,21,Wednesday,1,Cash,Food,18,Unknown,samosa + 2 tea,27.0,Expense,0
2015-01-14,2015,1,January,14,Wednesday,1,Cash,Food,18,Unknown,3 bananas,13.0,Expense,0
2017-01-29,2017,1,January,29,Sunday,1,Cash,Transportation,48,Bus,2 tickets Place 2 to N,510.0,Expense,0
2017-08-19,2017,8,August,19,Saturday,3,Cash,Household,24,Kirana,Colgate max fresh small,20.0,Expense,0
2017-11-25,2017,11,November,25,Saturday,4,Cash,Apparel,1,Laundry,clothes ironing : Rs 6 per item,90.0,Expense,0
2017-02-16,2017,2,February,16,Thursday,1,Saving Bank Account 1,Gift,20,Unknown,farewell contribution,400.0,Expense,0
2016-11-01,2016,11,November,1,Tuesday,4,Cash,Festivals,16,Diwali,firecracker,450.0,Expense,0
2016-12-22,2016,12,December,22,Thursday,4,Saving Bank Account 1,Transportation,48,train,Place 5 to Place 1 sevagram,11.8,Expense,0
2017-07-08,2017,7,July,8,Saturday,3,Saving Bank Account 1,Food,18,Eggs,4 eggs,26.0,Expense,0
2017-08-15,2017,8,August,15,Tuesday,3,Saving Bank Account 1,Food,18,Milk,1.5 lit milk,99.0,Expense,0
2018-02-10,2018,2,February,10,Saturday,1,Saving Bank Account 1,Food,18,Milk,1 lit,69.0,Expense,0
2017-01-05,2017,1,January,5,Thursday,1,Saving Bank Account 1,Subscription,45,Mobile Service Provider,Mobile Service Provider recharge wfh,301.0,Expense,0
2015-02-04,2015,2,February,4,Wednesday,1,Cash,Food,18,Unknown,tea,30.0,Expense,0
2016-12-04,2016,12,December,4,Sunday,4,Cash,Food,18,vegetables,carrets + brinjal + flower,90.0,Expense,0
2016-06-30,2016,6,June,30,Thursday,2,Saving Bank Account 1,Interest,25,Unknown,interest paid,740.0,Income,1
2018-08-02,2018,8,August,2,Thursday,3,Cash,Household,24,Kirana,Supermart,18.0,Expense,0
2017-08-27,2017,8,August,27,Sunday,3,Cash,Health,23,Medicine,Vicks inhaler,59.0,Expense,0
2018-02-01,2018,2,February,1,Thursday,1,Saving Bank Account 1,Share Market,41,Unknown,Unknown,50000.0,Transfer-Out,2
2017-11-02,2017,11,November,2,Thursday,4,Cash,Other,31,Unknown,Dambar goli 2 packets ( Naphthalene balls),130.0,Expense,0
2017-03-25,2017,3,March,25,Saturday,1,Cash,Food,18,Milk,milk 1 lit,60.0,Expense,0
2016-09-01,2016,9,September,1,Thursday,3,Saving Bank Account 1,Transportation,48,Travels,Place 2 to mum,750.0,Expense,0
2017-08-21,2017,8,August,21,Monday,3,Saving Bank Account 1,Beauty,2,Accessories,Lens cleaner,80.0,Expense,0
2018-06-27,2018,6,June,27,Wednesday,2,Cash,Food,18,Tea,2 cups,14.0,Expense,0
2018-04-01,2018,4,April,1,Sunday,2,Saving Bank Account 2,Interest,25,Unknown,interest paid,345.15,Income,1
2017-10-29,2017,10,October,29,Sunday,4,Credit Card,Subscription,45,Mobile Service Provider,Mobile Service Provider freedom pack,296.0,Expense,0
2018-03-31,2018,3,March,31,Saturday,1,Saving Bank Account 1,Salary,36,Unknown,From workplace,64636.0,Income,1
2015-02-08,2015,2,February,8,Sunday,1,Cash,Food,18,Unknown,tea + biscuits,30.0,Expense,0
2017-08-24,2017,8,August,24,Thursday,3,Credit Card,Apparel,1,Clothing,Jaipuri handprinted Maharani Saree (1850 Two pcs + 1500 1 pc),5200.0,Expense,0
2017-03-23,2017,3,March,23,Thursday,1,Saving Bank Account 1,Family,15,Pocket money,Unknown,3000.0,Expense,0
2017-09-17,2017,9,September,17,Sunday,3,Saving Bank Account 1,Health,23,Medicine,Unknown,151.0,Expense,0
2017-02-27,2017,2,February,27,Monday,1,Saving Bank Account 1,Food,18,Lunch,6 chapati(8 rs) + half rice,88.0,Expense,0
2016-08-14,2016,8,August,14,Sunday,3,Cash,Grooming,22,Saloon,hair cut,100.0,Expense,0
2015-08-31,2015,8,August,31,Monday,3,Saving Bank Account 1,Salary,36,Unknown,From workplace,49806.0,Income,1
2017-11-20,2017,11,November,20,Monday,4,Saving Bank Account 1,Food,18,Milk,milk 1lit,70.0,Expense,0
2016-12-04,2016,12,December,4,Sunday,4,Cash,Food,18,vegetables,gilke,25.0,Expense,0
2018-02-23,2018,2,February,23,Friday,1,Saving Bank Account 1,Food,18,Rajgira ladu,1 packet,20.0,Expense,0
2017-11-28,2017,11,November,28,Tuesday,4,Saving Bank Account 1,Food,18,vegetables,Unknown,140.0,Expense,0
2016-09-13,2016,9,September,13,Tuesday,3,Saving Bank Account 1,Food,18,Eating out,riverdine date,845.0,Expense,0
2018-06-28,2018,6,June,28,Thursday,2,Credit Card,Food,18,Dinner,Home Food Delivery,455.0,Expense,0
2015-06-08,2015,6,June,8,Monday,2,Saving Bank Account 1,Investment,26,Mutual fund,reliance mutual fund,1000.0,Expense,0
2015-11-12,2015,11,November,12,Thursday,4,Cash,Food,18,Eating out,egg roll,25.0,Expense,0
2015-03-09,2015,3,March,9,Monday,1,Saving Bank Account 1,Other,31,Unknown,Amazon prime,129.0,Expense,0
2016-11-15,2016,11,November,15,Tuesday,4,Cash,Food,18,Grocery,lemons,20.0,Expense,0
2018-04-05,2018,4,April,5,Thursday,2,Cash,Food,18,Eggs,6 eggs,36.0,Expense,0
2015-02-13,2015,2,February,13,Friday,1,Cash,Food,18,Unknown,milk half shakti,27.0,Expense,0
2018-03-22,2018,3,March,22,Thursday,1,Cash,Food,18,vegetables,Half kg tomato,15.0,Expense,0
2017-01-01,2017,1,January,1,Sunday,1,Saving Bank Account 1,Food,18,Dinner,pizza meal,340.0,Expense,0
2018-04-01,2018,4,April,1,Sunday,2,Saving Bank Account 1,Other,31,Unknown,ATM charge,24.78,Expense,0
2017-03-10,2017,3,March,10,Friday,1,Saving Bank Account 1,Subscription,45,Mobile Service Provider,Mobile Service Provider freedom pack,296.0,Expense,0
2017-07-15,2017,7,July,15,Saturday,3,Saving Bank Account 1,Food,18,snacks,Gupta bhel,25.0,Expense,0
2017-03-22,2017,3,March,22,Wednesday,1,Saving Bank Account 1,Transportation,48,Travels,Place 6 to Place 2,600.0,Expense,0
2016-02-05,2016,2,February,5,Friday,1,Saving Bank Account 1,Investment,26,Mutual fund,Mutual fund A,1000.0,Expense,0
2017-07-18,2017,7,July,18,Tuesday,3,Saving Bank Account 1,Food,18,Grocery,potato 1kg,35.0,Expense,0
2017-05-10,2017,5,May,10,Wednesday,2,Saving Bank Account 1,Recurring Deposit,34,Unknown,Unknown,1000.0,Transfer-Out,2
2018-08-16,2018,8,August,16,Thursday,3,Credit Card,Subscription,45,Tata Sky,Permanent Residence - Tata Play recharge,157.0,Expense,0
2015-12-12,2015,12,December,12,Saturday,4,Saving Bank Account 1,Transportation,48,auto,within city,50.0,Expense,0
2017-07-09,2017,7,July,9,Sunday,3,Saving Bank Account 1,Transportation,48,Train,2 Place 0 to Place 3 returns,80.0,Expense,0
2018-02-28,2018,2,February,28,Wednesday,1,Credit Card,Food,18,Potato,potato 1kg,18.0,Expense,0
2018-04-05,2018,4,April,5,Thursday,2,Cash,Food,18,Milk,milk 1lit,72.0,Expense,0
2015-04-07,2015,4,April,7,Tuesday,2,Saving Bank Account 1,Recurring Deposit,34,Unknown,Unknown,1000.0,Expense,0
2017-12-01,2017,12,December,1,Friday,4,Cash,Maid,28,Unknown,Unknown,2000.0,Expense,0
2015-03-15,2015,3,March,15,Sunday,1,Cash,Other,31,Unknown,cycle air pumping,5.0,Expense,0
2017-11-26,2017,11,November,26,Sunday,4,Saving Bank Account 1,Health,23,Hospital,"Routine checkup - eye institute, Place 6",400.0,Expense,0
2017-08-08,2017,8,August,8,Tuesday,3,Saving Bank Account 1,Tourism,47,Trip,Tours and Travel,43000.0,Expense,0
2017-10-24,2017,10,October,24,Tuesday,4,Saving Bank Account 1,Subscription,45,Mobile Service Provider,Mobile Service Provider freedom pack,296.0,Expense,0
2018-04-21,2018,4,April,21,Saturday,2,Cash,Food,18,Ice cream,Naturals,160.0,Expense,0
2015-02-10,2015,2,February,10,Tuesday,1,Saving Bank Account 1,Food,18,Unknown,tea + kachuri,18.0,Expense,0
2017-08-29,2017,8,August,29,Tuesday,3,Cash,Transportation,48,Taxi,Ola cab - Domestic airport T1 to Current Residence,640.0,Expense,0
2017-06-03,2017,6,June,3,Saturday,2,Saving Bank Account 1,Household,24,Kirana,Supermart,267.0,Expense,0
2018-03-10,2018,3,March,10,Saturday,1,Cash,Health,23,Health,All out refill,77.0,Expense,0
2017-11-18,2017,11,November,18,Saturday,4,Saving Bank Account 1,Food,18,Milk,1.5 lit milk,104.0,Expense,0
2015-02-23,2015,2,February,23,Monday,1,Cash,Transportation,48,auto,Bandra to Bandra terminus,20.0,Expense,0
2017-09-05,2017,9,September,5,Tuesday,3,Saving Bank Account 1,Subscription,45,Edtech Course,Unknown,2700.0,Expense,0
2016-04-02,2016,4,April,2,Saturday,2,Cash,Food,18,beverage,rasna orange,20.0,Expense,0
2018-06-28,2018,6,June,28,Thursday,2,Cash,Food,18,snacks,Bhaji + vadapav + kachori+ tea,70.0,Expense,0
2018-07-07,2018,7,July,7,Saturday,3,Saving Bank Account 1,Subscription,45,Mahanagar Gas,Unknown,196.0,Expense,0
2017-02-25,2017,2,February,25,Saturday,1,Cash,Household,24,Appliances,tube and inverter fitting,1600.0,Expense,0
2017-12-21,2017,12,December,21,Thursday,4,Cash,Household,24,Kirana,Surti kolam 2kg (54rsx2)+Monaco biscuits,118.0,Expense,0
2017-03-18,2017,3,March,18,Saturday,1,Cash,Food,18,fruits,Grapes + apple + guava,310.0,Expense,0
2017-07-27,2017,7,July,27,Thursday,3,Recurring Deposit,Maturity Amount,29,Unknown,RD2 matured,40326.0,Income,1
2017-08-27,2017,8,August,27,Sunday,3,Cash,Transportation,48,auto,market to resort,200.0,Expense,0
2017-02-24,2017,2,February,24,Friday,1,Cash,Food,18,Tea,3 tea yevle amrutullya,30.0,Expense,0
2016-05-10,2016,5,May,10,Tuesday,2,Saving Bank Account 1,Investment,26,RD,Unknown,1000.0,Expense,0
2015-03-20,2015,3,March,20,Friday,1,Credit Card,Health,23,Hospital,dentist check-up,3700.0,Expense,0
2018-08-31,2018,8,August,31,Friday,3,Cash,Food,18,Milk,Half lit  milk,36.0,Expense,0
2017-11-28,2017,11,November,28,Tuesday,4,Saving Bank Account 1,Food,18,Bread,Sweet bread cake pav kg,90.0,Expense,0
2017-03-25,2017,3,March,25,Saturday,1,Cash,Food,18,Grocery,Dahi 2 packets,20.0,Expense,0
2017-05-03,2017,5,May,3,Wednesday,2,Cash,Transportation,48,auto,Place 0 to Current Residence,15.0,Expense,0
2015-09-10,2015,9,September,10,Thursday,3,Saving Bank Account 1,Investment,26,Mutual fund,mutual fund,1000.0,Expense,0
2017-05-10,2017,5,May,10,Wednesday,2,Saving Bank Account 1,Food,18,Dinner,4 chapati,20.0,Expense,0
2016-01-05,2016,1,January,5,Tuesday,1,Saving Bank Account 1,Investment,26,RD,Unknown,1000.0,Expense,0
2018-06-13,2018,6,June,13,Wednesday,2,Saving Bank Account 1,Small Cap Fund 2,43,Unknown,Unknown,5000.0,Transfer-Out,2
2015-12-19,2015,12,December,19,Saturday,4,Saving Bank Account 1,Health,23,Medicine,eye drop maxmoist,235.0,Expense,0
2015-02-03,2015,2,February,3,Tuesday,1,Cash,Food,18,Unknown,chana chat + kachori,27.0,Expense,0
2018-01-20,2018,1,January,20,Saturday,1,Saving Bank Account 1,Amazon Pay Cashback,0,Unknown,Unknown,2.0,Income,1
2017-05-29,2017,5,May,29,Monday,2,Cash,Education,8,Stationary,Xerox,30.0,Expense,0
2015-05-05,2015,5,May,5,Tuesday,2,Cash,Food,18,Milk,milk half shakti,26.0,Expense,0
2015-12-05,2015,12,December,5,Saturday,4,Saving Bank Account 1,Recurring Deposit,34,Unknown,Unknown,1000.0,Expense,0
2018-01-07,2018,1,January,7,Sunday,1,Cash,Transportation,48,Train,Place 0 to Place 4 return,20.0,Expense,0
2017-03-09,2017,3,March,9,Thursday,1,Saving Bank Account 1,Food,18,Grocery,2 Schwan chutteny + 2 cheese cube + amul butter,100.0,Expense,0
2017-06-05,2017,6,June,5,Monday,2,Cash,Health,23,Medicine,3 Sinarest,18.0,Expense,0
2016-08-09,2016,8,August,9,Tuesday,3,Saving Bank Account 1,Subscription,45,Mobile Service Provider,Unknown,251.0,Expense,0
2018-02-01,2018,2,February,1,Thursday,1,Saving Bank Account 1,Food,18,vegetables,Half kg tomato,15.0,Expense,0
2018-07-01,2018,7,July,1,Sunday,3,Saving Bank Account 1,Food,18,Milk,milk 1lit,72.0,Expense,0
2016-11-10,2016,11,November,10,Thursday,4,Saving Bank Account 1,Investment,26,Mutual fund,Unknown,1000.0,Expense,0
2017-09-13,2017,9,September,13,Wednesday,3,Saving Bank Account 1,Food,18,Dinner,Sugaran Kitchen,110.0,Expense,0
2016-01-01,2016,1,January,1,Friday,1,Saving Bank Account 1,Money Transfer,30,Unknown,Unknown,10000.0,Expense,0
2017-08-06,2017,8,August,6,Sunday,3,Saving Bank Account 1,Gpay Reward,21,Unknown,Unknown,6.0,Income,1
2018-03-05,2018,3,March,5,Monday,1,Cash,Food,18,Ice cream,chocobar,20.0,Expense,0
2017-12-04,2017,12,December,4,Monday,4,Saving Bank Account 1,Food,18,fruits,Unknown,120.0,Expense,0
2015-03-02,2015,3,March,2,Monday,1,Cash,Transportation,48,auto,to office,10.0,Expense,0
2018-09-05,2018,9,September,5,Wednesday,3,Cash,Apparel,1,Laundry,11 clothes ironing,77.0,Expense,0
2018-03-08,2018,3,March,8,Thursday,1,Cash,Food,18,Bread,Flatbread 12 pcs,40.0,Expense,0
2017-07-08,2017,7,July,8,Saturday,3,Saving Bank Account 1,Food,18,Milk,milk 1lit,64.0,Expense,0
2015-02-19,2015,2,February,19,Thursday,1,Cash,Food,18,Unknown,milk 1lit,60.0,Expense,0
2017-09-20,2017,9,September,20,Wednesday,3,Cash,Family,15,Pocket money,Unknown,20.0,Expense,0
2017-06-28,2017,6,June,28,Wednesday,2,Saving Bank Account 1,Food,18,Grocery,5rs mirchi + crack-jack,15.0,Expense,0
2015-01-03,2015,1,January,3,Saturday,1,Cash,Food,18,Unknown,water jar,350.0,Expense,0
2017-03-12,2017,3,March,12,Sunday,1,Cash,Transportation,48,Train,2 Place 0 to Place 4 return,40.0,Expense,0
2015-01-21,2015,1,January,21,Wednesday,1,Credit Card,Transportation,48,Unknown,train - brc to mmct,138.0,Expense,0
2017-11-30,2017,11,November,30,Thursday,4,Saving Bank Account 1,Health,23,Health,Glasses remaining,800.0,Expense,0
2017-01-03,2017,1,January,3,Tuesday,1,Cash,Food,18,Lunch,2 uttapam,310.0,Expense,0
2018-07-20,2018,7,July,20,Friday,3,Cash,Food,18,Onions,onion 1 kg,25.0,Expense,0
2015-09-27,2015,9,September,27,Sunday,3,Saving Bank Account 1,Other,31,Unknown,audible subscription,199.0,Expense,0
2017-03-25,2017,3,March,25,Saturday,1,Saving Bank Account 1,Transportation,48,Travels,Place 2 to Place 1,900.0,Expense,0
2018-04-25,2018,4,April,25,Wednesday,2,Cash,Food,18,Lunch,Catering Service,70.0,Expense,0
2017-06-19,2017,6,June,19,Monday,2,Saving Bank Account 1,Food,18,Milk,milk 1lit,64.0,Expense,0
2018-03-07,2018,3,March,7,Wednesday,1,Saving Bank Account 1,Food,18,snacks,2 Vadapav,30.0,Expense,0
2015-07-06,2015,7,July,6,Monday,3,Saving Bank Account 1,Investment,26,Mutual fund,ICICI prudential,1000.0,Expense,0
2017-01-29,2017,1,January,29,Sunday,1,Cash,Food,18,snacks,cheese chilli toast sandwich 1,60.0,Expense,0
2017-08-04,2017,8,August,4,Friday,3,Saving Bank Account 1,Gpay Reward,21,Unknown,Unknown,11.0,Income,1
2017-07-27,2017,7,July,27,Thursday,3,Recurring Deposit,Maturity Amount,29,Unknown,RD1 matured,40326.0,Income,1
2017-05-30,2017,5,May,30,Tuesday,2,Cash,Transportation,48,Train,2 Place 0 to Place P return,80.0,Expense,0
2017-11-03,2017,11,November,3,Friday,4,Equity Mutual Fund B,Saving Bank Account 1,37,Unknown,Unknown,2000.0,Transfer-Out,2
