Headline,Date,Stock_Ticker
"Wedbush's Van Hees on NVIDIA: 'Underestimation of Demand from PC Gamers Drove Big Upside to Top Line FQ2 Print & FQ3 Guide,' Reiterate Outperform, $24 Price Target",2015-08-07,NVDA
Microsoft Hires ex-Apple Exec Caballero in Charge of Wireless for Hardware,2020-04-07,AAPL
Auriga Maintains Hold Rating On Nvidia,2011-05-12,NVDA
"Stocks To Watch For May 12 (JWN, CSCO, KSS, SYMC, NVDA)",2011-05-12,NVDA
Selling Picks Up In Worst Day Since 1987 As Fear Continues To Drive Markets Lower,2020-03-12,AAPL
"' This is not a short talking- this is Ebay, Don't mess with Google.'-Citron Research Tweets (2/2)",2018-08-21,NVDA
"Deutsche Bank Maintains Hold on NVIDIA, Raises price target to $230.00",2018-02-09,NVDA
UPDATE: Morgan Stanley On Nvidia Notes 'That strong data center growth is particularly notable in that we see new products coming in the next quarter or two',2020-02-14,NVDA
Hearing NVIDIA Mentioned Positively by Wedge Partners,2011-09-28,NVDA
"Applied Materials, Marvell Technology Face Rising Short Interest (AMAT, MRVL, STM)",2013-10-11,NVDA
"GPU Technology Conference Continues Today, Day 2 Of 4",2017-05-09,NVDA
A BUZ-Worthy ETF,2018-05-11,NVDA
Shares of several semiconductors are trading lower after NXP Semiconductors provided weak Q1 sales guidance.,2019-02-07,NVDA
Big Tech Is Getting Crushed Today,2016-11-10,NVDA
"Morning-Movers Led By Orbitz, Tripadvisor & NVIDIA",2015-02-12,NVDA
UPDATE: FBR Capital Markets Cuts PT to $18 on NVIDIA Corporation on Weakening PC Checks,2012-06-07,NVDA
Apple Option Alert: May 15 $315 Calls Sweep (52) near the Ask: 354 @ $2.154 vs 6982 OI; Ref=$309.45,2020-05-08,AAPL
Shares of the overall market are trading lower after the yield curve inverted for the first time since 2007; some attribute this as a sign of the economy slowing.,2019-03-22,NVDA
13F From David Tepper's Appaloosa Shows New 150K Share Stake In NVIDIA,2018-05-15,NVDA
"NVIDIA Shares Respond Lower, Down ~$1.20, Over Last Min. Following CNBC Report Tesla Working With AMD For Developing Of Its Own AI Chip For Self-Driving Cars",2017-09-20,NVDA
"Intel, Nvidia to Announce New Platforms for CES 2017 -DigiTimes",2016-11-30,NVDA
Gearing Up For Nvidia's Q1 Earnings: A Technical Take,2017-05-01,NVDA
Nvidia Shares Spike Higher Following Q4 Earnings Beat,2019-02-14,NVDA
Apple To Make 1M Face Shields Per Week For Coronavirus Health Workers,2020-04-06,AAPL
"Autonomous Car, Smart Home Opportunities Keep This Analyst Bullish On Nvidia",2017-08-24,NVDA
"Earnings Scheduled For May 9, 2013",2013-05-09,NVDA
Earnings Preview: Reports From ExxonMobil And Chevron Wrap Up A Busy Week,2018-02-01,NVDA
NVIDIA's 10-Day Win Streak Now In Danger,2016-12-28,NVDA
UPDATE: Argus Sees 75+% of Autos Being LTE-Enabled by '20,2015-12-22,NVDA
4 Reasons Why 'Fortnite' Has Won Over Gamers,2018-04-22,NVDA
13F From Buffett's Berkshire Shows Maintained Stake In Apple,2020-05-15,AAPL
"Benzinga's Bulls And Bears Of The Week: Apple, Disney, Intel And More",2020-04-11,AAPL
"Other Semi Stocks Fall Following Concerning Earnings From Intel, Western Digital: NVIDIA Shares Down 2.7%, AMD Down 2.5%, Seagate Down 2.4%, Micron Down 2.1%,",2019-01-24,NVDA
"AI Development In Automotive Is 'Full Steam Ahead,' Nvidia Exec Says In Detroit",2018-01-14,NVDA
'Apple's only retail store in South Korea reopening April 18' -9to5Mac,2020-04-16,AAPL
Internet Trends Report: Why Immigration Is Critical To The US Tech Industry,2019-06-17,NVDA
"Though Their Stocks Have Cooled, The Semiconductor Industry Is As Hot As Ever",2018-04-20,NVDA
"Volkswagen, NVIDIA Announce Use of NVIDIA DRIVE IX with AI in Future Vehicle Lineup at #CES2018",2018-01-08,NVDA
"Morgan Stanley Bullish On Rising App Store Revenue, Raises Apple Price Target",2020-06-03,AAPL
28 Stocks Moving In Friday's Pre-Market Session,2018-11-16,NVDA
Shares of several technology companies are trading higher after China's Commerce Ministry stated they are open to dialogue to resolve trade tensions; Mexico trade concerns also eased after Mexican officials said it could find common ground with the US.,2019-06-04,NVDA
Nvidia GeForce Now Game Streaming Is Now Available,2020-02-04,NVDA
3 ETFs To Short The Dow,2020-03-23,AAPL
AMD's RX 5700 Graphics Cards Now Available: What You Need To Know,2019-07-08,NVDA
Nvidia shares trade up 1.8% ahead of tonight's Q3 earnings; Analysts estimate EPS of $1.71 and revenues of $3.24 billion.,2018-11-15,NVDA
"Raymond James Maintains Outperform on NVIDIA, Raises Price Target to $300",2020-02-14,NVDA
NVIDIA Reports Strong EPS and Revenue,2014-02-13,NVDA
"JP Morgan Maintains Overweight on NVIDIA, Raises Price Target to $237",2019-11-15,NVDA
Lazard Capital Initiates Coverage On Nvidia at Neutral,2012-06-28,NVDA
Benzinga's Option Alert Recap From July 17,2017-07-17,NVDA
25 Technology Stocks Moving In Monday's Pre-Market Session,2020-02-24,NVDA
US Stock Futures Up; Jobless Claims Data In Focus,2011-11-10,NVDA
"Atlantic Equities Initiates Coverage On NVIDIA with Overweight Rating, Announces $195 Price Target",2019-02-22,NVDA
"Short Interest Rises In Marvell, Falls In Qualcomm (MRVL, QCOM, TXN)",2013-11-13,NVDA
Volvo Group Partners With NVIDIA to Develop Advanced AI Platform for Autonomous Trucks,2019-06-18,NVDA
Benzinga's Option Alert Recap From May 9,2017-05-09,NVDA
Carter Worth Thinks That NVIDIA Is Too Expensive,2016-10-06,NVDA
NVIDIA Has Filed With China Regulator SAMR For Approval For Mellanox Deal,2019-05-21,NVDA
"Jim Cramer Shares His Thoughts On Nvidia, Sirius XM, Chevron And TransUnion",2017-07-12,NVDA
Are Options Traders Betting On A Big Move in NVIDIA?,2017-10-09,NVDA
"'FAANG Stocks Are Strong Once Again,' Facebook, Amazon, Netflix Hit Record Highs Last Week",2020-05-26,AAPL
David Bartosiak's NVIDIA Corporation Trade,2016-02-05,NVDA
Amended 13G Filing From Vanguard Shows 6.78% Stake In NVIDIA,2018-02-09,NVDA
FBR Capital Maintains Market Perform on NVIDIA After Guidance Cut,2012-01-25,NVDA
"Record Run: Stocks Keep Rolling To New Highs as Housing Data, Earnings Look Solid",2020-01-17,NVDA
"Tigress Financial's Ivan Feinseth Initiated Coverage on QUALCOMM with Strong Buy Rating, NVIDIA with Neutral Rating, Texas Instruments with Underperform",2013-03-18,NVDA
UPDATE: Canaccord Genuity Upgrades NVIDIA Corporation to Buy on 2012 Tablet Ramp-Up,2012-06-25,NVDA
"Benzinga's Top ETF Gainers, November 3rd (SOXL, TNA, ERX, NUGT)",2011-11-03,NVDA
"Rise In Semiconductor, Cloud Computing Stocks Could Set Tone For Broader Economy",2020-03-24,NVDA
Barclays Upgrades NVIDIA to Overweight,2018-05-03,NVDA
"After Slow Start, Week Might Gain Pace As Retail Sales, Inflation Data, Walmart Loom",2019-11-11,NVDA
Watch These 8 Huge Call Purchases In Thursday Trade,2017-09-14,NVDA
"NVIDIA Reports Q3 EPS $0.46 vs. Est. $0.25, Rev. $1.305B vs. Est. $1.18B",2015-11-05,NVDA
Goldman Sachs Maintains Neutral on Nvidia (NVDA),2011-05-10,NVDA
"Regulators Aiming To Break Of Big Tech Are Receiving ""Help"" From COVID-19",2020-03-13,AAPL
40 Stocks Moving In Monday's Mid-Day Session,2019-03-11,NVDA
Technical Alert: Nvidia Corp Lower As Pacific Crest Urges Caution On The Rapid Price Increase,2016-12-12,NVDA
"Susquehanna Maintains Positive on NVIDIA, Raises Price Target to $355",2020-05-04,NVDA
Who's The Boss? It Could Be This New ETF,2017-02-16,NVDA
"Apple CFO Says Due To Reduced Level Of Economic Activity, Services Like Apple Care And Advertising Have Been Impacted",2020-04-30,AAPL
Nvidia Shares Remain Under-Owned,2017-07-06,NVDA
"Intel Shares Up 3% Following Qtr. Results, Guidance; AMD, H-P, NVIDIA, Lam Research, KLA-Tencor Shares Also Seeing Volatility",2015-04-14,NVDA
Benzinga's Top Initiations,2012-09-25,NVDA
Option Alert: NVDA Aug16 58.0 Puts Sweep: 2500 @ ASK $2.10: 2568 traded vs 212 OI: Earnings 8/11 After Close $59.06 Ref,2016-08-09,NVDA
The Market In 5 Minutes,2017-02-24,NVDA
Wedbush Met With Nvidia's CFO; Here's What Happened,2015-06-12,NVDA
Apple-Qualcomm News Shakes These 7 Stocks,2017-10-31,NVDA
110 Biggest Movers From Yesterday,2020-03-17,AAPL
"Global Equities' Trip Chowdhry Sees Tesla Rolling Out Advanced Auto-Pilot, Driver Assistance Software Update Before Aug. 22; Highlights NVIDIA, Mobileye as Cos. Benefiting",2015-08-03,NVDA
20 Technology Stocks Moving In Tuesday's Pre-Market Session,2019-10-08,NVDA
Apple Shares Trading Higher 2.3% Following Q2 Earnings,2020-04-30,AAPL
Taiwan Semiconductor Obtains 12nm Chip Orders from Nvidia Silicon Motion Technology -DigiTimes,2017-05-11,NVDA
"Google Releases Its ASIC AI Infrastructure Called Edge TPU, Watch Shares of NVIDIA On This News",2018-07-26,NVDA
NVIDIA Option Alert: Fri $275 Calls Sweep (60) near the Ask: 502 @ $2.938 vs 6346 OI; Earnings 11/8 After Close [est] Ref=$277.0,2018-09-28,NVDA
Benzinga's Top Downgrades,2014-06-19,NVDA
Goldman Raises 2025 Estimate For Expected Market Value Of Virtual Reality/Augmented Reality From $80B To $95B,2016-07-18,NVDA
Google to Unveil Second-Generation Nexus 7 Today,2013-07-24,NVDA
Option Alert: Nvidia Feb $20 Call; 8189 Contract Trade at Ask @$0.46; Now $19.48,2015-01-29,NVDA
Shares of many semiconductor companies are trading higher with the broader stock market after the Chinese Minister of Commerce said the U.S. and China are set to meet in Washington D.C in early October.,2019-09-05,NVDA
Brean Adjusts NVIDIA's Fair Value Range To $35-$40,2016-05-13,NVDA
Stocks That Hit 52-Week Highs On Wednesday,2019-12-18,NVDA
3 Chip ETFs To Buy On Intel's Stellar Forecast,2020-01-24,NVDA
"CEOWORLD Most Actives Technology Stocks by volume Watch on 4/27/11- AAPL, INTC, MSFT, CSCO, BIDU",2011-04-27,NVDA
30 Stocks Moving In Tuesday's Pre-Market Session,2018-10-30,NVDA
Benzinga's Volume Movers,2016-02-18,NVDA
From Gamescom 2018 Conference: NVIDIA Corp RTX 2000 Series Gaming Chips Will Range From $499 To $999 And Will Be Available Starting Sept. 20,2018-08-20,NVDA
"Care Package: Walmart Results, China Trade Talks Might Help Lift Spirits",2018-08-16,NVDA
15 Bullish Technical Charts MKM Analysts Are Watching,2016-03-21,NVDA
NVIDIA Sees Q1 Sales $2.9B Plus Or Minus 2% vs $2.47B Est.,2018-02-08,NVDA
Shares of several technology companies are trading lower amid overall market weakness following a collapse in oil prices. Oil has been negatively impacted by excess supply and low demand amid the coronavirus pandemic.,2020-04-21,AAPL
"Apple, Huawei Each Captured a Higher Share of China's Smartphone Market in Q1, Says Canalys",2020-05-01,AAPL
Wells Fargo Downgrades NVIDIA to Underperform,2016-07-15,NVDA
"Microsoft Said to Add Qualcomm as Supplier for Surface RT, Nvidia to Remain Supplier for Some Versions",2013-06-18,NVDA
The Market In 5 Minutes,2017-07-12,NVDA
NVIDIA Introduces DRIVE AutoPilot Automated Driving System,2019-01-07,NVDA
Why is NVIDIA Building a Portable Game Machine?,2013-01-07,NVDA
Is There a Good Excuse to Explain Intel's 4Q Revenue Miss?,2011-12-12,NVDA
IC Insights Reports Semiconductor Unit Shipments Topped 1 Trillion In 2018,2019-01-25,NVDA
Apple to Host Virtual Worldwide Developers Conference Beginning June 22,2020-05-05,AAPL
"UPDATE: Raymond James On Apple Notes 'and those who don't buy a phone this year will have a strong incentive to buy one next year, particularly with more complete 5G networks and our belief of a stronger 2021 iPhone feature set'",2020-05-01,AAPL
Sizing Up The Sizzle In Semiconductor ETFs,2017-11-09,NVDA
FaZe Clan Celebrates 10-Year Anniversary With G FUEL And Apple Beats,2020-06-05,AAPL
"Shares of several technology, software and semiconductor companies are trading lower as equities sell off amid continued global coronavirus concerns. The virus has caused global economic disruption and negatively impacted stocks across sectors.",2020-03-12,AAPL
"Tesla Shares Up Slightly Pre-Market Following Electrek Report Co. Working On Its Own A.I. Chip For Autonomous Vehicles, Potentially Impactful For Nvidia, Skyworks Solutions Among Others",2017-12-08,NVDA
NVIDIA Announces Support for Arm CPUs,2019-06-17,NVDA
Why The NVIDIA Story Is Still In Its Early Innings Despite Recent Run,2016-12-13,NVDA
Warner Music CEO On IPO: Music Is The 'Only Global Language',2020-06-03,AAPL
"Nvidia Analysts Preview Q2 Earnings: A Challenging Near Term, But Out Years Hold Promise",2019-08-14,NVDA
"12 Stocks To Watch For February 13, 2020",2020-02-13,NVDA
"UPDATE: Morgan Stanley On NVIDIA Notes Co's 'ray tracing software support should generate more gamer enthusiasm in gaming products,and new data center workloads around conversational AI should lead to another leg of data center growth'",2019-11-25,NVDA
"CEOWORLD Top Semiconductors Stocks on 5/13/11- SPRD, DSTI, MSPD, TXCC, CREE, FSLR, SPA, MTSN, NVLS, NVDA, KBALB, ASYS…",2011-05-13,NVDA
"Amazon, Apple, Walmart, Other Retailers Shutter Stores, Scale Back Operations In Areas Worst Hit With Protests",2020-06-01,AAPL
Nvidia has Not Offered any Concessions to EU Related to $6.8B Mellanox Deal,2019-12-13,NVDA
15 Biggest Mid-Day Gainers For Friday,2017-05-19,NVDA
"Wedbush Maintains Outperform on NVIDIA, Raises Price Target to $340",2020-05-13,NVDA
Former SAC Capital Analyst Horvath Pleads Guilty to Insider Trading,2012-10-01,NVDA
"Deutsche Bank Maintains Hold on NVIDIA, Raises Price Target to $190.00",2017-11-08,NVDA
"After-Hours Losers Aug. 11, 2016: ORIG Down %, XCOM 20%, RT 6.4%, PTX 4%, DDS 3.5%, NVDA 3%",2016-08-11,NVDA
NVIDIA Shares Up 2% Mon. Ahead Of Analyst Day On Tues.; BMO Sees 'very upbeat tone...particularly in light of the truly solid string of results the company has continued to deliver',2018-03-26,NVDA
"Baidu Announces Alliance with 50+ Partners, Including NVIDIA, Microsoft Cloud, to Accelerate the Adoption of Autonomous Driving",2017-07-05,NVDA
"Cramer Gives His Opinion On Taiwan Semiconductor, Wendy's And More",2019-12-06,NVDA
Off The Block: A Fast Start For A Blockchain ETF,2018-01-25,NVDA
'Apple raises more than $8 billion in bond offering' -Tweet From CNBC Now,2020-05-04,AAPL
"Benzinga Pro's Top 5 Stocks To Watch For Thurs., Nov. 14, 2019: NVDA, SINA, DDS, TROV, AMRN",2019-11-14,NVDA
Option Alert: NVDA Feb16 24.0 Puts Sweep: 516 @ ASK $0.22: 1612 traded vs 1977 OI: Earnings today After Close $27.53 Ref,2016-02-17,NVDA
How 3 College Students Turned $500K Into $2.6 Million In 4 Weeks,2017-12-09,NVDA
Communications Services Sector Earnings: When Staying In Becomes The Trend,2020-04-09,AAPL
"Bank Of America, Citigroup, Micron, Nvidia: Fast Money Picks For August 15",2017-08-15,NVDA
Bank Of America's 10 Most Explosive Stock Picks,2015-04-01,NVDA
Jedi Wars Between Amazon And Microsoft Are Still Very Much On,2020-03-10,AAPL
"Morgan Stanley Maintains Overweight on Apple, Lowers Price Target to $298",2020-04-03,AAPL
"Benzinga's Top Upgrades, Downgrades For May 18, 2020",2020-05-18,NVDA
"Week Starts With Trade Hopes Slightly Improved, But Caution Remains Watchword",2019-08-26,NVDA
AMD on Deck: Spotlight on New CEO,2011-10-27,NVDA
Is Google's Tablet a $200 iPad-Killer?,2012-06-27,NVDA
"UPDATE: Roth Capital Transfers Coverage on NVIDIA, Sets Neutral Rating, $26 Price Target",2015-10-12,NVDA
"Nvidia Reports Big Q3 Earnings Beat, Record Sales",2017-11-09,NVDA
"Apple CEO Tim Cook Says Austria, Australia Apple Stores To Reopen In 1 To 2 Weeks",2020-04-30,AAPL
"NVIDIA Shares Up 5.3% Following Q4 Earnings Beat, Q1 Guidance",2018-02-08,NVDA
"Apple, Chips Stocks Falling Amid Taiwan Semiconductor's Weak Guidance",2018-04-19,NVDA
Some Perspective On The Potent Esports ETF,2019-07-23,NVDA
12 Stocks You Should Be Watching Today,2016-11-10,NVDA
Chips On The Table: An Aggressive Semiconductor Idea,2017-12-28,NVDA
Oppenheimer Reiterates Outperform on NVIDIA,2011-08-12,NVDA
"Shares of several semiconductor companies are trading higher in sympathy with the overall market after the U.S. Trade Representative reported that some tariffs will be delayed to Dec 15 on some products including cell phones, monitors, and laptops.",2019-08-13,NVDA
Rambus Up 12% After Signing Patent Agreement,2012-02-08,NVDA
Upcoming Earnings: Alibaba Reports Before Market Open On Friday,2018-05-03,NVDA
Benzinga's Option Alert Recap From September 18,2017-09-18,NVDA
"Bulls And Bears Of The Week: Carvana, Comcast, Walmart And More",2020-05-23,NVDA
"Evercore Partners Maintains Nvidia at Underweight, Raises PT from $11 to $12",2012-02-16,NVDA
Benzinga's Top Pre-Market Gainers,2011-08-11,NVDA
50 Stocks Moving In Friday's Mid-Day Session,2020-02-14,NVDA
"Big Chip Q1 Earnings Preview: A Focus On Industry Downturn, Product Delays, Competitive Dynamics, New Tech",2019-04-25,NVDA
Will Big Tech Come To The Rescue Against COVID-19?,2020-03-19,AAPL
US Stock Futures Down After China Trade Data,2012-08-10,NVDA
"'DRAM Market to See Lower Capital Expenditure and Moderated Bit Output in 2019 Due to Weak Demand, Says TrendForce' -DRAMeXchange Earlier Reported",2019-01-02,NVDA
NVIDIA Corp Reports EPS of $0.27 vs. $0.19 Estimate; Revenues $962.0M vs. $946.89M Estimate (NVDA),2011-05-12,NVDA
Citron's Andrew Left Explains His Latest Trades,2017-02-24,NVDA
"A Look At Benzinga Pro's Most-Searched Tickers For October 7, 2019",2019-10-07,NVDA
"Top Performing Industries For February 18, 2016",2016-02-18,NVDA
"Nomura Instinet Maintains Reduce on NVIDIA, Raises Price Target to $260",2020-05-22,NVDA
"Mizuho Securities Initiates Coverage on NVIDIA at Buy, Announces $60.00 PT",2016-07-15,NVDA
"Goldman Sachs Downgrades Apple to Sell, Lowers Price Target to $233",2020-04-17,AAPL
"As Oil Fuels Equities Rally, Markets Eyeing Key Technical Levels",2018-05-10,NVDA
"UPDATE: Needham Downgrades NVIDIA And Removes $225 Price Target As Firm Believes 'end demand will deteriorate further in its core markets, gaming (54% of sales) and datacenter (25%) driven by an ongoing deceleration in the Chinese economy'",2019-01-29,NVDA
"Watch NVIDIA Shares Here, Stock Up 5%; Benzinga Has Been Alerted to Traders Passing Concern on Possible Chip Recall",2016-12-14,NVDA
Shares of several technology companies are trading higher as markets look to rebound from Monday's selloff. The technology sector has been highly impacted by the coronavirus due to its China exposure and sensitivity to economic conditions.,2020-03-10,AAPL
"Alphabet, Boeing Shares Get A Lift Following Earnings, While GE Falls Short",2020-04-29,AAPL
"UPDATE: Cantor Fitzgerald Initiates NVIDIA with Buy, $20 PT",2012-04-05,NVDA
"Apple Says With Health and Safety of Its Teams in Mind, Decided to Keep Number of Its Stores in the U.S. Closed on Sunday",2020-05-31,AAPL
NVIDIA shares are trading higher after Cascend upgraded the stock from Hold to Buy and announced a price target of $190 per share.,2019-07-11,NVDA
"Benzinga's Top Upgrades (NVDA, ANF, MIPS, WFT)",2011-03-08,NVDA
51 Stocks Moving In Wednesday's Mid-Day Session,2020-02-19,NVDA
"Stocks to Watch for July 31, 2013",2013-07-31,NVDA
"IDC Issues PC Report For Q1, Shows 'Sharp Decline in Q1 2020 Despite Increased Demand to Meet Remote Work and School Needs'",2020-04-13,AAPL
Nuance Communications and NVIDIA to Partner to Advance Artificial Intelligence for Radiology,2017-11-27,NVDA
"Stocks That Made New 52 Week Highs Today Include: Zoetis, Fortive, VeriSign, CF Industries, Ansys, Facebook, IDEXX, Fiserv, Global Payments, CA, Akamai, AES, NVIDIA, Align Tech, and Adobe",2018-06-14,NVDA
NVIDIA Shares Volatile as FBR Issues Mid-Day Note Suggesting Co. Could Offer LT Goals for Returning Cash to Holders at Investor Day Tomorrow (Tuesday),2014-03-24,NVDA
"ICYMI: Nvidia, Snap, The VIX, And MoviePass",2018-02-08,NVDA
Mid-Day Market Update: Natural Grocers Climbs Following Strong Q4 Results; Chi-Med Shares Plummet,2018-11-16,NVDA
Apple Inc Files Prospectus Supplement Related To A Potential Four-Part Notes Offering,2020-05-04,AAPL
"Shares of tech stocks moving higher as market rebounds from mid-week lows, strength could be related to rotation back into growth names; Netflix up 5.3%, NVIDIA up 5.8%, Salesforce Up 5.1%, PayPal Up 4.4%, Apple up 3.2%, VMWare up 3.0%.",2018-10-12,NVDA
"Intel Shares Up 4% Following Raised Q3 Outlook; AMD Shares Up 3.8%, Micron Up 3.4%, NVIDIA Up 0.9%, Texas Instruments Up 0.8%",2016-09-16,NVDA
"UPDATE: NVIDIA Says Kepler, Tegra Driving Growth in 2H",2012-09-13,NVDA
"As The Global Economy Weighs Fears Of A Recession, Travel Is Already In A Depression",2020-05-21,AAPL
"Stifel Nicolaus Maintains Hold on NVIDIA Corporation - Common Stock, Lowers Price Target to $145",2019-05-14,NVDA
"Financial Breakfast: Morning News Summary for November 11, 2011",2011-11-11,NVDA
Benzinga's Top Downgrades,2014-06-23,NVDA
Apple's Top Supplier Foxconn Launched New Recruitment Drive as Current Covid-19 Pandemic in China Ends,2020-06-07,AAPL
Nvidia Shares Rise 4.5% Premarket to $228.75 as Bank of America Raises PT to $275,2018-01-19,NVDA
"UBS Turns Bullish On Nvidia After Guidance Cut, Sees Buying Opportunity",2019-01-29,NVDA
95 Stocks Moving In Monday's Mid-Day Session,2020-03-16,AAPL
"Craig-Hallum Earlier Reiterated Buy on NVIDIA, Raised Price Target to $300",2020-01-13,NVDA
"Wells Fargo Earlier Maintained Outperform on NVIDIA, Raised Price Target to $220",2019-10-22,NVDA
"NVIDIA To Report Q1 Earnings Thurs., May 21, 2020",2020-04-30,NVDA
"BMO Capital Maintains Market Perform on NVIDIA Corporation, Lowers PT to $12.00",2013-02-14,NVDA
"Stifel Nicolaus Maintains Buy on NVIDIA Corporation, Lowers PT to $18.00",2013-02-14,NVDA
Apple And Google Give Details On Their Joint Coronavirus Contact Tracing Tool,2020-04-14,AAPL
Wednesday March 6th Watchlist,2013-03-06,NVDA
"Analyst: Nvidia, Western Digital Only Buys In Semi Space Given Current Industry Dynamics",2017-07-19,NVDA
Nvidia Spiking Higher on Heavy Volume,2011-11-21,NVDA
The Early Reaction To Nvidia's Acquisition Of Mellanox,2019-03-11,NVDA
"Must Watch Stocks for November 6, 2014",2014-11-06,NVDA
Mike Khouw's NVIDIA Options Trade,2017-05-21,NVDA
"NVIDIA, Samsung Agree to Settle All Outstanding IP Litigation, Terms Not Disclosed",2016-05-02,NVDA
Citron Tweets '$nvda shareholders can expect to see $200. Since Jan 1 $nvda has added over $30 bil in mkt cap (more than 2 $amd valuations). Great company dangerous stock',2018-02-02,NVDA
A NVIDIA Q4 Earnings Preview: Upside Should Come From EPS Growth,2017-02-07,NVDA
"UPDATE: Needham On NVIDIA Notes 'we believe the transition to AI, whether from hyperscalers, enterprise or verticals, will accelerate during this COVID-19 outbreak as the shift to private and public cloud will grow'",2020-03-24,NVDA
"Nvidia Gets Orders for Microsoft's Surface RT, Asustek, Toshiba and Hewlett-Packard Tablets -DigiTImes",2013-09-09,NVDA
Climate Change: Up And Down Pattern Continues As Week Advances And Powell Awaited,2020-05-21,NVDA
"Cascend Maintains Buy on NVIDIA, Raises Price Target to $240",2019-11-12,NVDA
Why Cryptocurrency Investors Should Pay Attention To Nvidia's Earnings,2017-11-09,NVDA
"For Nvidia, Gaming Trends Could Make 2018 Another Standout Year",2017-11-21,NVDA
Benzinga's Top Upgrades,2016-08-12,NVDA
"Loup Ventures Says 'Taking the view that China production will remain stable (which can quickly change), the supply chain should be positioned to supply several million iPhones by the end of September, in line with supply for previous launches.'",2020-03-27,AAPL
Shares of several semiconductor companies are trading higher. Strength potentially related to earnings from notable names in the space this week as well as overall market strength amid a rebound in oil.,2020-04-23,NVDA
"NVIDIA Corp Sees Q1 Of Fiscal 2021 Revenue Is Expected To Be $3B, Plus Or Minus 2 Percent vs $2.85B Est.; Co. Says While Ultimate Coronavirus Effect Is Difficult To Estimate, Reducing Revenue Outlook For Q1 By $100M To Account For Potential Impact",2020-02-13,NVDA
"Morgan Stanley Out Positive On NVIDIA, Says Concerns Revolving The Company's Core Gaming Business And Advises A Tactical Long Into May Analyst Day & Earnings",2017-04-10,NVDA
41 Stocks Moving In Friday's Mid-Day Session,2019-08-16,NVDA
"Deutsche Bank Maintains Hold on NVIDIA, Lowers Price Target to $190",2018-11-16,NVDA
Benzinga's Top #PreMarket Gainers,2014-08-08,NVDA
This Leveraged ETF Rapidly Became One Of November's Best,2018-11-20,NVDA
"Why Mobileye, Not Nvidia, Is Ripe For Short Sellers",2017-02-24,NVDA
Shares of several semiconductor companies are trading higher in sympathy with Texas Instruments and Teradyne after both companies reported positive Q2 EPS and sales results. Both companies also issued in-line Q3 guidance.,2019-07-24,NVDA
Apple Said to be Likely Buyer of AR/VR Company NextVR for ~$100M,2020-04-04,AAPL
UPDATE: B. Riley on Semi Industry Into '16: 'Bottoms-up tally (57 co's) suggests a double-digit CY16 FCF rebound',2015-12-28,NVDA
'Apple's #iPhone to join Beijing's 12.2 billion yuan ($1.7 billion) consumption voucher program: report. The discount for each purchase is a maximum of 400 yuan.' -Tweet From China's Global Times,2020-06-04,AAPL
"Continental, NVIDIA Partner to Enable Worldwide Production of AI Self-Driving Cars; Sees 2021 Market Introduction For Continental Autonomous Vehicle Systems",2018-02-05,NVDA
"Apple Is Pushing Back New iPhone Production, WSJ Reports",2020-04-27,AAPL
Morning Market Stats in 5 Minutes,2020-04-30,AAPL
"Apple CFO: The Core Of The Company Is Innovation, Will Continue To Invest In Product Pipeline",2020-04-30,AAPL
NVIDIA Option Alert: Dec 28 $172.5 Calls Sweep (3) near the Ask: 537 @ $0.49 vs 337 OI; Earnings 2/7 After Close [est] Ref=$150.265,2018-12-12,NVDA
Another Executive Jumps Off AMD's Sinking Ship,2012-12-28,NVDA
"Nvidia +12.5% Premarket @$76.30 on Solid Earnings Beat, Share Buyback, Dividend Raise",2016-11-11,NVDA
NVIDIA Shares Falling,2015-11-05,NVDA
"Raymond James Maintains Nvidia at Strong Buy, Lowers PT from $22 to $20",2012-07-10,NVDA
17 Technology Stocks Moving In Monday's Pre-Market Session,2019-10-07,NVDA
Vetr Crowd Upgrades Nvidia To Strong Buy,2018-03-23,NVDA
"Shares of several technology, semiconductor, and software companies are trading higher amid optimism that coronavirus cases in Asia are potentially easing. Global slowing cases could raise hopes of a sooner return to spending and economic activity.",2020-04-07,AAPL
Vetr Crowd Upgrades Nvidia To Strong Buy,2018-03-21,NVDA
"10 Stocks To Watch For May 12, 2016",2016-05-12,NVDA
"Taiwan Semiconductor Manufacturing Receives Orders for HPC Chips from Nvidia, Qualcomm -DigiTimes",2017-03-13,NVDA
12 Stocks Moving In Thursday's After-Hours Session,2020-04-30,AAPL
NVIDIA Makes New All-Time High,2016-05-13,NVDA
"Raymond James Reiterates Outperform on NVIDIA, Raises Price Target to $370",2020-05-22,NVDA
AMD Bear Admits Q4 Earnings Upside Is Likely On Cryptocurrency Strength,2018-01-29,NVDA
"CEOWORLD top 6 buy Materials stocks list for 28 April- SWC, SSRI, SLW, AAU, ROC, FCX",2011-04-28,NVDA
"Piper Sandler Maintains Overweight on Apple, Raises Price Target to $310",2020-05-01,AAPL
Cramer's 11 Stocks To Buy During Fed-Fear Selloffs,2016-09-13,NVDA
Should You Be Buying 2016 Market Leaders Or Laggards Heading Into 2017?,2016-12-28,NVDA
Shares of several hardware suppliers are trading higher after President Trump said he would ease the ban on US companies selling to Huawei.,2019-07-01,NVDA
Benzinga's Top Upgrades,2016-05-13,NVDA
"Shares of several semiconductor companies are trading higher, potentially in sympathy with Texas Instruments, which reported better-than-expected Q1 financial results.",2020-04-22,NVDA
Nvidia's Newest Competitor Is One Of Trump's Biggest Foes,2019-08-23,NVDA
"Piper Sandler Maintains Overweight on NVIDIA, Raises Price Target to $275",2020-01-15,NVDA
"Semi Stocks Lower On Weak Q1 Report, Q2 Guidance From Taiwan Semi: NVIDIA Shares Down 2%, Micron Down 1.8%, AMD, Applied Materials Down 1.7%, Texas Instruments Down 1.3%, Xilinx Down 1%",2018-04-19,NVDA
Intel's New Strategy to Take on Apple's MacBook Air,2013-02-01,NVDA
18 Stocks And ETFs To Watch In 2018,2018-01-15,NVDA
Apple shares are trading higher after the company reported better-than-expected Q2 EPS and sales results. UPDATE: Shares have since reversed.,2020-04-30,AAPL
NVIDIA shares are trading higher after the company reported better-than-expected Q2 EPS and sales results.,2019-08-16,NVDA
"JP Morgan Maintains Neutral, PT of $17 on NVIDIA",2011-11-11,NVDA
"Nvidia Amends Bylaws, Divides Board Into 3 Classes -Bloomberg",2011-05-24,NVDA
Semiconductor Stock Outlook for 2012,2011-12-23,NVDA
"FBR Capital Markets Maintains Nvidia at Outperform, Raises PT from $17 to $20",2012-08-10,NVDA
"Benzinga's Top ETF Decliners, March 10th (ERX, EDC, URTY, SOXL)",2011-03-10,NVDA
10 Stocks Moving In Friday's Pre-Market Session,2016-05-13,NVDA
"UBS Maintains Buy on NVIDIA, Raises Price Target to $240",2019-11-11,NVDA
"Benzinga's Top ETF Decliners, September 14th (SOXS, TVIX, TZA, FSG)",2011-09-14,NVDA
"Google, IBM, NVIDIA, Mellanox Announce Development Group for IBM Chips, Consortium Will Build Server and Storage Technology",2013-08-06,NVDA
"Benzinga's Weekly Bulls & Bears: Apple, Eli Lilly, GE, Nike And More",2018-01-20,NVDA
"Confirming Morgan Stanley Upgrades NVIDIA to Overweight, Maintains Price Target At $258.00",2018-04-09,NVDA
Nvidia Has Beat The Street In Every Quarter Since 2011; How Do Rivals Measure Up?,2017-02-13,NVDA
Synopsys' Silicon-Proven DesignWare DDR IP for High-Performance Cloud Computing Networking Chips Selected by NVIDIA,2020-05-28,NVDA
Short Sellers Pile on ARM Holdings and Nvidia,2013-04-10,NVDA
J.P. Morgan Discusses Semiconductors,2011-06-27,NVDA
5 Biggest Price Target Changes For Monday,2017-09-18,NVDA
Facebook Plans To Resume Work In Office In July At 25% Capacity And Safety Measures In Place,2020-05-20,AAPL
"Barclays Downgrades Nvidia, Likes Skyworks, Cirrus And Others",2016-01-14,NVDA
Apple And Google Team Up To Build Bluetooth Solution To Tackle COVID-19 Pandemic,2020-04-13,AAPL
Why These Stocks Skyrocketed On Friday's Quad Witch,2016-12-19,NVDA
"2017 Game Developers Conference Continues Today, Nintendo To Present",2017-03-01,NVDA
7 Semiconductor Stocks To Buy On Coronavirus Weakness,2020-01-30,NVDA
NVIDIA Corporation Reports Q1 EPS of $0.18 vs $0.15 Est; Revenue of $954.70M vs $940.70M Est,2013-05-09,NVDA
"As Trade Optimism Grows, Markets Turn Green and Boeing, Caterpillar Among Leaders",2019-02-25,NVDA
Analyst Not Budging On Bearish Nvidia Thesis,2017-05-10,NVDA
"Earnings Scheduled For May 12, 2016",2016-05-12,NVDA
"Broadcom Says ""That's How it's Done"" to Tech Companies",2011-12-14,NVDA
"1,000 Google Employees Volunteer To Help Expand Sister Company's Coronavirus Testing Program",2020-03-27,AAPL
60 Biggest Movers From Friday,2019-08-19,NVDA
"Stocks to Watch for April 25, 2013",2013-04-25,NVDA
An Electric Vehicle ETF Revs Up,2018-01-22,NVDA
NBCUniversal Releases Movies On-Demand Same Time As Theaters Due To Coronavirus,2020-03-17,AAPL
5 Biggest Price Target Changes For Friday,2017-05-12,NVDA
AMD's RX Vega Vs. Nvidia's GTX1080: The Great Rivalry Heats Up,2017-07-11,NVDA
Investor Movement Index Summary: October 2019,2019-11-05,NVDA
Opinion: Stock-Picking Is A Cult,2018-07-20,NVDA
NVIDIA Issues Release Highlighting Deutsche Post DHL Group Has Selected Co.'s DRIVE PX For Autonomous Delivery Truck Fleet,2017-10-10,NVDA
Coronavirus Sell-Off A Major Opportunity For Activist Investors,2020-04-20,AAPL
"Several tech and tech-related stocks moving lower despite no company-specific news; Move may be linked to reports Apple cut iPhone production orders, as well as sell off in the overall market.",2018-11-19,NVDA
NVIDIA shares are trading higher after SunTrust analysts maintained a Buy rating on the stock and raised their price target from $294 to $327. The tech sector has been strong this week amid a rebound in economic sentiment.,2020-05-07,NVDA
"NVIDIA Shares Down 16%; Other Chip Stocks Also Moving Lower In Sympathy: AMD Shares Down 6%, Micron Down 2.4%, Intel Down 1%, Texas Instruments Down 0.3%",2018-11-15,NVDA
The Bull Case For Nvidia: $300 Per Share?,2017-06-08,NVDA
"SunTrust Robinson Humphrey Maintains Buy on NVIDIA, Raises Price Target to $240",2019-11-15,NVDA
AMD Has A Golden Opportunity To Gain CPU Share From Intel,2017-07-06,NVDA
"Apple Says No Evidence That Hackers Exploited Vulnerability In iPhones, iPads To Steal Data",2020-04-24,AAPL
Ethereum Mining Competition Turns Susquehanna Bearish On AMD,2018-03-26,NVDA
"Benzinga's Top ETF Decliners, March 22nd (EGPT, DTO, SOXL, DRN)",2011-03-23,NVDA
"10 Stocks To Watch For February 15, 2019",2019-02-15,NVDA
New Mac Pros and MacBooks About to be Unveiled,2012-06-11,NVDA
Google Asks All North American Employees To Work From Home As Coronavirus Spreads,2020-03-11,AAPL
"UPDATE: Bank Of America Reiterates Buy On NVIDIA, Raises Target To $275 As Firm Believes Co.'is uniquely positioned to reaccelerate in existing markets while expanding into new markets (edge computing/5G, advanced autos, NLP)'",2019-11-15,NVDA
TikTok Considers Launching Reality TV Show,2020-05-01,AAPL
JP Morgan Lowers PT On NVIDIA To $18,2011-08-12,NVDA
"Apple Earnings Ahead: Rough Quarter, iPhone Expectations And Getting Back To Business",2020-04-28,AAPL
Gaming Stocks Are A Playground For Traders,2016-07-06,NVDA
"RBC Capital Reiterates Outperform On NVIDIA, Lowers Price Target From $230 To $200",2018-12-27,NVDA
McDonald's Switches To 'Walk-In-Take-Out' Model In All Company-Owned Restaurants Due To Coronavirus,2020-03-17,AAPL
One Of Nvidia's Biggest Bears Has Changed His Mind,2017-06-20,NVDA
Morgan Stanley Comments On Nividia Winding Down Icera,2015-05-06,NVDA
'Apple supplier TSMC is reportedly building an Arizona chip plant' -The Verge,2020-05-14,AAPL
"Benzinga's Top ETF Decliners, March 24th (SOXS, TVIX, SQQQ, SPXU)",2011-03-25,NVDA
Citi Adds NVIDIA To Its 'Semis Christmas Shopping List',2018-12-13,NVDA
Apple Says No Evidence iPhone Mail Flaw Used Against Customers,2020-04-24,AAPL
"Mobileye, NVIDIA, NXP Semi Shares Quiet Amid Report NIO Has Said Will Have Autonomous Electric Vehicles in US Market in 2020, Wants to Partner with Mobileye, NVIDIA, NXP",2017-03-10,NVDA
10 Biggest Price Target Changes For Monday,2020-01-13,NVDA
5 Reasons Why Amazon Is Morgan Stanley's Top Pick,2020-03-16,AAPL
AMD's Workstation Graphics Line Could Challenge Nvidia,2012-08-08,NVDA
UPDATE: Stifel Reiterates on NVIDIA Ahead of 2014 Investor Day,2014-03-19,NVDA
NVIDIA Corporation Reports Q1 EPS of $0.29 vs $0.17 Est,2014-05-06,NVDA
"Weakening Demand Could Pitch AMD, Nvidia And Intel Into Price War",2017-03-23,NVDA
Shares of several semiconductors companies are trading lower on seemingly no news. It could potentially be a sell-off following the sector experiencing continued growth over the course of the last two months.,2019-07-29,NVDA
"Pepper Spray, Books On Racism, 'I Can't Breathe' Merchandise Are Top Sellers On Amazon As Protests Rage",2020-06-02,AAPL
Apple Cuts iPhone Prices in China To Push Sales As Country Reopens Economy,2020-06-02,AAPL
"UPDATE: UBS Maintains Buy on NVIDIA, Raises Price Target to $300 As Firm Sees 'a path to ~$10 EPS in FY21 (non-GAAP) on the back of a new 7nm product cycle in both data center + gaming.' Notes 2 Reasons:",2020-01-23,NVDA
Is Roku Above Other Streamers – A SWOT Approach,2020-04-01,AAPL
"CES 2014 Review: Announcements, Products & Surprises",2014-01-13,NVDA
NVIDIA's Stock Is On Quite The Run,2016-11-18,NVDA
"UPDATE: Nomura Downgrades NVIDIA to Reduce, Lowers Price Target to $230 As Firm Notes 'In our view, the risks to the global semiconductor industry posed by the COVID-19 outbreak have grown over the last few weeks.'",2020-02-25,NVDA
China Fortunes Keep Chip Stocks On Wild Ride As Advanced Micro Reports,2019-07-30,NVDA
Here's Why The iPad's Dominance Is About To End,2011-08-31,NVDA
"Benzinga Pro's Top 10 Most-Searched Tickers For Morning Of Tues., Jan. 29, 2019",2019-01-29,NVDA
Leidos Awarded $84.6M Payment from VirnetX Lawsuit vs Apple,2020-05-27,AAPL
Nvidia's Machine Learning Business Seems Very Strong,2017-01-18,NVDA
'Google brings Nvidia's Tesla V100 GPUs to its cloud',2018-04-30,NVDA
"As Anticipation Firms For Trump/Xi Meeting, Focus Is On Earnings, Iran Tensions",2019-06-24,NVDA
Shares of several technology companies are trading lower on continued uncertainty surrounding the future of trade relations between the US and China after the Trump Administration increased tariffs on $200 million of Chinese goods from 10% to 25%.,2019-05-10,NVDA
"Analysts More Positive On Nvidia, AMD Following Processor Conference",2017-10-09,NVDA
NVIDIA To 'Shine' With Smart Autos At CES,2016-12-30,NVDA
"Benzinga's Top Pre-Market NASDAQ Losers (NVDA, YHOO, SHOR, BMTI)",2011-05-13,NVDA
"Benzinga's Top ETF Gainers, January 5th (AGA, SOXL, FAS, XBI)",2012-01-05,NVDA
An ETF With A Futuristic View Of Transportation,2018-05-04,NVDA
Rosenblatt Says AMD Now Has A Path To $30 Per Share,2018-08-23,NVDA
Shares of several technology companies are trading higher amid overall market strength on optimism that US coronavirus cases could soon leveling off. NOTE: Some names in the sector have potentially benefited from recent work-at-home trends.,2020-04-08,AAPL
Why Bank Of America Says You Should Stay Bullish On Semi Stocks,2017-06-09,NVDA
"KeyBanc Starts Coverage On 10 Semiconductor Stocks, Downgrades Cypress Semi",2018-09-25,NVDA
Watch These 7 Huge Put Purchases In Wednesday Trade,2016-08-10,NVDA
"NVIDIA May Reportedly Offer Short-Term, Unsecured Commercial Paper Notes Of Up To $575M",2017-12-15,NVDA
"Must Watch Stocks for November 5, 2015",2015-11-05,NVDA
Breaking Down The Incredible Rise Of Esports,2019-01-26,NVDA
"Wells Fargo Names Nvidia As Top Semi Idea Into 2020, Lifts Price Target To $270",2019-12-20,NVDA
Intel Adding $1B To CapEx To Boost Production,2018-09-28,NVDA
"Expect Nvidia, AMD To Ride Cryptocurrency Wave Into 2018",2017-10-05,NVDA
"Trump Says Will Expand Medicare Telehealth Service Offers, Working With Skype, Apple For FaceTime",2020-03-17,AAPL
NVIDIA shares are trading higher after Oppenheimer maintained an Outperform rating and raised its price target from $250 to $300. Wells Fargo maintained an Overweight rating and raised its price target from $270 to $290.,2020-02-11,NVDA
"Benzinga's Bulls & Bears Of The Week: Apple, Cisco, Lululemon, Nike, Wells Fargo And More",2018-02-12,NVDA
Hearing Unconfirmed Market Chatter of Potential Intel Bid for Nvidia,2014-10-21,NVDA
Semiconductor Industry to Lobby for Billions to Boost U.S. Manufacturing,2020-05-31,NVDA
Stocks That Hit 52-Week Highs On Monday,2020-05-11,NVDA
"Susquehanna Downgrades NVIDIA Corporation to Negative, Announces $10.50 PT",2013-03-11,NVDA
Apple CEO Tim Cook: We Envision iPad And Mac To Have Improving Year-Over-Year Performances In This Current Quarter,2020-04-30,AAPL
"Benzinga's Top Upgrades, Downgrades For October 30, 2018",2018-10-30,NVDA
Q2 Earnings: What's In Store For Nvidia Investors?,2017-08-08,NVDA
UPDATE: Citron Report Says 'Do Not Listen to Citron. Just Follow the Insider Sales to Understand the Validity of the Trade!',2017-02-24,NVDA
"Analyst Calls Out Nvidia's 'Astronomical' Valuation, Sees 42% Downside",2017-06-14,NVDA
Nvidia To Halt AV Fleet Testing As Uber Investigates Fatal Crash,2018-03-27,NVDA
"Benzinga's Top Upgrades, Downgrades For September 25, 2018",2018-09-25,NVDA
Scott Bauer's NVIDIA Options Trade,2016-11-28,NVDA
"'New #COVID19 screening app developed by @Apple, in partnership with @CDCgov, @fema and the @WhiteHouse #coronavirus task force.' -VOA's Steve Herman",2020-03-27,AAPL
"Apple Analyst Braces For 'Friday The 13th'-Like Q2, Says iPhone On Track",2020-04-23,AAPL
Mid-Morning Market Update: Markets Mixed; Tyson Posts Higher Profit,2013-11-18,NVDA
"Wells Fargo Upgrades Apple to Overweight, Announces $315 Price Target",2020-03-13,AAPL
Nvidia Option Alert: Jun 15 $135 Puts at the Bid: 600 @ $12.651 vs 12 OI; Ref=$163.1305,2017-07-28,NVDA
Earnings Expectations for the Week of August 8,2011-08-07,NVDA
"Benzinga's Top ETF Decliners, August 3rd (ZSL, PALL, SOXS, UGA)",2011-08-04,NVDA
Technical Alert: Nvidia Corp Makes New All-Time-High And Retreats,2016-12-08,NVDA
Who Profits From The Incredible Success Of 'Fortnite'?,2018-04-23,NVDA
NVIDIA Shares Pushing to Session Lows Ahead of Investor Session on NVIDIA's Business with CEO Jen-Hsun Huang,2013-03-19,NVDA
Concern About AMD's Dependence On Crypto Data Mining?,2017-08-08,NVDA
"NVIDIA Reports Q1 Adj. EPS $0.85 vs $0.67 Est., Sales $1.94B vs $1.91B Est.",2017-05-09,NVDA
"Short Seller Claims 'If You Want Something Bitcoin-Related, Digital Power Isn't It'",2017-12-12,NVDA
Nvidia to Adopt Samsung 7nm EUV Process in Next-gen GPU Production,2019-06-05,NVDA
"UPDATE: Morgan Stanley Maintains Overweight On Apple, Raises Tgt To $326 Notes 'While Apple pulled guidance, qualitative commentary leads us to raise our F3Q revenue estimate as demand improved in 2H of April and more stores will open before quarter-end'",2020-05-01,AAPL
Shoppers Rise To The Occasion As Walmart Reports Another Impressive Quarter,2019-11-14,NVDA
"7 Stocks To Watch For November 11, 2016",2016-11-11,NVDA
Upcoming Earnings: Nvidia Reports After Thursday's Close,2018-05-09,NVDA
Morning Market Losers,2014-06-19,NVDA
Jerremy Newsome Shares The Rules For His Options Strategy,2020-04-21,AAPL
12 Biggest Mid-Day Gainers For Friday,2016-11-11,NVDA
"UBS Maintains Buy on Apple, Lowers Price Target to $290",2020-03-30,AAPL
26 Stocks Moving in Tuesday's Pre-Market Session,2020-03-24,NVDA
"Reuters Reports EU Antitrust Regulators Considering Investigation Into Qualcomm, According to Sources",2014-08-26,NVDA
Decoding AMD's Breathtaking 2-Year Rally,2019-11-29,NVDA
"Paul Singer's Latest 13F Shows Big Changes In Apple, Western Digital",2017-02-14,NVDA
What One Analyst Thinks Will Get Nvidia's Stock Going Again,2017-04-07,NVDA
Nvidia Remains One Of The Most Exciting Growth Stories In Tech,2017-02-10,NVDA
NVIDIA Sees Q3 Sales $3.185B-$3.315B vs $3.34B Est.,2018-08-16,NVDA
Tigress Financial Upgrades NVIDIA to Buy,2015-06-17,NVDA
"Form 8-K from NVIDIA Shows Accelerated Buyback Plan,Will Make Upfront Payment 4500M, Will Receive 20.6M Shares",2014-02-14,NVDA
"Should i buy Suburban Propane, Nucor, Olin Corporation- SPH, NUE, OLN today?",2011-05-16,NVDA
"Weakness In Nvidia's Gaming Segment Could Be A Passing Phase, JPMorgan Says In Upgrade",2018-10-30,NVDA
"Apple CFO Expects Digital Services To Continue To Grow At Same Level Of Performance Seen In Mar., Qtr.; Says Expects Apple Care To Be Impacted During Jun. Qtr.",2020-04-30,AAPL
"Benzinga's Top Upgrades, Downgrades For December 14, 2016",2016-12-14,NVDA
"Bernstein Starts Nvidia At Outperform, Long-Term Opportunity 'May Still Be Underestimated'",2017-05-19,NVDA
"AMD Shares Down 4.5%, NVIDIA Shares Down Nearly 2%; Some Traders Attributing Weakness To Decline In Bitcoin/Other Cryptocurrencies",2017-12-22,NVDA
31 Stocks Moving In Friday's Pre-Market Session,2017-11-10,NVDA
Form 4 Filing Late Tuesday Showed NVIDIA Director Perry Sold 17.307K Shares at $227.93,2018-02-14,NVDA
Shares of several technology companies are trading lower with the overall US market as US-China trade tensions continue to concern investors.,2019-05-29,NVDA
NVIDIA Shares Volatile as Co. Announces Gaming Alliance with Ubisoft for Fall Season,2013-08-21,NVDA
"Top Performing Industries For May 13, 2016",2016-05-13,NVDA
"Earnings Scheduled For November 15, 2018",2018-11-15,NVDA
"Worst Performing Industries For November 14, 2016",2016-11-14,NVDA
"Nvidia Shares Down 7.43% After Downgrades From BMO, Nomura; Tigress Analyst Ivan Feinseth Tells Benzinga Nvidia Shares Are 'Highly Valued' Not 'Overvalued,' Fundamentals Remain Strong",2017-02-23,NVDA
Credit Suisse Previews Blackberry's Q1 Earnings,2017-06-21,NVDA
Munster Says Under-The-Radar Apple TV+ Will Contribute 20% Of Cupertino's Net Income Growth,2020-06-08,AAPL
"Morgan Stanley Maintains Overweight on NVIDIA, Raises Price Target to $282",2020-04-28,NVDA
"Apple Has 'Better Days Ahead,' Analysts Say After Q1 Earnings Beat",2020-05-01,AAPL
Roth Capital Weighs in on Glu Mobile Inc. (GLUU) and NVIDIA Corporation (NVDA) Following a Game Release and Earnings,2016-02-19,NVDA
"UPDATE: Argus Names Three Top Ideas for 'The Connected Car' Thesis: Sirius XM, Panasonic, SunnyOptical; Highlights Supply Chain Implications at NVIDIA, Qualcomm, Murata",2015-12-22,NVDA
Amazon Offers Prime Video Purchases On iOS As Apple Foregoes 30% Third-Party Tax,2020-04-02,AAPL
NVIDIA Shares Up ~10% At $113 Following Q1 Earnings Release,2017-05-09,NVDA
VirnetX Receives ~$454M Payment In Apple Suit,2020-03-13,AAPL
NVIDIA Shares Fall ~0.5% From Session High Following Tweet From Citron Research Suggesting Stock Is 'On Its Way To $200'; Shares Up 1.4% For Session,2018-08-21,NVDA
Apple's Next Macbook Pro Will Feature an Nvidia Graphics Card,2012-06-11,NVDA
Watching shares of AMD and NVIDIA after Intel announced it plans to add $1B to capex in order to boost production,2018-09-28,NVDA
Mid-Morning Market Update: Markets Open Higher; NVIDIA Earnings Top Expectations,2018-05-11,NVDA
UPDATE: Morgan Stanley Reiterates On NVIDIA On Margin Upside From GPUs,2014-08-08,NVDA
Benzinga's Top Initiations,2016-06-02,NVDA
Nvidia Spiking on Chip Inclusion in MacBook Pro,2012-06-11,NVDA
"5 Stocks To Watch For May 17, 2019",2019-05-17,NVDA
Delphi Automotive: The Less Heralded Autonomous Driving Play,2016-09-16,NVDA
Shares of NVIDIA Fall 4.2% Following Canaccord's Downgrade,2014-01-09,NVDA
NVIDIA shares are trading higher after the company received Chinese approval for its acquisition of Mellanox.,2020-04-16,NVDA
25 Stocks Moving In Wednesday's Pre-Market Session,2017-05-10,NVDA
BofA Lowers Apple Price Target Due To Potential Delay In Product Launches,2020-03-11,AAPL
UPDATE: Evercorp Upgrades NVIDIA,2014-01-21,NVDA
"NVIDIA Q1 EPS $2.05 Beats $1.45 Estimate, Sales $3.21B Beat $2.89B Estimate",2018-05-10,NVDA
"Benzinga's Top ETF Decliners, April 18th (EDC, SOXL, EGPT, ERX)",2011-04-18,NVDA
Roland Garros Is Giving Us Hope – Shall We Dare to Dream?,2020-04-03,AAPL
Analysts Weigh In On The Semiconductor ETF And NVIDIA,2019-08-01,NVDA
NVIDIA Shares Higher Following Announcement that Chinese OEMs Will Use NVIDIA HGX Reference Architecture for Data Centers,2017-09-26,NVDA
"Analysts Upbeat On AMD's Product Roadmap, Execution",2019-10-30,NVDA
5 Technology Stocks Moving In Wednesday's Pre-Market Session,2019-11-27,NVDA
'LG reportedly supplying 20 million OLED panels for 'iPhone 12 Max'' -AppleInsider,2020-05-27,AAPL
"Benzinga's Top Upgrades, Downgrades For April 17, 2020",2020-04-17,AAPL
5 Tech Growth Stocks To Click With Investors Despite Selloff,2018-02-09,NVDA
Benzinga's Bulls And Bears For The Past Week: Retail And Technology,2017-05-22,NVDA
"Disappointment From Amazon, Apple Weighs On Market As Investors Also Consider Energy Earnings",2020-05-01,AAPL
Jim Cramer Shares His Thoughts On Vonage And Intersil,2016-09-22,NVDA
"Tesla, Wayfair And Other Profitable Short Trades Could Get A Short Covering Boost",2020-03-25,AAPL
"B of A Securities Maintains Buy on Apple, Raises Price Target to $340",2020-05-27,AAPL
"Nvidia, AMD Among Top Semis In 2018, According To Bank Of America",2018-01-03,NVDA
NVIDIA Teams with Amazon Web Services to Bring AI to Millions of Connected Devices,2019-03-19,NVDA
Semiconductor Industry Association Reports 7.2% Decline in Global Chip Sales in January,2019-03-06,NVDA
Apple Likely to Defer New Airpods Pro Launch,2020-04-21,AAPL
Option Alert: Nvidia Dec 30th 120 Calls: 2540 @ ASK $0.20: 6976 traded vs 2145 OI: Earnings 2/15 After Close (est) $111.74 Ref,2016-12-28,NVDA
Barron's Recap (8/11/12): China's Top Brands,2012-08-13,NVDA
7 Biggest Price Target Changes For Monday,2017-02-06,NVDA
6 Stocks to Watch Out For Next Week,2013-01-28,NVDA
Apple Plans for More Workers to Go Back to Offices Over Months,2020-05-12,AAPL
Apple To Reopen Germany Retail Stores May 11,2020-05-08,AAPL
Mid-Afternoon Market Update: StemCells Climbs On Asset Purchase Agreement; Endologix Shares Drop,2016-11-16,NVDA
NVIDIA Shares Up ~2% On ~16K Shares In Pre-Market Action; Hearing Evercore ISI Analyst Raised Price Target To $400,2018-09-28,NVDA
"Goldman Turns Bearish On Apple, Qualcomm, Projects 36% Drop In Q2 iPhone Sales",2020-04-17,AAPL
"Shares of several technology companies are trading lower as equities fall amid mixed earnings results from banks, a significant decline in the price of oil and worse than expected retail sales in March.",2020-04-15,NVDA
"Argus Research Reiterates Buy on NVIDIA, Raises Price Target to $340",2020-02-18,NVDA
NVIDIA Corp. Reports Q2 EPS $0.32 vs $0.25 Est; Revenues 1.02B$ vs $1.01B Est,2011-08-11,NVDA
NVIDIA Remains MKM's Top Pick,2016-05-13,NVDA
NVIDIA's Profit Rises in Tandem With Healthy Revenue,2011-11-10,NVDA
"Morgan Stanley Previews Semi Earnings, Expects Strong Nvidia Results Despite Crypto Concerns",2018-05-04,NVDA
"Taiwan Semiconductor Gains Customers for 16nm FinFET Chips, Including Apple, AMD, Avago, Broadcom, Nvidia, Xilinx, Loses Qualcomm Mobile Chips -DigiTimes",2015-08-24,NVDA
"Watching Self-Driving Fleet Players, Uber Partners For Self-Driving Truck Segment Amid Earlier Report Uber To Stop Development Of Self-Driving Trucks, Will Only Proceed With Cars",2018-07-30,NVDA
"CLSA Initiates Coverage on NVIDIA Corporation at Underperform, Announces $19.00 PT",2014-03-21,NVDA
8 Stocks Moving In Thursday's After-Hours Session,2018-02-08,NVDA
"Earnings Scheduled For November 10, 2016",2016-11-10,NVDA
NVIDIA Sees Q2 Sales $2.55B +/- 2% vs $2.54B Estimate,2019-05-16,NVDA
"'Apple buys older shows for TV+, stepping up Netflix challenge' -Earlier SCMP Report",2020-05-19,AAPL
"Invest Diva's Kiana Danial Likes Advanced Micro, Sees ~$9/Share On Lucrative VR Market Potential",2016-05-19,NVDA
"Did Google Humiliate Apple, Amazon and Microsoft with New Product Announcements?",2012-06-27,NVDA
"Oppenheimer Maintains Outperform on NVIDIA, Raises Price Target to $300",2020-02-11,NVDA
Watch These 5 Huge Put Purchases In Wednesday Trade,2016-10-05,NVDA
A Third Electric Vehicle ETF Charges Up,2018-04-18,NVDA
Nvidia's Huang Dismisses Rival AMD's Latest Graphics Card As 'Underwhelming',2019-01-10,NVDA
"Cowen & Co. Initiates Coverage On NVIDIA with Outperform Rating, Announces $325 Price Target",2018-05-17,NVDA
NVIDIA Corporation Q3 Sales $3.181B Miss $3.24B Estimate,2018-11-15,NVDA
"Nomura Maintains Buy on NVIDIA Corporation, Raises PT to $17.00",2013-08-09,NVDA
"Citigroup Maintains Nvidia at Neutral, Lowers PT from $16.50 to $15.25",2012-09-13,NVDA
"March Outlook: Political Season Starts To Sizzle, But Coronavirus Still Hogs Headlines",2020-02-26,NVDA
"Global X Launches AI, Big Data ETF",2018-05-16,NVDA
"Cryptocurrency Mining Grew Faster Than Expected, Bernstein Says In Semiconductor Roundup",2018-05-10,NVDA
Here Are The Brands Investors Were Buying And Selling In December,2017-01-09,NVDA
These 11 Companies Are Betting On The Drone Revolution,2015-11-07,NVDA
"Hot, Fresh Earnings On The Menu As Netflix, Morgan Stanley Results In Focus",2019-04-17,NVDA
Every Member Of Trump's 'Great American Economic Revival' Industry Groups,2020-04-15,AAPL
"Apple's Tim Cook Tells Staff Mgmt. Is Unclear When Employees Will Be Able To Return To Offices, Says Offices Will Likely Have Temperature Checks, Social Distancing Efforts",2020-04-16,AAPL
Semi Stocks Spike Higher Just After Open as Traders Circulating Fudzilla Report Suggesting Sources 'Very Confident' Order for Intel Chips Integrated with Radeon Graphics is from Apple,2017-06-05,NVDA
Mid-Afternoon Market Update: Crude Oil Up 1.2%; Yatra Online Shares Spike Higher,2019-03-11,NVDA
8 Stocks Moving In Thursday's After-Hours Session,2018-11-15,NVDA
"A Peek Into The Markets: US Stock Futures Rise Ahead Of Import Prices, Consumer Sentiment Data",2018-05-11,NVDA
Loup Ventures' Munster Says Apple 'Is Doing It Right' With Coronavirus Response,2020-03-16,AAPL
AMD Has More To Lose Than Nvidia Should Bitcoin Mining Hardware Sales Decline,2017-11-13,NVDA
"7 Stocks To Watch For May 22, 2020",2020-05-22,NVDA
Intercontinental Exchange Reports Launch Of NYSE FANG+ Index Futures Contract,2017-11-16,NVDA
"13F From Soros Fund Shows Exited Stake In Fiat Chrysler, Exited Stake In NVIDIA; Reduced Stake In JP Morgan, Netflix; Raised Stake In Lululemon",2018-08-14,NVDA
10 Technology Stocks Moving In Wednesday's Pre-Market Session,2019-12-04,NVDA
"Technical Pro: Apple A 'Great Company,' Not A 'Great Stock' Right Now",2020-03-12,AAPL
Zacks: The Not-Good-Enough Earnings Season,2018-04-26,NVDA
"Raymond James Says 'We lowered our iPhone estimates 2 weeks ago to take into account the likelihood of slower sales, and we don't see a reason to change our estimates at this time'",2020-04-27,AAPL
A Third Blockchain ETF Debuts,2018-01-26,NVDA
"Bank of America Downgrades NVIDIA Corporation to Underperform, Maintains $19.00 PO",2014-06-19,NVDA
"Sony Launches iPod Touch Clone, Calls it a ""Walkman""",2012-07-19,NVDA
"Benzinga's Top ETF Gainers, September 14th (SOXL, TNA, UPV, TQQQ)",2011-09-14,NVDA
"Shares of several semiconductor companies are trading lower as optimism around the upcoming U.S.-China trade talks waned. A report says China is toning down its expectations of the meeting. The U.S. expanded its trade blacklist, and scheduled an increase in tariffs on $250 billion worth of Chinese goods from 25% to 30% on Oct. 15, which will go into effect if no progress is made.",2019-10-08,NVDA
"Nomura Maintains Nvidia at Buy, Lowers PT from $18 to $16",2012-11-09,NVDA
NVIDIA Partners with Activision and Bungie to Bring 'Destiny 2' to PC,2017-06-13,NVDA
"Argus Removes 3 Names To Focus List: Kroger, NVidia, United Parcel Services, Valero",2016-06-13,NVDA
"BMO Capital Downgrades NVIDIA to Underperform, Lowers Target to $85.00",2017-02-23,NVDA
Shares of several semiconductor companies are trading higher following a strong Q2 earnings report from Micron.,2020-03-26,NVDA
"Apple to Phase Out Standard, Retina-Free MacBook Pro",2013-02-13,NVDA
"Barron's Picks And Pans: Pot Stocks, Comcast, Bank Buybacks And More",2018-04-01,NVDA
What Wall Street Thinks Of Nvidia's Q2 Earnings,2018-08-18,NVDA
Shares of several technology companies are trading lower after Pivotal Software provided Q2 and FY20 sales guidance significantly below analyst estimates.,2019-06-05,NVDA
Benzinga's Top Upgrades,2015-11-16,NVDA
Technical Alert: Nvidia Corp Makes A New All Time High For Third Day In A Rpw,2016-09-29,NVDA
Tech Stocks And FAANGS Strong Again To Start Day As Market Awaits Fed,2020-06-10,AAPL
"Intel Corporation, Mobileye May Be Star-Crossed Lovers, But Chowdhry Calls Veronian Tragedy",2016-11-17,NVDA
NVIDIA Moving to New Session Lows on Above Average Volume,2011-08-12,NVDA
Option Alert: Nvidia Feb 3 $109 Put Sweep; 2786 @Bid @$1.027; Ref=$111.61,2017-01-27,NVDA
"FBR Capital Markets Upgrades Nvidia from Outperform to Market Perform, Raises PT from $17 to $20",2012-02-13,NVDA
Shares of several semiconductor companies are trading lower in sympathy with the overall market on continued fears of a recession amid a weak ADP jobs report. There is also uncertainty in the market over the upcoming U.S.-China meeting next week.,2019-10-02,NVDA
These Companies Could Rebound Sharply After The COVID-19 Crisis,2020-04-22,AAPL
'$NVDA on its way to $200. With short interest at an all time low and datacenter facing major competition not even ray tracing can support these lofty levels' -Tweet From Citron,2018-08-21,NVDA
"Earnings Scheduled For May 12 (DRYS, JWN, AHII, KSS, DAR, NVDA, CACH, XIN, ACAT, BBOX, ESLR, CXPO, IRWD, CTFO, TREE, CYCC, CXDC)",2011-05-12,NVDA
"Intel, And Other Winners From Seasonal Strength In iPhones And Internet Of Things",2017-06-12,NVDA
8 Biggest Price Target Changes For Friday,2018-11-16,NVDA
US Stock Futures Down; JPMorgan Shares Drop In Pre-Market Trading,2012-05-11,NVDA
Apple CEO Tim Cook: Store Traffic Not Back To Pre-COVID-19 Levels In China,2020-04-30,AAPL
"Morgan Stanley Misses On EPS, But Shows Strong Trading Results For Q1 As Banks Wrap Up",2020-04-16,AAPL
ON Semiconductor Collaborates With NVIDIA On Cloud-Based Autonomous Vehicle Simulation,2019-03-19,NVDA
"KrebsOnSecurity's Brian Krebs Tweets: 'Heads up gamers: Nvidia discloses password breach. Change 'em, and if you used elsewhere (like email) change that http://ow.ly/GkZOi'",2014-12-23,NVDA
"DZ Bank Downgrades NVIDIA To Sell, Announces $170 Target",2019-04-12,NVDA
"'Dr Doom': Even If The Dow Goes To 100,000, It Will 'End Very Badly' For Investors",2017-06-26,NVDA
New Research Shows Apple Working Heavily On Machine Learning Before WWDC 2016,2016-04-08,NVDA
SoftBank Acquires $4B Stake in Nvidia -Bloomberg,2017-05-24,NVDA
"Banks, Airlines, Apple Among Stocks Being Hit Hard Despite Fed Cutting Rates To Zero",2020-03-16,AAPL
AMD's 'Next Horizon' Event: What You Need To Know,2018-11-02,NVDA
3 Sector ETFs For This Week's Earnings Parade,2020-04-27,AAPL
Apple's $300 Billion Opportunity,2016-08-10,NVDA
All The Reasons Bank Of America Just Bumped Its Nvidia Price Target To $210,2017-09-18,NVDA
"Stifel Nicolaus Maintains Hold on NVIDIA, Raises Price Target to $250",2018-08-17,NVDA
Top 4 Mid-Cap Stocks In The Semiconductor-Specialized Industry With The Highest Cash,2012-02-06,NVDA
Baidu Is Partnering With Nvidia To 'Accelerate' Artificial Intelligence,2017-07-05,NVDA
Looking Toward Nvidia's 2016 Boom To Pick The Next Big Tech Stock,2016-12-22,NVDA
Here's How Much Investing $100 In Nvidia Stock Back In 2010 Would Be Worth Today,2019-12-30,NVDA
"UPDATE: BofA Securities Reiterates Buy On Apple, Lowers Target To $320 As Firm Notes 'Lowering estimates on weaker global demand, some delay in product launches'",2020-03-11,AAPL
Benzinga's Top #PreMarket Gainers,2014-02-13,NVDA
"Citigroup Maintains Buy on NVIDIA, Raises price target to $270.00",2018-02-09,NVDA
"Morgan Stanley Earlier Maintained Equal-Weight on NVIDIA Corporation - Common Stock, Raised Price Target to $170",2019-05-13,NVDA
"Goldman Sachs Gives Color On Semiconductors (NVDA, NSM, TXN)",2011-03-07,NVDA
"Apple Gets Upgrade, Futures Reverse Downward Course As Washington Stimulus Awaited",2020-03-13,AAPL
"Shares of several technology, software and semiconductor companies are trading higher as equities rebound following Thursday's crash. The sector has been negatively impacted recently as the coronavirus outbreak has disrupted economic outlook globally.",2020-03-13,NVDA
"A Peek Into The Markets: US Stock Futures Surge After Senate, White House Strike Deal On Coronavirus Stimulus Package",2020-03-25,AAPL
"UPDATE: Seeing Comments from NVIDIA's Huang, Says New Version of Tegra Mobile Processor Due Next Year",2013-03-19,NVDA
"Andrew Left Currently On CNBC Discussing NVIDIA: Says Feels 'Market Overreacting A Bit,' Referring To Recent Upside In Stock",2017-06-09,NVDA
NVIDIA and Samsung Expand GALAXY Smartphones With New GALAXY R Smartphone,2011-08-10,NVDA
"25 Stocks Which Rallied Four Days, Then Sold Off Yesterday",2016-10-04,NVDA
KeyBanc Initiates Coverage On NVIDIA with Sector Weight Rating,2018-09-25,NVDA
Nvidia Expects FY2013 Revenue to be $4.7-5B,2011-09-06,NVDA
Nvidia Announces Six Coud-Gaming Companies to Use GRID Platform,2013-01-07,NVDA
"UPDATE:Argus Reiterates Buy On NVIDIA, Raises Tgt To $300 Notes Co. Shined At CES As 'CES 2020 provided NVidia an opportunity to highlight rapid adoption of its ray tracing technology, which renders more realistic light and shadows in gaming applications'",2020-01-13,NVDA
Execs Giving CES Keynote Speeches Could Create Volatility For Shareholders,2017-01-05,NVDA
Another Autonomous Trucking Startup Announces Layoffs,2020-04-22,AAPL
NVIDIA Sharply Lower After Downgrade,2017-04-04,NVDA
A Peek Into The Markets: US Stock Futures Down Ahead Of Three-Day Weekend,2020-05-22,NVDA
"Benzinga's Top ETF Gainers, October 13th (SOXL, FAZ, ZSL, SGG)",2011-10-13,NVDA
Nvidia's Big Win: Post-Earnings Sell-Side Sentiment,2016-11-13,NVDA
A Peek Into The Markets: U.S. Stock Futures Down Ahead Of Earnings,2017-11-09,NVDA
Earnings Expectations For The Week Of August 5,2013-08-04,NVDA
A Sumptuous Semiconductor ETF,2017-05-18,NVDA
New Street Downgrades NVIDIA to Neutral,2019-11-15,NVDA
NVIDIA Corporation Reports Q3 EPS of $0.26 vs $0.20 Est; Revenue of $1.05B vs $1.05B Est,2013-11-07,NVDA
Option Alert: NVDA Jul16 50.0 Calls Sweep: 718 @ ASK $1.05: 1547 traded vs 2031 OI: Earnings 8/4 $50.41 Ref,2016-07-08,NVDA
Citron's Andrew Left Makes A Bold Claim: BlackBerry Could Be The Next NVIDIA,2017-06-01,NVDA
AMD Vs. Cypress Vs. Cavium: Which Semi Has Biggest Potential Upside,2017-09-28,NVDA
Cray Lands $97 Million Contract to Upgrade Supercomputer at Oak Ridge National Laboratory,2011-10-11,NVDA
Jim Cramer Tweets Building Stake in Nvidia in Charitable Trust,2019-05-30,NVDA
5 Technology Stocks Moving In Friday's Pre-Market Session,2019-12-20,NVDA
"Earnings Scheduled For May 10, 2018",2018-05-10,NVDA
"Shares of several technology companies are trading higher, rebounding from earlier weakness. Markets have been volatile amid the coronavirus outbreak, with central banks and governments around the world enacting stimulus measures.",2020-03-19,NVDA
Mid-Day Market Update: Crude Oil Down Over 3%; NVIDIA Shares Jump On Earnings Beat,2016-11-11,NVDA
"10 Stocks That Rallied Four Days, Then Sold Off Yesterday",2016-12-09,NVDA
Stifel Nicolaus Downgrades NVIDIA to Neutral,2016-04-06,NVDA
"Morgan Stanley Maintains Overweight on NVIDIA, Raises Price Target to $363",2020-05-26,NVDA
Nvidia's Busy Week In Self-Driving Deals,2017-03-17,NVDA
"Benzinga's Top Upgrades, Downgrades For August 15, 2018",2018-08-15,NVDA
"Halliburton, United, Among Key Names Reporting Results, With More Airlines Due Later In Week",2020-04-20,AAPL
5 Biggest Price Target Changes For Monday,2017-11-13,NVDA
Nvidia Reports Q2 EPS $0.27 May Not Compare to $0.14 Est; Revenues $1.04B vs $1.01B Est,2012-08-09,NVDA
Pete Najarian And Guy Adami Share Their Thoughts On Nvidia And Alphabet,2017-03-23,NVDA
"Short Sellers Pile On Applied Materials and STMicroelectronics (AMAT, MU, STM)",2013-10-26,NVDA
NVidia Guides For A Significant Estimate Beat In Q3,2016-08-12,NVDA
"Benzinga's Bulls & Bears Of The Week: Coca-Cola, Ford, JC Penney, Spotify And More",2018-05-20,NVDA
These 3 Stocks Are Tied To Apple's Performance,2016-05-03,NVDA
"Nvidia Trades Higher After Q1 Earnings Beat, CEO Says It's Back On Upward Trajectory",2019-05-16,NVDA
Netflix Vs. Amazon Vs. Nvidia: Picking A Tech Stock For The Long Haul,2018-08-22,NVDA
A Peek Into The Markets: U.S. Stock Futures Edge Higher Ahead Of Economic Data,2017-02-23,NVDA
Nvidia -4% Premarket @$104.97,2016-12-29,NVDA
One Big Reason Why Tech Stocks Are Not In The 'Dot-Com Bubble',2017-12-07,NVDA
120 Biggest Movers From Yesterday,2020-03-25,NVDA
"FBR Capital Markets Upgrades Nvidia from Market Perform to Outperform, Raises PT from $17 to $20",2012-02-13,NVDA
Another Electric Vehicle ETF Revs Up,2019-04-19,NVDA
"Bloomberg Reports iPhone 12 to Feature Redesigned Stainless Steel Chasis, Cheaper Homepod to be Out Later This Year",2020-04-13,AAPL
Why NVIDIA's Recent Run Shouldn't Come As A Surprise,2016-12-28,NVDA
Nvidia Reports Q1 Earnings Beat,2020-05-21,NVDA
Apple Could Announce In-House Chips For Macs At WWDC: Report,2020-06-09,AAPL
Morgan Stanley Weighs In On Semiconductor Space,2015-01-23,NVDA
"B. Riley on Semi Industry Into '16: 'Ample fuel to build on CY15's record M&A (31+ deals), dividend pay-outs ($16.0B+), and buy-backs ($31.0B+)'",2015-12-28,NVDA
Benzinga's Top #PreMarket Losers,2014-06-19,NVDA
A Peek Into The Markets: U.S. Stock Futures Mixed Ahead Of Wholesale Trade Report,2018-02-09,NVDA
Wall Street Reacts To Nvidia's Quarter,2018-05-11,NVDA
Morgan Stanley Initiates Coverage on Nvidia at Equal-weight,2012-05-31,NVDA
YouTube + NVIDIA = 3D Love,2011-05-26,NVDA
NVIDIA Meets And Exceeds The Street's Great Expectations In Q3,2016-11-11,NVDA
"Stifel Nicolaus Analyst Kevin Cassidy On Semiconductors Strength, Tells Benzinga 'The fed signaling lower interest rates and Trump loosening the ban on Huawei are both huge news for semiconductor companies.'",2019-07-12,NVDA
"Another Bonanza Earnings Week As Apple Looms, With Fed, Payrolls Also On Weekly Agenda",2019-10-28,NVDA
SanDisk Earnings Preview: Solid First-Quarter Results Expected,2013-04-16,NVDA
Apple shares are trading lower on reports the company is among those China could retaliate against after the US announced it will block chip shipments from Huawei.,2020-05-15,AAPL
"JP Morgan Sees A 'Solid entry point for long-term investors - top pick remains AVGO, and we also favor NVDA, INTC, MXIM, MU, IPHI and MLNX' As Firm Sees 'value in semi stocks' And Thinks 'weak sentiment and estimate cuts are largely priced' IN",2019-01-17,NVDA
Shares of technology companies are trading lower on global macro concerns after Trump implied a US-China trade deal may not occur until 2020.,2019-12-03,NVDA
"Wells Fargo Maintains Overweight on NVIDIA, Raises Price Target to $320",2020-02-14,NVDA
Option Alert: NVDA Apr16 33.0 Calls Sweep: 576 @ ASK $0.89: 3843 traded vs 502 OI: Earnings 5/5 $32.19 Ref,2016-03-14,NVDA
"Credit Suisse Maintains Neutral on Apple, Raises Price Target to $295",2020-06-05,AAPL
A Benzinga HQ Exclusive: Ask Gene Munster Anything!,2017-10-22,NVDA
Bank of America Upgrades NVIDIA To Neutral,2014-12-19,NVDA
"Stocks To Watch For May 13 (A, JWN, NVDA, YUM, FENG)",2011-05-13,NVDA
"UPDATE: Bank Of America On NVIDIA Notes 'In Q4, downside came from: (1) gaming – where seasonally declining notebooks and Nintendo consoles are larger/having a greater impact on segment growth (~$500mn combined sales); and (2) autos'",2019-11-15,NVDA
Nvidia Option Alert: Nov 17 $145 Puts at the Ask: 1200 @ $3.65 vs 1188 OI; Ref=$168.69,2017-08-31,NVDA
"Benchmark Initiates Coverage On NVIDIA with Buy Rating, Announces $280 Price Target",2018-06-26,NVDA
Goldman Lifts Earnings Estimates For Nvidia Due To Nintendo Switch Demand,2017-06-14,NVDA
Examining The VanEck Esports ETF And Its 30% Surge This Year,2019-09-15,NVDA
Stocks Hitting 52-Week Highs,2015-10-14,NVDA
Samsung Display Secures Majority of Panel Orders for Next-gen iPhone,2020-05-27,AAPL
Aquantia Reports Will Deliver Multi-Gig Ethernet Capabilities On NVIDIA's DRIVE Autonomous Vehicle Platforms,2018-01-29,NVDA
"UPDATE: Jefferies & Company Reiterates Hold Rating, Lowers PT on NVIDIA Corporation",2012-11-09,NVDA
"Benzinga's Top ETF Decliners, October 20th (EDC, SOXL, FAZ, DBB)",2011-10-20,NVDA
4 Interesting Semiconductor Picks,2016-08-10,NVDA
A Few Key Takeaways From AMD's Biannual Analyst Meeting,2017-05-17,NVDA
"Why Genius Brands Is On A Massive Rally, Adding Nearly 2500% Value In A Month",2020-06-04,AAPL
Bank Of America Analyst Sees Slower FY15 Growth For Semiconductor Group,2014-12-19,NVDA
"NVIDIA Reports Q2 Adj. EPS $0.53 vs $0.37 Est., Sales $1.43B vs $1.35B Est.",2016-08-11,NVDA
"Shares of several technology companies are trading higher. Market strength has been attributed to strong containment measures taken by California, rebound in oil, central bank actions and expectations of increased technology usage amid the virus outbreak.",2020-03-20,NVDA
"Wedbush Previews NVIDIA's Q4 Results, Expects 'Solid' Beat",2015-02-09,NVDA
"Nvidia, Marvell, Monolithic Are Oppenheimer's Top Picks Ahead Of Semiconductor Earnings",2020-04-20,NVDA
Nvidia to Make Special Announcement Saturday April 28 at 10:30pm EDT,2012-04-24,NVDA
Japan Display to Raise $200M by Selling Display Production Equipment to Overseas Client Said to be Apple,2020-03-31,AAPL
MacBook Retina Displays to Raise Consumer Price by $300?,2012-05-21,NVDA
NVIDIA Launches NVIDIA Isaac Platform to Power Next-gen Autonomous Machines,2018-06-04,NVDA
"Nvidia Analysts Maintain Bullish Outlook Following Q4 Data Center, Gaming Strength",2020-02-14,NVDA
NVIDIA Option Alert: Fri $167.5 Calls Sweep (8) near the Ask: 618 @ $4.0 vs 9 OI; Ref=$170.2824,2018-11-16,NVDA
Benzinga's Top Downgrades,2016-01-14,NVDA
NVIDIA Corporation Reports Q3 EPS of $0.39 vs $0.29 Est; Revenue of $1.23B vs $1.20B Est,2014-11-06,NVDA
NVIDIA Shares Indicated ~$0.08 Higher Premarket; Goldman Late Tuesday Evening Reiterated a Conviction Buy Rating and $130 Price Target on Stock,2017-04-12,NVDA
Best And Worst Short Ideas Of The Week,2019-10-07,NVDA
'Taiwan graphic card makers to see shipments plunge 40% in April',2018-04-25,NVDA
"Not So Fast, Chip Investors: Sector Could Be 'Hit Hard,' Says Analyst",2015-08-21,NVDA
"Stocks To Watch For March 16 (PSUN, GES, RMBS, VRA, NVDA)",2011-03-16,NVDA
"Canaccord Genuity Downgrades NVIDIA Corporation to Hold, Maintains $16.00 PT",2014-01-09,NVDA
Mid-Afternoon Market Update: MoSys Climbs Following Q1 Results; Obalon Therapeutics Shares Slide,2018-05-11,NVDA
Hearing Mellanox Reportedly Receives China approval For NVIDIA Merger,2020-04-16,NVDA
NVIDIA Renews Data Centre Partnership with NTT Communications,2014-08-04,NVDA
NVIDIA Option Alert: Fri $197.5 Puts Sweep (2) near the Bid: 1000 @ $0.331 vs 1465 OI; Ref=$211.25,2019-11-18,NVDA
Still-Bullish Morgan Stanley Tamps Down Expectations For Nvidia's Turing GPUs,2018-09-20,NVDA
Tencent Cloud To Use NVIDIA Tesla for AI Cloud Computing,2017-03-24,NVDA
10 Biggest Price Target Changes For Monday,2020-05-18,NVDA
Apple CFO Says Advertising Also To Be Affected By June Quarter,2020-04-30,AAPL
Stocks Hitting 52-Week Highs,2016-06-02,NVDA
"Starbucks Switches To 'To Go' Model As Coronavirus Spreads, Closes Some Stores",2020-03-16,AAPL
Mid-Day Market Update: ImmunoGen Surges On Upbeat Q4 Results; LivePerson Shares Plummet,2020-02-14,NVDA
"Earning & Economic Calendar for Thursday May 7, 2015",2015-05-07,NVDA
"UBS Initiates On Semis: Intel Is Golden, Micron Is A Sell, Nvidia, AMD And More",2018-04-05,NVDA
Leverage Comes To The Robotics Trade,2018-04-20,NVDA
6 Best Performing S&P 500 Stocks Of 2016,2016-12-27,NVDA
"You Can Hold NVIDIA Stock Now, Vetr Crowd Says",2016-06-03,NVDA
22 Technology Stocks Moving In Friday's Pre-Market Session,2020-01-03,NVDA
M Science Out Negative On Nvidia,2017-02-08,NVDA
"JPMorgan, Wells Fargo Earnings Lower Than Expected, But Positive Tone Helps Shares",2020-04-14,AAPL
Stocks To Watch For May 11,2012-05-11,NVDA
Benzinga's Option Alert Recap From January 27,2017-01-27,NVDA
10 Stocks You Should Be Watching Today,2016-02-18,NVDA
Nvidia Higher Ahead Of Q1 Report,2017-05-09,NVDA
"Intel Guidance Disappoints, But Earnings Season Overall Has Surprised To Upside",2019-04-26,NVDA
Apple CFO Says Apple Care And Advertising Will Be Affected In June Quarter,2020-04-30,AAPL
"Benzinga's Top Upgrades, Downgrades For August 17, 2018",2018-08-17,NVDA
Trade War Heats Up As China Retaliates With Raised Tariffs Of Its Own,2019-05-13,NVDA
"Seeing downward movement in chip stocks, traders attributing move to earlier news Huawei unveiled new Ascend 910 and Ascend 310 AI chips aimed at data centers and smart devices; Nvidia down 4.3%, AMD down 6.1%, Qualcomm down 2.6%, Intel down 1.9%.",2018-10-10,NVDA
Benzinga's Option Alert Recap From October 18,2017-10-18,NVDA
"Airline Shares Jump As Stimulus Agreement Offers Relief, While Nike Up On Earnings",2020-03-25,AAPL
Nvidia CEO Says Quad Core Tablets Coming This Year - Bloomberg,2011-09-06,NVDA
75 Stocks Moving In Tuesday's Mid-Day Session,2020-03-24,NVDA
Nvidia +2.6% Premarket @$140.70 Following Report of $5B Softbank Stake,2017-05-24,NVDA
VentureBeat Reports 'Nvidia launches Shield TV set-top box in China with remastered Nintendo titles',2017-12-05,NVDA
Intel's Ultra-Secret Defense Against ARM Holdings,2011-08-11,NVDA
"Many stocks are trading lower amid continued uncertainty about the future of trade between the US and China, and concerns on U.S. sanctions on Iran and Venezuela.",2019-05-07,NVDA
NVIDIA up 2% Pre-Market Following Analyst Upgrade,2012-02-13,NVDA
Playmakers: The Investor Picks From CNBC's 2018 Stock Draft,2018-04-30,NVDA
4 Technology Stocks Moving In Monday's Pre-Market Session,2019-12-23,NVDA
"Hearing Apple To Reopen Stores Starting Friday, Region Not Specified",2020-05-04,AAPL
Morning Market Losers,2014-06-23,NVDA
NVIDIA Option Alert: Fri $300 Calls Sweep (78) near the Ask: 571 @ $2.637 vs 9131 OI; Ref=$296.25,2020-02-18,NVDA
8 Technology Stocks Moving In Tuesday's Pre-Market Session,2019-12-10,NVDA
"Benzinga's Top Upgrades, Downgrades For November 13, 2017",2017-11-13,NVDA
China Stimulus Doesn't Translate Into US Strength As Deere Prepares To Report Friday,2020-02-20,NVDA
Morning Market Stats in 5 Minutes,2020-06-10,NVDA
UPDATE: B. Riley on Semi Industry Into '16: 'Analysis Suggests Another Intense Year Of M&A In CY16',2015-12-28,NVDA
"10 Stocks To Watch For August 15, 2019",2019-08-15,NVDA
This Derivatives Strategist Is Long NVIDIA Ahead Of Key Data Releases,2016-03-29,NVDA
Can Sony and LL Cool J Compete with Apple?,2012-06-04,NVDA
10 Biggest Mid-Day Market Gainers,2016-05-13,NVDA
Rambus Wins Patent License Renewal With NVIDIA,2018-10-05,NVDA
Societe Generale Upgrades Qualcomm to Hold; What Chip Companies Could Benefit?,2012-07-16,NVDA
Mid-Morning Market Update: Markets Mostly Higher; Nvidia To Buy Mellanox Technologies For $6.9B,2019-03-11,NVDA
"Apple CEO Tim Cook ""We are confident in our future and continue to make significant investments in all areas of our business to enrich our customers' lives ... including our five-year commitment to contribute $350 billion to the United States Economy""",2020-04-30,AAPL
Quick Retreat: Impressive Thursday Turnaround Halted in Its Tracks Amid Fresh Trade Tiff,2020-05-15,NVDA
'Citron knows investors don't read full reports So here is the one takeaway to focus on why $NVDA going to $200. Customers are moving away from GPU to TPU as they find it faster and cheaper.'-Citron Research Tweets (1/2),2018-08-21,NVDA
The Market In 5 Minutes,2017-05-17,NVDA
"AMD, Microchip Tech Among Q3 Semiconductor Favorites At Jefferies",2017-10-23,NVDA
Shares of several technology and growth stocks are trading lower as US equities dip following escalating US-China tensions over Hong Kong. US stocks further fell on worse-than-expected manufacturing data.,2019-12-02,NVDA
"Tesla Earnings: Model 3 Production Target Hit, What's Next?",2018-07-31,NVDA
UPDATE: Apple Cut Number Of Flagship iPhone Units Being Produced Over Jul. To Dec. Period By As Much As 20%,2020-04-27,AAPL
"Shares of several technology companies are trading higher amid market strength following positive data from a study of Gilead's Remdesivir, which is being evaluated for coronavirus. A successful treatment could mean a sooner return to economic activity. NOTE: Some names may also be moving in sympathy following recent earnings from Google and some semiconductor companies.",2020-04-29,NVDA
Semiconductor and microchip stocks are trading higher after Microchip Technology reported strong earnings and Skyworks reported a $2 billion buyback.,2019-02-06,NVDA
NVIDIA Soars After Q4 Report,2016-02-18,NVDA
"NVIDIA Shares Fall ~$3 In Pre-Market Action, Touch Low At $190.75",2017-12-12,NVDA
"Barclays Maintains Overweight on NVIDIA, Lowers Price Target to $180",2019-06-06,NVDA
35 Stocks Moving In Thursday's Pre-Market Session,2019-01-24,NVDA
5 Stocks Moving In Thursday's After-Hours Session,2019-11-15,NVDA
Shares of several technology companies are trading higher after Joe Biden took the delegate lead on Super Tuesday. Biden's more 'moderate' economic policies have been seen as more favorable for growth.,2020-03-04,NVDA
"Nvidia Q3 Earnings Preview: A Tale Of Outstanding Fundamentals, Pricey Stock",2017-11-08,NVDA
Nvidia Keeps Running After SoftBank Acquires 4% Stake,2017-05-24,NVDA
"Raymond James Maintains Outperform on Apple, Raises Price Target to $340",2020-05-01,AAPL
Raymond James On Reports Of Apple iPhone Delays Says 'Apple suppliers we spoke with hadn't seen changes yet'; Says 'Our conclusion is that AAPL is likely selectively notifying suppliers.',2020-04-27,AAPL
"Tug-of-War: Solid Jobs Report, China Trade Talks Lift Market, But AAPL Disappoints",2018-11-02,NVDA
"Shares of several semiconductor companies are trading higher amid positive trends in US-China trade negotiations, Trump loosening the Huawei ban and the Fed signaling a rate cut. Japan/Korea trade tensions could also drive up memory prices.",2019-07-12,NVDA
UPDATE: Oppenheimer Holdings Downgrades NVIDIA Corporation to Perform,2012-12-05,NVDA
Chips Stocks Rattled As Companies Halt Supplying China's Huawei,2019-05-20,NVDA
Nvidia Gets Double Upgrade Ahead Of Earnings,2018-08-15,NVDA
"'Fast Money' Picks For May 11: EA, Nike, Nvidia",2020-05-10,NVDA
NVIDIA Option Alert: Fri $136 Calls Sweep (2) near the Ask: 500 @ $2.9 vs 1359 OI; Earnings 2/7 After Close [est] Ref=$136.9,2019-01-30,NVDA
"UPDATE: Wedbush Reiterates Outperform Rating, Raises PT on Nvidia Corporation",2012-08-10,NVDA
NVIDIA shares are trading higher after the company said it expects 2020 revenue to be roughly the same as 2019 while analysts expected a revenue drop.,2019-02-15,NVDA
Shares of several technology companies are trading lower amid overall market weakness following a collapse in oil prices. Oil has been negatively impacted by excess supply and low demand amid the coronavirus pandemic.,2020-04-21,NVDA
NVIDIA Sees Q4 Sales $2.95B +/- 2% vs $3.06B Est.,2019-11-14,NVDA
Markets Up As Russia Seeks To End Military Activity Near Ukraine,2014-08-08,NVDA
Headlights On Deere: Mixed Results As Company Cites Higher Costs,2018-08-17,NVDA
"NVIDIA Extends Buyback of $2.7B Through 2014, Initiates $0.075/Share Qtr. Dividend",2012-11-08,NVDA
"Esports, Gaming Thrive, Adapt As Nation Grapples With Pandemic",2020-03-19,NVDA
28 Stocks Moving In Friday's Pre-Market Session,2018-02-09,NVDA
Nvidia Spiking on Chatter of Apple Product Inclusion,2012-06-11,NVDA
"Alibaba, Intel, Nvidia, US Steel: 'Fast Money' Picks For March 13",2018-03-13,NVDA
"Shares of several semiconductor companies are trading lower as concerns about the Wuhan coronavirus continue to grow, prompting travel bans in multiple Chinese cities. Reports say the death toll rose to 80 with more than 2,700 people now infected.",2020-01-27,NVDA
How Long Will The Cryptocurrency GPU Boom Last?,2018-02-22,NVDA
NVIDIA Raises Qtr. Dividend from $0.085 to $0.0975/Share,2015-05-07,NVDA
"Nvidia Has One Of The Best Opportunities To Maintain High Multiple, Morgan Stanley Says In Upgrade",2019-11-25,NVDA
Shares of several technology companies are trading higher amid overall market strength on optimism that US coronavirus cases could soon leveling off. NOTE: Some names in the sector have potentially benefited from recent work-at-home trends.,2020-04-08,NVDA
Earnings Preview: NVDA Reports First-Quarter Results Tomorrow,2017-05-08,NVDA
"Jim Cramer Weighs In On Centene, Fastly And More",2019-09-18,NVDA
Benzinga's Top Upgrades,2015-10-30,NVDA
"Apple Is Seeking An Executive To Lead Original Podcast Effort, Is Buying Original Podcasts That Would Be Exclusive; New Podcasts Will Help Promote TV+ Video Service",2020-05-21,AAPL
"Apple Pays Hacker From India $100,000 For Discovering Serious 'Sign In With Apple' Vulnerability",2020-06-01,AAPL
"Macquarie Maintains Outperform On NVIDIA, Sees Graphics Processing As 'killer app' For Majority Of VR/AR Workloads",2016-02-18,NVDA
A Peek Into The Markets: US Stock Futures Signal Lower Start On Wall Street,2019-05-17,NVDA
"VMware, NVIDIA, Google Report Collaboration for 'Graphics-Rich Applications Delivered on Enterprise Cloud Desktops'",2014-08-26,NVDA
One Semiconductor Stock That Could Benefit from Apple's Next iPad,2012-11-28,NVDA
NVIDIA's Crazy Run Begins To Slow Down,2016-12-01,NVDA
"Hearing Piper Sandler Out Positive On Semiconductors, Saying 2020 Appears To Be A Recovery Year For The Semiconductor Market; Unconfirmed",2020-01-15,NVDA
"AMD Downgraded, Analyst Thinks Intel Deal Is 'Unlikely'",2017-05-17,NVDA
NVIDIA with Microsoft Announces Technology Collaboration for Era of Intelligent Edge,2019-10-21,NVDA
"Advanced Micro Devices, Western Digital, Nvdia Seeing Weakness Due to Intel's Revenue Miss",2011-12-12,NVDA
"Nvidia To Partner With Volkswagen, Uber For Self-Driving Car Technology",2018-01-08,NVDA
Key Day Shapes Up For Trade Talks But Earnings Also In Focus As Disney Results Gleaned,2019-05-09,NVDA
Mid-Morning Market Update: Markets Open Lower; NVIDIA Beats Q1 Estimates,2017-05-10,NVDA
"Shares Of Nvidia Slightly Higher Following Report Of Shortages, Higher Pricing",2015-12-24,NVDA
"Nvidia Q3 Earnings Preview: Analysts Forecast Data Center, Gaming, Automotive Performance",2018-11-14,NVDA
"Shares of several technology companies are trading higher after the U.S. and Mexico signed part of an immigration deal. If reached, Mexico would avoid previously announced tariffs; if not reached, President Trump stated tariffs would be reinstated.",2019-06-10,NVDA
NVIDIA Says Mellanox Deal Closing Expected To Occur On Or About Apr. 27,2020-04-16,NVDA
"11 Stocks To Watch For November 14, 2019",2019-11-14,NVDA
"NVIDIA's July Revenue Guided 15% Lower, Adds To Morgan Stanley's Valuation Concerns",2015-05-08,NVDA
"Bank Of America Raises Nvidia Price Target To A Street High, Sees Upside In Multiple Segments",2018-09-25,NVDA
Tigress Financial's Feinseth Reiterates Buy Rating on NVIDIA in Intraday Research Note; He's Convicted Co.'s 'premier position in the graphics chip space will continue to unlock shareholder value',2015-08-13,NVDA
"An Investor's Perspective on Apple's Announcements (Plus, What the Company Didn't Say)",2012-06-13,NVDA
Intel May Have Just 'Burned' $15 Billion On Mobileye,2017-03-14,NVDA
"Top 3 Price Prediction Bitcoin, Ripple, Ethereum: Suffers Amid NVidia And QuadrigaCX As Technical Levels Weigh",2019-01-29,NVDA
Benzinga's Volume Movers,2016-11-11,NVDA
"UBS Maintains Nvidia at Buy, Lowers PT from $17.50 to $16.50",2012-11-06,NVDA
"Hello, Mr. Chips: A Look At AMD's Wild Year",2017-06-22,NVDA
BofA: Nvidia Is The Beneficiary Of A Supercomputing 'Arms Race',2018-01-19,NVDA
The Top 20 Wall Street Analysts Of 2015,2015-12-17,NVDA
"'Update: Nvidia tells CNBC that it is ""temporarily suspending the testing of [its] self-driving cars on public roads to learn from the Uber incident""'-CNBC Now Tweet",2018-03-27,NVDA
"Benzinga's Top ETF Decliners, October 3rd (TNA, DRN, FAS, SOXL)",2011-10-03,NVDA
"Bulls And Bears Of The Week: Caterpillar, Facebook, Microsoft And More",2020-04-19,AAPL
"NVIDIA Reports Q4 Adj. EPS $1.72 vs $1.16 Est., Sales $2.9B vs $2.68B Est.",2018-02-08,NVDA
"Watching Semi/Chip Stocks Following Micron Earnings Beat, Strong Q2 Guidance; Western Digital Shares Up 1%, Intel, AMD Up 0.5%, NVIDIA Up 0.4%",2017-12-19,NVDA
"Amazon Unveils $299 Kindle Fire HD, $499 with 4G LTE",2012-09-06,NVDA
"Bank Of America Likes AMD, Nvidia Ahead Of 2020 Gaming Market Recovery",2019-11-26,NVDA
"Apple, Nvidia, Tesla: Trip Chowdhry's 3 Best Stock Ideas",2016-08-12,NVDA
How Have The Best And Worst Stocks Of 2016 Performed In 2017?,2017-07-05,NVDA
S&P Dow Jones Indices Announces 'NVIDIA Set to Join S&P 100; FleetCor Technologies to Join S&P 500; Penn Virginia to Join S&P SmallCap 600',2018-06-18,NVDA
"UPDATE: Mizuho Maintains Buy On NVIDIA, Raises Target To $230 Notes 'The OctQ top line was driven by Gaming/Data Center strength from ray tracing RTX GPUs and Hyperscale/Cloud customers'",2019-11-15,NVDA
NVIDIA Sees Q4 Rev. $1.27B-$1.326B vs $1.21B Est.,2015-11-05,NVDA
What AI And Autonomous Driving Mean For Nvidia Investors,2017-10-10,NVDA
"Nvidia Analysts Sold On Long-Term Story, But Cautious On Data Center Weakness, Competition",2019-05-17,NVDA
AMD Gains on Rumored Acquisition by Samsung,2012-08-08,NVDA
"NVIDIA Reports Q4 Adj. EPS $1.13 May Not Compare to $0.83 Est., Sales $2.17B vs $2.11B ESt.",2017-02-09,NVDA
"Morgan Stanley 'less negative' On NVIDIA, Says Valuation Is High And Gaming Growth Overstates Longer Terms Growth Possibilities",2015-08-07,NVDA
Nikkei Publishes 'Internet of things promises sustained chip market surge'; Not Seeing Any Chip Stocks Moving On Report,2017-11-28,NVDA
Advanced Micro Devices Gets A Price Target Bump At Canaccord,2016-08-25,NVDA
Rekor Systems Earlier Announced It Has Joined NVIDIA Metropolis Software Partner Program To Apply Deep Learning To Video Streams,2019-07-16,NVDA
Shares of several semiconductor and microchip companies are trading higher as US markets rebound on renewed optimism surrounding US-China trade talks.,2019-05-14,NVDA
UPDATE: Einhorn Spokesperson Declines Comment on Rumor of Nvidia Meeting. Long Position,2014-04-03,NVDA
Fast Money Picks For August 10,2015-08-09,NVDA
"Benzinga's M&A Chatter for Tuesday May 29, 2012",2012-05-29,NVDA
Wells Fargo Initiates NVIDIA at Market Perform (NVDA),2011-03-15,NVDA
Option Alert: Nvidia Feb $110 Call; 3000 @Bid @$5.98,2017-01-11,NVDA
An Easy-To-Use Cheat Sheet For Apple Suppliers,2017-08-10,NVDA
Back The Blockchain With This ETF,2017-12-04,NVDA
Shares of many semiconductors are trading higher on renewed trade optimism after the US was considering suspending tariff increase in exchange for a currency pact. President Trump's administration also plans to allow the sale of some supplies to Huawei.,2019-10-10,NVDA
Option Alert: NVDA Feb16 28.5 Puts Sweep: 1046 @ ASK $1.70: 1054 traded vs 271 OI: Earnings today After Close $27.76 Ref,2016-02-17,NVDA
Pacific Crest Upgraded NVIDIA Corporation to Sector Perform,2014-11-03,NVDA
"Apple Encourages Chinese Tech Company To Rival Foxconn, Aims To Foster Competition",2020-05-13,AAPL
Intel Falls on Revised Guidance,2012-09-07,NVDA
Citron's Andrew Left Currently Speaking on CNBC,2017-01-06,NVDA
An ETF Levered To The Cryptocurrency Trade,2017-10-12,NVDA
Apple's iPhone 9 Launch Could Be Imminent,2020-04-06,AAPL
"Benzinga's Top Upgrades, Downgrades For November 25, 2019",2019-11-25,NVDA
The Most Popular Smartphone Model Of Q1,2020-05-27,AAPL
Macquarie Upgrades NVIDIA to Outperform,2015-08-03,NVDA
Rambus Renews Patent License With NVIDIA,2018-10-05,NVDA
"Macquarie Downgrades NVIDIA Corporation to Underperform, Lowers PT to $14.00",2013-10-11,NVDA
"UPDATE: RBC On NVIDIA, AMD: 'We have noticed ASPs for GPUs coming down in the secondary market (Newegg, Amazon.com, eBay). For this reason, we adjust our estimates slightly to reflect potential gaming softness'",2018-12-27,NVDA
"NVIDIA Corporation Spiking Lower, Hearing Google Nexus won't feature Nividia",2011-06-15,NVDA
"Earnings Scheduled For February 14, 2019",2019-02-14,NVDA
"Argus Research Maintains Buy on NVIDIA, Raises Price Target to $300",2020-01-13,NVDA
19 Technology Stocks Moving In Wednesday's Pre-Market Session,2019-10-09,NVDA
UPDATE: NVIDIA Shares Spike ~8% Following Earnings Release,2015-02-11,NVDA
"With The Mobile Industry Upgrading To 5G, Buy Cavium",2017-03-01,NVDA
Nomura Upgrades NVIDIA to Buy,2016-06-13,NVDA
Intel's Plan To Overtake Qualcomm's Snapdragon Platform,2013-08-21,NVDA
"Job Market Heats Up In January, As Warmer Weather Might Have Helped Add Positions",2020-02-07,NVDA
"Will Apple, Dell And Hewlett-Packard Follow Lenovo And Build Notebooks In-House?",2013-08-19,NVDA
Marvell Announces Integration Of Ethernet Switch Into the NVIDIA DRIVE Autonomous Vehicle Platform,2018-03-27,NVDA
Will COVID-19 Accelerate The Adoption Of Autonomous Vehicles?,2020-04-27,AAPL
Nvidia Sees Q3 Sales $2.35B vs $2.13B Est.,2017-08-10,NVDA
"Semiconductors Continue To Lead Rally Efforts, While Consumer Staples Keep Lagging",2020-04-07,NVDA
What Wall Street Thinks Of Nvidia's Huge Quarter,2017-11-10,NVDA
Are The Semiconductor Stocks Topping?,2017-08-03,NVDA
"RBC Raises Price Target From $205 To $220, Says They Are Confident In Re-Acceleration In Data Center Spending, Sees Cont. Potential For EPS Upside Driven By DC and Gaming Both Near-Term And Long-Term",2017-10-12,NVDA
Martin Scorsese's Next Movie Will Be Financed By Apple: Report,2020-05-28,AAPL
Apple CEO Tim Cook: We Will Not Be Issuing Guidance For The Following Quarter,2020-04-30,AAPL
CNBC Now Tweets: BREAKING: Nvidia to launch graphics cards specifically designed for digital currency mining cnbc.com/id/104554373,2017-06-27,NVDA
Trip Chowdhry Shares Insights Into Apple's Machine Learning & Deep Learning Initiatives,2016-06-15,NVDA
Tesla's Stock Under Selling Pressure,2016-12-29,NVDA
Will Earnings Season Prompt a Resurr-tech-tion?,2019-07-09,NVDA
Stocks To Watch For May 14,2012-05-14,NVDA
"NVIDIA'S Shareholder Returns Increased $800M, Wedbush Lowers PT",2015-05-08,NVDA
101 Stocks Moving In Monday's Mid-Day Session,2020-03-09,AAPL
U.S. Government May Start Scrutinizing Informal Partnerships Between American and Chinese Companies in AI,2018-04-27,NVDA
"Earnings Scheduled For February 17, 2016",2016-02-17,NVDA
"Earnings Scheduled For May 9, 2017",2017-05-09,NVDA
"Apple And Amazon Earnings, Fed Meeting Among Highlights In Busy Week Ahead",2020-04-27,AAPL
"Nvidia CEO Talks New Ampere-Based GPU, Advanced AI System In GTC 2020 Keynote",2020-05-14,NVDA
"UPDATE: Cascend Maintains Buy On NVIDIA, Raises Tgt To $220 Notes 'We see hyperscale AI development work continuing to grow off this summers' strong AI pus'; Believes 'this is a prime opportunity to take advantage of bad news already being in this name'",2019-10-15,NVDA
NVIDIA Launches AI Data Center Platform,2018-09-13,NVDA
Shares of NVIDIA Not Yet Moving Following News of Intel Chip in New Macbook Pro,2013-10-22,NVDA
"Goldman Cautious on TXN & ADI, Favors Names W/ Structural & Content Growth Opportunity Such As NVDA, NXPI, AVGO, SWKS",2016-07-19,NVDA
"Top Performing Industries For November 11, 2016",2016-11-11,NVDA
"UBS Maintains Buy on NVIDIA, Raises Price Target to $320",2020-02-14,NVDA
Weakness in NVIDIA Being Attributed To T.Rowe Comments ON CNBC Calling The Stock Too Expensive,2017-06-27,NVDA
"Shares of several technology companies are trading higher amid market strength following positive data from a study of Gilead's Remdesivir, which is being evaluated for coronavirus. A successful treatment could mean a sooner return to economic activity. NOTE: Some names may also be moving in sympathy following recent earnings from Google and some semiconductor companies.",2020-04-29,AAPL
"UPDATE: Citi Reiterates Hold on NVIDIA, Reduces PT to $18",2011-08-12,NVDA
Apple To Reopen ~100 More US Stores This Week,2020-05-26,AAPL
Shares of several companies in the broader technology sector are trading lower amid global concerns driven by the coronavirus outbreak in China. The technology sector has strong China exposure and the virus has caused some economic disruption concerns in the country.,2020-01-31,NVDA
Chip Stocks Mostly Soar As Intel Raises Q3 Guidance,2016-09-16,NVDA
"Earnings Scheduled For August 9, 2012",2012-08-09,NVDA
NVIDIA Shakes Up Sub-$200 Graphics Market With New GeForce GTX 650 Ti BOOST GPU,2013-03-26,NVDA
Apple Expects Stores To Start Re-Opening In First Half On April,2020-03-24,AAPL
Apple Reopens All China Stores As Coronavirus Cases Drop In Country,2020-03-13,AAPL
9 Companies With Nvidia's Consistency In Delivering Upside To EPS Estimates,2017-01-03,NVDA
12 Biggest Mid-Day Losers For Thursday,2016-12-29,NVDA
Bank Of America Adds Nvidia To Top Stock List After Latest Gaming Checks,2018-04-03,NVDA
"10 Stocks To Watch For April 30, 2020",2020-04-30,AAPL
UPDATE: NVIDIA Sees Q2 Adj. Gross Margins 63.5% +/- 50 Basis Points,2018-05-10,NVDA
Eli Lilly Kicks Off Earnings Day With A Beat And Investors Prepare For Intel After Close,2020-04-23,NVDA
iPhone Maker Foxconn To Produce Ventilators In US,2020-04-08,AAPL
RUMOR: Hearing Dealreporter Speculation China Has Reached A Deal For NVIDIA/Mellanox Deal,2020-03-24,NVDA
"Bulls And Bears Of The Week: Amazon, Boeing, Disney, Netflix And More",2020-04-25,AAPL
"NVIDIA Sees Q3 Sales $2.842B-$2.958B vs $2.97B Estimate, Adj. Gross Margin ~62.5%",2019-08-15,NVDA
Friday Stocks To Watch,2011-04-14,NVDA
Wednesday March 13th Watchlist,2013-03-13,NVDA
"Google Maps To Offer Relevant Local COVID-19 Information For Public Transport, Driving And Testing Centers",2020-06-09,AAPL
"Caution Ahead: Biggest Blue-Chips Seek Change, Innovation Post-COVID-19",2020-05-12,AAPL
"Citron Research @CitronResearch now Citron pressing $NVDA short expect sub $200 soon. Mkt starting to realize that ML/DL is narrowing and hyper-scale core customers experimenting with diff prop hardware solutions, Ether spreads are dead, Auto- unknown. N",2018-04-05,NVDA
Option Alert: NVDA Fri 12/9 95.5 Calls (Wkly) Sweep: 2220 @ ASK $0.30: 3758 traded vs 292 OI: Earnings 2/15 After Close (est) $92.15 Ref,2016-12-06,NVDA
"Tesla Spokesperson Tells Benzinga, 'Tesla's policy is to always decline to comment on speculation' Following Report Co. Shifting From NVIDIA To Intel For Infotainment Needs",2017-09-26,NVDA
US Stock Futures Slightly Higher Ahead Of Economic Data,2012-08-09,NVDA
Shares of several semiconductor companies are trading lower after President Trump announced the U.S. is not doing any business with Huawei. Huawei is an important customer for many semiconductor companies.,2019-08-09,NVDA
"Option Alert: Nvidia Jun $20 Call; 10,000 Contract Trade Between Bid and Ask @$0.67; Currently $18.74",2014-02-24,NVDA
Nvidia Gets Boost From Bullish Piper Jaffray Initiation,2019-03-26,NVDA
"Tesla Developing Its Own AI Chip, Analyst Says Chipmakers Could Gain Manufacturing Contracts",2017-12-08,NVDA
Shares of several technology companies are trading higher despite market weakness. The sector recently experienced some welling and appears to be rebounding following dip.,2020-06-09,NVDA
"Piper Sandler Maintains Overweight on NVIDIA, Raises Price Target to $390",2020-05-22,NVDA
Benzinga's Option Alert Recap From September 13,2017-09-13,NVDA
Technical Set-Up - Death Cross 08-12-2011,2011-08-15,NVDA
PreMarket Prep Recap: Breaking Down The Reaction To Walmart And Nvidia Earnings,2019-11-15,NVDA
"Semiconductors Struggling, These Names Down 2% Or More; Ambarella To Report After Market Closes, Down 6.24% On The Day",2015-09-01,NVDA
CNBC's Stock Pops & Drops From March 18,2015-03-19,NVDA
"UPDATE: Nvidia Posts Better-Than-Expected Q2 Profit, Issues Upbeat Revenue Forecast",2012-08-10,NVDA
"If Qualcomm Can't Revolutionize Car Tech, Nobody Can",2014-11-21,NVDA
7 Must Watch Stocks for Today,2016-05-13,NVDA
NVIDIA shares are trading higher after Benchmark assumes the stock with a Buy rating and announced a $210 price target.,2019-08-21,NVDA
J.P. Morgan Neutral On NVIDIA Corporation (NVDA),2011-03-09,NVDA
Nvidia At CES: 3 Big Announcements Leave Investors With 5 Major Questions,2017-01-05,NVDA
"Benzinga's Bulls & Bears Of The Week: Delta Air, McDonald's, Netflix, Nokia, Tesla And More",2019-01-12,NVDA
NVIDIA Forms Bullish Reversal,2011-11-21,NVDA
78 Biggest Movers From Yesterday,2020-02-20,NVDA
AMD Investors Shrug Off Negative Headlines,2018-03-13,NVDA
"Trump Lashes Out At Washington, Michigan Governors For Pandemic Response: 'We Don't Like To See The Complaints'",2020-03-27,AAPL
"Disney, Beyond Meat And Video Game Makers All Set To Report As Firm Tone Continues",2020-05-05,AAPL
Microsoft: Searching for Signs of Life,2011-10-21,NVDA
"Thursday's After-Hours Movers: 2 Stocks Spiking, 2 Stocks Tanking",2016-08-11,NVDA
"NVIDIA, Taiwan's MOST Announce Collaboration to Supercharge AI Efforts",2018-06-04,NVDA
"Trip Chowdhry Discusses Tesla's Auto-Pilot & Software Updates, Thinks NVIDIA & Mobileye Will Benefit",2015-08-03,NVDA
"Apple's Tim Cook Says Has Been Able To 'Source 10M masks for the US and millions more' For Regions In Europe, Says ' Our ops teams are helping to find and purchase masks from our supply chain in coordination with governments around the world.'",2020-03-25,AAPL
"GPU Technology Conference Continues Today, Day 3 Of 4",2017-05-10,NVDA
Option Alert: NVDA Jun16 33.0 Puts Sweep: 2295 @ ASK $0.11: 2397 traded vs 3462 OI: $41.65 Ref,2016-05-16,NVDA
FAANG Stocks Seem Immune To COVID-19,2020-06-04,AAPL
Pacific Crest Downgrades NVIDIA Corporation to Underperform,2014-06-23,NVDA
Stocks That Hit 52-Week Highs On Friday,2020-06-05,AAPL
NVIDIA Corporation Sees Q1 Sales $1.05B +/- 2% vs $1.0B Est,2014-02-12,NVDA
Benzinga's Volume Movers,2016-05-13,NVDA
"The Market In 5 Minutes: Adidas, Jobless Claims, And More",2017-11-09,NVDA
There's A Late Summer Souring On Semiconductor ETFs,2017-08-30,NVDA
5 Technology Stocks Moving In Friday's Pre-Market Session,2020-02-14,NVDA
Are Cryptocurrency Woes Dragging AMD And Nvidia Shares Lower?,2018-04-02,NVDA
"Citigroup Maintains Buy on NVIDIA, Raises Price Target to $315",2020-02-14,NVDA
144 Biggest Movers From Friday,2020-03-16,AAPL
Mid-Morning Market Update: Markets Mostly Flat; NVIDIA Posts Upbeat Q4 Earnings,2020-02-14,NVDA
Mid-Day Market Update: Calgon Carbon Gains On Acquisition News; JAKKS Pacific Shares Drop,2017-09-21,NVDA
The Main Challenges Faced By The Upcoming EV Era,2020-03-10,AAPL
A Peek Into The Markets: US Stock Futures Up; Crude Oil Rises Over 2%,2020-06-02,AAPL
Sony To Convert Its Financial Subsidiary Into Wholly Owned Unit Through $3.7B Tender Offer,2020-05-19,AAPL
Canaccord Genuity Sees Solid Growth Potential For NVIDIA,2015-03-19,NVDA
"UPDATE: Morgan Stanley Maintains Equal-weight On NVIDIA, Raises Target To $180 As Firm Notes 'Headline is a sharp recovery in gross margins in the October quarter that drives up EPS, unexpectedly'",2019-08-16,NVDA
"UPDATE: Loup Ventures' Bohlig Tells Benzinga Tesla Is Just One Potential Customer' For NVIDIA, Every Autonomous Car 'Will eventually need to integrate NVDA or similar competitor chips'",2017-12-08,NVDA
A Peek Into The Markets: US Stock Futures Signal Higher Start On Wall Street,2020-04-27,NVDA
Apple Ready To Launch 'iPhone 9'; Analyst Says Initial Sales Could Reach 25M Units,2020-04-15,AAPL
FAANG's Out: Investing Gems In Today's Technology Landscape,2019-05-30,NVDA
"Shares of several semiconductor companies are trading lower after weak quarterly results from Broadcom, citing ""broad-based"" demand weakness and the U.S. crackdown on Huawei.",2019-06-14,NVDA
"UPDATE: Nomura Initiates NVIDIA With Neutral, $147 Target As Firm Believes Co's Current Valuation Factors In Co's 'impressive history of developing new markets for its products, and the computing accelerator and automotive' Market Opportunities",2019-04-03,NVDA
"Canaccord Downgrades NVIDIA to Hold, $15 PT",2011-11-01,NVDA
"Benzinga's Top Upgrades, Downgrades For June 27, 2019",2019-06-27,NVDA
123 Biggest Movers From Yesterday,2020-03-10,AAPL
Competition Between AMD and Nvidia in Graphics Card Market Expected to Heat Up in Early July,2019-07-01,NVDA
"Semi Stocks Moving Higher Wed. Morning, Potentially Amid Several News Items: Toshiba Suit Of Western Digital, Toshiba Missing Deadline For Sale Of Chip Unit; Cypress Semi Shares Up 3.9%, AMD Up 1.9%, NVIDIA Up 1.8%, Micron Up 1.1%",2017-06-28,NVDA
"Citi Maintains Buy on NVIDIA, Raises Price Target to $245",2019-11-15,NVDA
"Raymond James Reiterates Outperform on NVIDIA, Raises Price Target to $330",2020-05-15,NVDA
8 Biggest Price Target Changes For Tuesday,2019-01-29,NVDA
"S&P 500 Stocks With Most Active Options Today: CHRW, MUR, HAR, IP, NVDA",2015-01-05,NVDA
"Analyst: Bitcoin Mining Will Mean Less For Semis In 2018, AMD Is More Exposed Than Nvidia",2017-11-28,NVDA
Piper Jaffray Sees Opportunity For NVIDIA To Significantly Expand Margins,2019-03-26,NVDA
"Macquarie's Nag Says NVIDIA Remains the Firm's Top Growth Idea, Notes 'Graphics is a better market than you think, and VR is just around the corner'",2015-09-23,NVDA
Why Advanced Micro Devices And NVIDIA Are Worth Watching,2015-06-15,NVDA
NVIDIA Shares Falling,2015-11-04,NVDA
"NVIDIA Reports Q3 EPS $0.94 vs. Est. $0.57, Rev. $2B vs. Est. $1.69B",2016-11-10,NVDA
"Domo Arigato, Mr. Roboto: First Trust Launches AI, Robotics ETF",2018-02-25,NVDA
US Stock Futures Signal Lower Start On Wall Street; Weekly Jobless Claims Data In Focus; Cisco Shares Down In Pre-Market Trading,2011-05-12,NVDA
"Benzinga Pro's Top 10 Most-Searched Tickers For Morning Of Monday, February 11, 2019",2019-02-11,NVDA
Analyst: AMD's New Graphics Cards Make 'Meaningful Improvement' But Cost More Than Expected,2019-06-11,NVDA
David Bartosiak's NVIDIA Trade,2016-11-07,NVDA
Semiconductor Equipment Billings Slip to 5-month Low,2019-10-23,NVDA
"NVIDIA shares are trading higher despite broader market downturn. Mizuho analyst today noted that online gaming and ecommerce cloud remain strong amid the coronavirus outbreak, which the firm said is an advantage for NVIDIA.",2020-02-28,NVDA
"Benzinga's Top ETF Gainers, October 20th (BOM, EDZ, SOXS, FAS)",2011-10-20,NVDA
"Red Hat Reports Expansion Of Alliance With NVIDIA To Accelerate, Scale AI/Machine Learning Workloads Across Hybrid Clouds, No Terms Disclosed",2019-05-09,NVDA
The Market In 5 Minutes: A Couple Of Pharma Stocks Move 70% In Opposite Directions,2016-11-14,NVDA
Vetr Crowd Downgrades Nvidia,2018-03-21,NVDA
"Shares of several semiconductor companies are trading lower following reports indicating the White House is considering setting limits on US flows to China, delisting Chinese company's from US stock exchanges. NOTE: Semiconductor companies are heavily impacted by U.S.-China trade war uncertainty, especially companies in business with Huawei.",2019-09-27,NVDA
Nvidia Downgraded to Underperform from Market Perform at Wells Fargo,2016-07-15,NVDA
Friday's Mid-Day Options Volume Leaders,2011-08-12,NVDA
Google's Second-Gen Nexus 7 May Be Limited To 3.5 Million Units (GOOG),2013-08-07,NVDA
"Robotics, AI Fund Thinks It's Found The 'New FAANG'",2017-10-24,NVDA
"7 Stocks To Watch For November 16, 2018",2018-11-16,NVDA
"UPDATE: B of A Securities On Apple Notes 'Although AAPL could choose to not provide any guidance,we think AAPL could also provide a much wider than normal range to encapsulate the uncertainty of COVID-19'",2020-04-27,AAPL
Why Nvidia Has A New Street-High Price Target,2020-05-11,NVDA
"ICYMI: Snap Earnings, VIX Instruments, AMD And Nvidia",2018-02-08,NVDA
Cramer Continues Warming Up To AMD After Listening To CEO,2018-04-27,NVDA
Jim Cramer Gives His Opinion On Mobileye And Blackstone,2017-01-06,NVDA
"Ark Invest's Catherine Wood On Leveraging Disruption, Innovation To Grow Portfolios",2019-11-05,NVDA
Benzinga's Top Initiations,2016-09-20,NVDA
"Cascend Maintains Buy on NVIDIA, Raises Price Target to $330",2020-02-14,NVDA
10 Must Watch Stocks for Today,2015-08-06,NVDA
"Wells Fargo Maintains Overweight on NVIDIA, Raises Price Target to $270",2019-12-20,NVDA
Game On: Intel Is Targeting Nvidia And AMD's Market Share,2017-11-10,NVDA
45 Stocks Moving In Tuesday's Mid-Day Session,2019-03-19,NVDA
"Benzinga Pro's Top 10 Most-Searched Tickers For Morning Of Fri., Nov. 16, 2018",2018-11-16,NVDA
Why Canaccord Is Buying Nvidia's Long-Term Picture,2015-11-16,NVDA
"Morgan Stanley Downgrades NVIDIA to Equal-Weight, Lowers Price Target to $148",2019-01-29,NVDA
Chip Stocks Volatile Hearing Amid Report Intel Offered Response To Report Of Security Research Findings,2018-01-03,NVDA
"Big Stocks Moving After Hours As Market Cheers Gilead, 'Reopening' Updates",2020-04-16,AAPL
Nvidia Unveils GeForce RTX Series: 'A New Golden Age Of Gaming',2018-08-20,NVDA
NVIDIA shares are trading higher after Susquehanna and RBC Capital maintained their bullish ratings on the company's stock along with raising their price targets.,2020-05-19,NVDA
"Susquehanna Maintains Positive on NVIDIA, Raises Price Target to $410",2020-05-19,NVDA
"Q1 13F Roundup: How Buffett, Einhorn, Ackman And Others Adjusted Their Portfolio",2018-05-16,NVDA
Loup Ventures Says Believes Demand For 5G iPhone Will Be Initially Muted 'as it will reflect overall consumer demand in the fall which we expect to be soft'; Says Believes Apple Is 'One Of The Best Ways' To Invest In 5G Transformation,2020-03-27,AAPL
"Benzinga's Top Upgrades, Downgrades For November 26, 2018",2018-11-26,NVDA
JMP Securities Upgrades NVDA To Outperform,2011-03-28,NVDA
"Watch Other Semiconductor Stocks After Bloomberg Report, NVIDIA Shares Spiking To $27.52/Share",2015-10-14,NVDA
NVIDIA Announces Cloud Partnership with Alibaba's Alicloud,2016-01-21,NVDA
"Shares of several semiconductor companies are trading lower. Weakness potentially related to the ongoing conronavirus outbreak in China, which has hurt economic activity across sectors including the semi sector, which has China exposure.",2020-02-21,NVDA
"Wedbush On Nvidia: Impact Of Drop In General Purpose PC Has Minimal Impact, NVDA Focused On 'differentiated markets like gaming to drive growth'",2015-06-12,NVDA
Tablet Shipments to Increase 17.7% on-Year in H2 2013 -DigiTImes,2013-08-06,NVDA
Hearing Pacific Crest Negative on Nvidia,2012-04-16,NVDA
"Brexit Time Again: As Parliament Votes, U.S. Stocks Have Mixed Tone With Boeing Down",2019-03-12,NVDA
8 Biggest Price Target Changes For Tuesday,2018-05-08,NVDA
Vetr Crowd Downgrades Nvidia To Hold,2018-02-15,NVDA
"Nvidia, Intel Among Analyst Top Picks Following Semiconductor Conference",2017-08-21,NVDA
Hearing JP Morgan Added Apple Shares To Its Bullish 'Focus List',2020-05-01,AAPL
Nvidia Spokesperson Declines Comment on Earlier Chatter of Intel Offer,2012-04-02,NVDA
24 Technology Stocks Moving In Thursday's Pre-Market Session,2019-08-29,NVDA
Shares of companies in the semiconductor space are trading lower after Trump criticized China's trade policies in front of the UN. The sector has exposure to China and is sensitive to US-China trade relations.,2019-09-24,NVDA
"Airlines Continue Suffering As Delta, American Announce Schedule Cuts, But Crude Bounces",2020-03-10,AAPL
"NVIDIA Spikes On Record Quarterly Results, Strong Guidance And Dividend Raise",2016-11-10,NVDA
Apple Tells Staff U.S. Stores to Remain Closed Until Early May,2020-04-03,AAPL
Upcoming Earnings: MGM And Activision Blizzard Report Q2 Results On Thursday,2018-08-01,NVDA
Nvidia Option Alert: Sep 29 $172.5 Puts at the Bid: 600 @ $2.0 vs 48 OI; Ref=$179.32,2017-09-15,NVDA
COVID-19 Crisis Could Make Big Tech Even Stronger,2020-03-25,AAPL
NVIDIA Appoints Former PepsiCo. Exec Dawn Hudson to Its Board of Directors,2013-07-23,NVDA
"Morgan Stanley Maintains Underweight on NVIDIA, Raises PT to $21.00",2015-08-07,NVDA
Tap Nvidia's Growth Story With These Tech ETFs,2017-11-10,NVDA
AMD Could Make Billions on Sony's PlayStation 4,2013-02-21,NVDA
13 Technology Stocks Moving In Friday's Pre-Market Session,2020-01-10,NVDA
Intel Inherits Mobileye's Problems,2017-03-13,NVDA
"Wedbush Securities Maintains Nvidia at Outperform, Lowers PT from $20 to $17",2012-11-07,NVDA
Benzinga's Top #PreMarket Gainers,2015-08-07,NVDA
"Wedbush Maintains Outperform on NVIDIA, Raises Price Target to $420",2020-05-22,NVDA
Chip and semiconductor stocks are trading higher following Apple and AMD earnings; Apple beat Q1 estimates and AMD reported Q4 margin improvement.,2019-01-30,NVDA
Apple shares are trading higher after Wells Fargo upgraded the stock from Equal-Weight to Overweight and announced a $315 price target. NOTE: The overall market is also rebounding from Thursday's crash.,2020-03-13,AAPL
"'Apple weighs delaying 5G iPhone launch by months, sources say' -Nikkei",2020-03-25,AAPL
Mid-Day Market Update: Trade Desk Surges on Upbeat Earnings; Stellar Biotechnologies Shares Drop,2018-05-11,NVDA
Apple shares are trading higher after Deutsche Bank maintained its Buy rating on the stock and raised its price target from $270 to $285 per share.,2020-04-16,AAPL
IBM Kicks Off The Big Tech Earnings Season,2017-01-19,NVDA
"A.I. Summit in San Francisco Concludes Today, Attendees Include Morgan Stanley, Johnson & Johnson, Bank of America, IBM, Nvidia, Microsoft, Amazon and Footlocker",2017-09-28,NVDA
"10 Stocks To Watch For November 15, 2018",2018-11-15,NVDA
Apple Hit With $1.2B Fine By French Antitrust Authorities,2020-03-17,AAPL
"Barclays Maintains Equal-Weight on NVIDIA, Raises Price Target to $225.00",2017-11-10,NVDA
70 Biggest Movers From Yesterday,2019-03-20,NVDA
NVIDIA shares are trading lower after the company issued Q4 sales guidance below analyst estimates.,2019-11-15,NVDA
What's Next For Nvidia?,2017-02-26,NVDA
NVIDIA shares are trading higher after the company teamed up with Amazon Web Services IoT to bring AI to millions of connected devices.,2019-03-19,NVDA
"Is Nvidia A Buy? Only If Shares Fall Further, Says Miller Tabak Analyst",2018-02-07,NVDA
"NVIDIA Shares Down 9% Following Q4 Sales, Gross Margin Guidance Cut; AMD Shares Down 4.3%, Seagate Down 3.2%, Micron Down 2.5%, Intel, Western Digital Down 1.5%, Texas Instruments Down 1%",2019-01-28,NVDA
Nvidia Reports Q4 EPS $0.26 vs $0.19 Est; Revenues $953.20M vs $950.51M Est,2012-02-15,NVDA
"Q2 13F Roundup: How Buffett, Einhorn, Loeb And Others Adjusted Their Portfolio",2018-08-15,NVDA
30 Stocks Moving In Friday's Pre-Market Session,2017-02-10,NVDA
It's Hip To Be Square? Huey Lewis Suggests An Investing Strategy That's Nothing Fancy,2017-02-10,NVDA
NVIDIA's Blowout Quarter Helps It Remain A Top Pick At Jefferies,2016-11-11,NVDA
Nvidia Seeing Strong Trends Heading Into Next Quarterly Print,2017-10-16,NVDA
"'Fast Money Halftime Report' Traders Weigh In On Apple, Uber And More",2019-09-24,NVDA
"Apple Reports Q2 Service Revenue $13.348B, Up From $11.45B YoY",2020-04-30,AAPL
"Morgan Stanley Sees Ethereum's Strength Benefiting AMD, Nvidia",2018-01-23,NVDA
KeyBanc Sees 'Significant Runway' For AMD In Cloud Data Processors,2018-11-26,NVDA
Shares of several semiconductor companies are trading higher on news U.S. and Chinese trade negotiators are planning to delay the December 15 tariffs.,2019-12-10,NVDA
"BlackBerry Shares Recently Turn Positive, Now Up 0.7% for Session as Traders Circulating Rumor Co. Working Directly with NVIDIA for Integration Into Drive PX2, Diveworks",2017-06-06,NVDA
"Melco Resorts, Nvidia, Tesla, SMH: 'Fast Money' Picks For December 27",2017-12-27,NVDA
A New Automation ETF For Traders Who Haven't Yet Been Replaced By Robots,2018-06-13,NVDA
Global Smartphone Shipments to Fall to 1.15B Units in 2020,2020-04-27,AAPL
Watch These 7 Huge Put Purchases In Wednesday Trade,2017-08-09,NVDA
Jefferies Expects More Upside Surprises From NVIDIA Over The Next Year,2016-08-12,NVDA
The Current Bull And Bear Case For Nvidia,2017-10-11,NVDA
Benzinga's Option Alert Recap From September 20,2017-09-20,NVDA
"Cowen Names 4 Top Semi Picks: AMD, Ambarella, Broadcom, Monolithic Power",2018-05-17,NVDA
Cramer Finds A Way To Explain Stock Diversification With Fantasy Football,2017-08-19,NVDA
Nvidia Receives Positive Mad Money/Jim Cramer Mention -CNBC,2011-09-13,NVDA
Benzinga's Option Alert Recap From August 31,2017-08-31,NVDA
Morgan Stanley Calls For 150% Upside In Ambarella,2017-09-27,NVDA
The Mixed Sony Effect,2020-05-14,AAPL
Stocks Hitting 52-Week Highs,2016-05-13,NVDA
What To Expect From Nvidia's Q2 Earnings,2018-08-14,NVDA
"Boeing, Caterpillar, Chipmakers Retreat After Trump Threats To Raise China Tariffs",2019-05-06,NVDA
"Deutsche Bank Retains NVIDIA Hold, $20 PT (NVDA)",2011-03-09,NVDA
48 Stocks Moving In Friday's Mid-Day Session,2018-11-16,NVDA
Earnings Preview: What Might Be Expected When FB Reports?,2017-05-03,NVDA
"Morgan Stanley Downgrades Nvidia, Faces 'More Significant Challenges' Than Expected",2019-01-29,NVDA
Fast Money Picks For January 6,2016-01-06,NVDA
"Earnings Scheduled For November 6, 2014",2014-11-06,NVDA
"Benzinga Market Primer: Friday, May 10",2013-05-10,NVDA
Option Alert: $NVDA Nov 27 $13 Call Sweep; 1256 Contracts @Ask @$0.29; Ref $29.85,2015-11-13,NVDA
25 Stocks Moving In Wednesday's Pre-Market Session,2017-05-24,NVDA
"13 Stocks To Watch For February 8, 2018",2018-02-08,NVDA
Qualcomm CEO Blames Nvidia for Delaying Debut of Android Tablets -Bloomberg,2011-06-02,NVDA
"Nvidia Shares Have Moved +4.1% Over Last 10 Minutes, Now Up 2.5% At $191.37",2017-12-05,NVDA
"Jefferies Maintains Buy on NVIDIA, Lowers Price Target to $246",2018-11-16,NVDA
Stocks Hitting 52-Week Highs,2014-02-21,NVDA
"7 Stocks To Watch For August 16, 2019",2019-08-16,NVDA
"UBS Maintains Buy on Apple, Lowers Price Target to $335",2020-03-10,AAPL
Mid-Day Market Update: Dow Falls 75 Points; Shipping Stocks Spike Higher,2016-11-16,NVDA
"Citigroup Initiates Coverage On NVIDIA Corporation - Common Stock at Buy, Announces $90.00",2016-11-02,NVDA
Wedbush Offers 4 Semiconductor Stocks To Watch Ahead Of Next Week's Earnings,2015-05-01,NVDA
Stocks Hitting 52-Week Highs,2015-09-25,NVDA
Citron's Andrew Left Hits The Airwaves To Explain His Bullish BlackBerry Stance,2017-06-02,NVDA
Can You Guess This Chart?,2016-08-11,NVDA
AT&T Is Hoping HBO Max Will Turn The Tide,2020-04-29,AAPL
"Kinahan Says Millennials Are Buying The Stocks They Know, Like Beyond Meat And Tesla",2019-07-09,NVDA
Earnings Scheduled For August 11,2011-08-11,NVDA
Shares of several semiconductors shares are trading higher in sympathy with Lam Research after the company reported better-than-expected Q1 EPS and sales results. The company had also issued Q2 EPS and sales above analyst estimates.,2019-10-24,NVDA
10 Biggest Price Target Changes For Wednesday,2018-08-15,NVDA
"Loup Venture Publishes 'Nvidia: Despite Earnings Miss, Long-Term Story Still Intact'",2018-11-16,NVDA
15 Technology Stocks Moving In Monday's Pre-Market Session,2020-01-27,NVDA
NVidia Guides Q4 Gross Margin Unchanged at 52.5%; Depreciation & Amortization $53M-$57M,2011-11-10,NVDA
"Earnings Scheduled For August 7, 2014",2014-08-07,NVDA
Seeing Notable Block Trade In NVIDIA of 3.3M Shares At $186.66/Share,2017-12-04,NVDA
"NVIDIA Q1 Adj. EPS $1.800 Beats $1.680 Estimate, Sales $3.080B Beat $2.980B Estimate",2020-05-21,NVDA
Nvidia Analyst Says Pandemic Creates More Data Center Demand,2020-03-24,NVDA
Keep The Semiconductors On The Radar,2012-01-17,NVDA
"UPDATE: Raymond James Reiterates Outperform On NVIDIA, Reiterates $180 Target As Firm Thinks 'the pause in hyperscale spending this year (which affected all suppliers) provides a strong setup for next year'",2019-08-16,NVDA
"10 Must Watch Stocks for February 11, 2015",2015-02-11,NVDA
Friday February 15th Watchlist,2013-02-15,NVDA
Nvidia Investors Accuse Chipmaker Of Misrepresenting $1B In Crypto Revenue In Lawsuit,2020-05-19,NVDA
"11 Stocks To Watch For February 14, 2019",2019-02-14,NVDA
"UPDATE: B Of A Securities On Nvidia Notes 'In our 2020 playbook, we flag NVDA as our top large cap pick... due to its leading growth (15%+ sales/20%+ EPS CAGR, CY19-21E) at a still reasonable valuation (30x CY21 PE, 2-turns below 3-yr avg.)",2020-01-10,NVDA
Todd Gordon Is Bullish On Netflix And NVIDIA,2017-01-23,NVDA
5 Biggest Price Target Changes For Friday,2017-08-11,NVDA
"Apple To Reopen Small Number Of U.S. Stores In Idaho, South Carolina, Alabama And Alaska Starting Next Week; Says It Will Require Customers To Wear Masks, Undergo Temperature Checks Before Entering Stores",2020-05-08,AAPL
"Benzinga's Top Upgrades, Downgrades For July 12, 2017",2017-07-12,NVDA
NVIDIA Screams Higher on Q2 Earnings Beat,2011-08-11,NVDA
"UPDATE: Morgan Stanley Upgrades NVIDIA To Overweight, Raises Target To $259 Notes 'We see 2020 as a return to solid growth in both key segments, gaming and hpc/cloud (datacenter), even in a tough semiconductor environment'",2019-11-25,NVDA
Taiwanese Apple Supplier TSMC To Build $12B US Chip Factory After Months Of Pressure From Trump Administration,2020-05-15,AAPL
"Short Interest in Chip Makers on the Rise (AMAT, ARM, QCOM)",2013-03-02,NVDA
UPDATE: Nvidia Guides Q2 Rev $990M-$1.05B vs $976.2M Est,2012-05-11,NVDA
11 Different Ways To Play The Bear Market (From 11 Traders),2016-01-14,NVDA
Google's New Nexus 7 Could Sell for $149,2013-04-03,NVDA
IDC Issues Press Release Highlighting Research Showing Forecast For Global Semi Sales To Be Down 7.2% In 2019,2019-05-15,NVDA
"Wells Fargo Maintains Outperform on NVIDIA, Lowers Price Target to $235",2018-11-16,NVDA
Stocks Hitting 52-Week Highs,2016-05-20,NVDA
Benzinga's Top #PreMarket Losers,2015-05-08,NVDA
"Benzinga's Top ETF Decliners, July 18th (ZSL, TNA, SOXL, FAS)",2011-07-18,NVDA
Citron Research Tweets 'Updating our $NVDA call....switching focus to $MBLY Ridiculous comparison We expect $MBLY to trade short term $35. Insiders tell the story',2017-02-24,NVDA
Benzinga's Top Upgrades,2015-11-06,NVDA
"Investors Seem More Optimistic As Trade, Bond Market Worries Ease",2019-08-16,NVDA
"Shares of several companies in the technology, software and semiconductor space are trading lower as equities sell off amid coronavirus fears. The virus spread has disrupted economic activity across sectors and caused global macro uncertainty.",2020-03-11,AAPL
Topeka Capital Upgrades NVIDIA to Buy,2016-05-13,NVDA
Tesla And The Era Of Intelligent Transportation,2016-10-20,NVDA
26 Stocks Moving in Tuesday's Pre-Market Session,2020-03-24,AAPL
Benzinga's Top Upgrades,2012-02-13,NVDA
"Benzinga's Top Upgrades, Downgrades For June 26, 2018",2018-06-26,NVDA
"Stifel Nicolaus Maintains Nvidia at Buy, Raises PT from $19 to $21",2012-08-10,NVDA
26 Technology Stocks Moving In Today's Pre-Market Session,2019-08-02,NVDA
"7 Stocks To Watch For November 6, 2015",2015-11-06,NVDA
"Stocks on my Watch List for Thursday, January 3",2013-01-03,NVDA
10 Biggest Price Target Changes For Wednesday,2020-02-19,NVDA
10 Stocks Moving In Thursday's After-Hours Session,2017-11-09,NVDA
NVIDIA Announces $750M Accelerated Buyback with Goldman Sachs,2013-05-14,NVDA
"Citigroup Maintains Nvidia at Hold, Raises PT from $14 to $15",2012-08-10,NVDA
Michigan Votes Unanimously To Remove Drivers From Autonomous Test Vehicles,2016-09-09,NVDA
Deutsche Bank Reports GPU Driven Upside For NVDA,2011-05-13,NVDA
J.P. Morgan Releases SMid Semiconductors Report,2011-09-08,NVDA
"Deutsche Bank Maintains Nvidia at Hold, Lowers PT from $15 to $14",2012-10-10,NVDA
Expectations Mount For Nvidia; Analyst Raises Target To $190 Ahead Of Earnings,2017-11-08,NVDA
"Driving Higher: Market Keeps Hanging In, On Pace For Another Record-Setting Week",2019-11-15,NVDA
Not Just Fun And Games: How Esports Could Offer Potential Investment Opportunities,2020-05-12,NVDA
Our Most-Read Stories Of The Year,2017-12-30,NVDA
NVIDIA Shares Spiking To High Of $97.71,2017-03-06,NVDA
Supply Chain Conservative About 2019 Mining Asic Outlook,2019-01-02,NVDA
"Benzinga Pro's Top 10 Most-Searched Tickers For Afternoon Of Fri., Feb. 15, 2019",2019-02-15,NVDA
"Nvidia Q1 Earnings Preview: Data Center, Gaming Inventory In Focus Amid Fundamental Uncertainties",2019-05-15,NVDA
More Profit-Taking In NVIDIA After Recent Volatility,2016-12-30,NVDA
AMD's Setup Gives Rosenblatt Securities Deja Vu,2018-09-11,NVDA
"Auto Stock Roundup: Self-Driving Move Continues, Recalls Keep Hurting",2018-01-11,NVDA
"This Quant's Favorite Stock Picks Are Nvidia, Marvell, Amazon And Two Others",2016-04-04,NVDA
Nvidia Guides FY2013 GAAP Revenue $4.7-5.0B,2011-11-17,NVDA
"Stocks Which Set New 52-Week High Yesterday, August 23rd",2018-08-24,NVDA
Shares of several technology companies are trading higher amid renewed hopes of a Federal Reserve rate cut this year and in sympathy with Oracle reporting strong Q4 earnings.,2019-06-20,NVDA
Advanced Micro Devices' Improved Near-Term Sales Trends Earn It An Oppenheimer Upgrade,2016-10-17,NVDA
Bank of America Upgrades NVIDIA to Buy,2015-03-10,NVDA
"Canaccord Genuity Maintains Buy on NVIDIA, Raises Price Target to $250.00",2017-11-17,NVDA
"Nvidia And Epic Games Bartering On Fortnite Bundle, Variety Reports",2018-11-29,NVDA
Hearing Credit Suisse Asia Sees Apple Cutting iPhone Jul. To Sept. Production By 30% Given A Delay In Production Ramp For 2020 Models,2020-04-24,AAPL
Weak Eurozone Forecast Add To Concerns About Global Growth,2019-02-07,NVDA
Stocks Hitting 52-Week Highs,2015-02-12,NVDA
"Jim Cramer Shares His Thoughts On AMD, Gilead, Nvidia And More",2019-04-18,NVDA
The Positive And Negative Surprises In Nvidia's Q4 Conference Call,2017-02-10,NVDA
No Stopping NVIDIA,2016-12-15,NVDA
"Morgan Stanley Maintains Overweight on Apple, Raises Price Target to $326",2020-05-01,AAPL
"Wedbush Securities Maintains Nvidia at Outperform, Raises PT from $18 to $20",2012-08-10,NVDA
Tuesday's Market Minute: The Streaming Comeback Kid: Netflix,2020-04-21,AAPL
"UPDATE: Stifel Nicolaus Cuts PT to $18 on NVIDIA Corporation on Raising OpEx, Product Transition",2013-02-14,NVDA
Top Stocks on my Watch List for Thursday December 20th,2012-12-20,NVDA
AMD Unveils Budget Radeon Graphics Cards Aimed At Nvidia's Entry-Level Products,2019-10-07,NVDA
"NVIDIA Shares Up 3.3% In Early Trading, Facebook Shares Flat-Slightly Higher; Earlier Bank of America Added NVDA To Us 1 List and Removed FB, Which Remains Buy-Rated",2018-04-03,NVDA
Nvidia Higher For Seventh Day In A Row,2017-07-13,NVDA
Nvidia Option Alert: May 18 $240 Puts at the Ask: 700 @ $17.301 vs 403 OI; Ref=$241.76,2018-03-08,NVDA
"Benzinga's Bulls & Bears Of The Week: Alibaba, Apple, Nike, Tesla, Verizon And More",2018-08-25,NVDA
36 Biggest Movers From Yesterday,2018-04-11,NVDA
NVIDIA Issues Weak Q2 Revenue Forecast,2015-05-08,NVDA
"Barron's Picks And Pans: Tech Infrastructure, Small Caps, DineEquity And More",2016-12-19,NVDA
IDC Reports Worldwide Semiconductor Revenues to Decline 7.2% in 2019,2019-05-17,NVDA
Option Alert: Nvidia Jul $22 Call; 1111 Contract Trade at Ask @$0.40,2015-05-27,NVDA
A Peek Into The Markets: Boeing Leads Dow Futures Lower,2019-03-11,NVDA
"Mellanox Shares Volatile Over Last Few Mins. On Volume Spike; Hearing Capitol Forum Says Deal Approval 'In Trouble,' Recent Talks Failed To Address Objections",2020-03-27,NVDA
"UPDATE: Morgan Stanley Maintains Overweight On Nvidia Raises Target To $304 Notes 'As we had hoped for when we upgraded the stock in November, the data center business has surged, growing 33% q/q in January, well above other cloud providers'",2020-02-14,NVDA
"Hearing Susquehanna Check Suggests Total iPhone 12 Builds Tracking To 10M, Below Firm's Expectation Of 25M; Unconfirmed",2020-06-02,AAPL
'U.S. chipmaker Nvidia to provide AI platform for Chinese EV start-ups' -Earlier Reuters Report,2018-11-21,NVDA
REMINDER: NVIDIA Could Launch Its RTX 2080 Ti and RTX 2080 GPU as Early as Today,2018-08-20,NVDA
"There Could Be 18% Upside Left In Nvidia, Analyst Says",2017-11-17,NVDA
10 Biggest Price Target Changes For Thursday,2020-04-23,AAPL
Shares of several semiconductors and microchip stocks are trading lower in sympathy with Intel after it issued worse-than-expected Q2 and FY19 guidance.,2019-04-26,NVDA
"NASDAQ Movers (NVDA, JDSU, MU)",2011-03-24,NVDA
Benzinga Pro's 5 Stocks To Watch Today,2018-08-16,NVDA
"Bank of America Maintains Buy on NVIDIA, Raises Price Target to $251.00",2017-11-10,NVDA
Smart Option Trading CEO On Gaining An Edge With Options: 'They Show The Overall Sentiment',2020-04-18,AAPL
"Micron Shares Down 7.6% Following Mixed Q1 Report, Concerning Outlook; Other Chip Stocks Trading Down In Sympathy: AMD Shares Down 1.7%, NVIDIA Down 1.5%, Intel Down 0.8%",2018-12-18,NVDA
"UPDATE: NVIDIA Introduces World's First Virtualized GPU, Accelerating Graphics for Cloud Computing",2012-05-15,NVDA
KeyBanc Names CES Auto Winners,2017-01-09,NVDA
"UPDATE: Morgan Stanley Maintains Equal-Weight On NVIDIA, Raises Tgt To $217 Notes Co. 'showed upside to the qtr, but guided revs 4% below consensus/in line with our ests; data center grew in line with ests, vs. an expectation for some upside'",2019-11-15,NVDA
Negative Analyst Comments About NVIDIA Circulate,2011-07-21,NVDA
"Brean Remains On NVIDIA Sidelines, Says Shares Trade Near Peak Earnings Multiple From Past 2 Years",2016-02-18,NVDA
"Hearing Jefferies Positive On NVIDIA On Heels Of Nintendo Switch, Raises PT From $73 To $80",2016-10-20,NVDA
Nvidia Shares Rise 0.8% After-Hours Following Wells Fargo Upgrade to Outperform,2018-08-15,NVDA
What Google And Is Doing To Fight The Coronavirus,2020-03-31,AAPL
Rumor: NVIDIA Building iPhone and iPad Competitors,2013-01-29,NVDA
AMD Says 'Nvidia Killer' Graphics Card Is Set For Launch This Year,2020-01-21,NVDA
"What The Latest Steam Gaming Data Means For AMD, Nvidia",2018-06-14,NVDA
"Chip Stocks Move Higher Following Strong Guidance Out Of Memory Manufacturer Micron: Intel Shares Up 0.1%, AMD Down 3.3%, NVIDIA Down 4%",2020-05-27,NVDA
"Citigroup Maintains Buy on NVIDIA, Lowers Price Target to $244",2018-11-16,NVDA
20 Stocks With The Highest Exposure To China's Lagging Economy,2015-08-11,NVDA
"Benzinga's M&A Chatter for Tuesday October 21, 2014",2014-10-22,NVDA
"PreMarket Prep Recap: Qiagen Pulls The Rug Out From Investors Banking On A Deal, Bad Data Equals Bad Price Action For Spectrum Pharmaceuticals",2019-12-26,NVDA
Microsoft 'Surface 2' Rumor Roundup,2013-09-15,NVDA
Which Chipmaker Leads The Autonomous Driving Space?,2018-02-07,NVDA
"Keep an Eye on These 10 Stocks for February 10, 2017",2017-02-10,NVDA
NVIDIA Sees Q2 Sales $1.01B +/- 2%,2015-05-07,NVDA
Vetr Crowd Upgrades Nvidia To Buy,2018-02-05,NVDA
Analyst Says Nvidia Is A Strong Play For The 'Post-Smartphone Era',2017-05-02,NVDA
NVIDIA Shares Up 1.2% Premarket; Hearing Goldman Added Stock To Its 'Conviction Buy' List,2018-10-18,NVDA
Mid-Morning Market Update: Markets Mostly Lower; J C Penney Q3 Sales Miss Estimates,2016-11-11,NVDA
"Apple, NVIDIA Near All Time-Highs As Microsoft Remains Under Pressure",2017-02-07,NVDA
Benzinga's Top Initiations,2016-11-02,NVDA
NVIDIA's Transformation Is Complete; Canaccord Lifts Price Target To $80,2016-11-07,NVDA
Morgan Stanley's Key CES Takeaways For Semi Companies,2019-01-10,NVDA
"UBS Maintains Nvidia at Buy, Raises PT from $15.50 to $17.50",2012-08-10,NVDA
Seeing Weakness In Several Semiconductor And Microchip Stocks; Susquehanna Analyst Christopher Rolland Tells Benzinga The Sector Is Weak On The Back Of Xilinx Earnings.,2019-04-25,NVDA
"Shares of several companies in the technology, software and semiconductor space are trading lower as equities crash amid coronavirus fears. The virus spread has disrupted economic activity across sectors and caused global macro uncertainty.",2020-03-09,NVDA
Apple Supplier Foxconn's Profit Falls Nearly 25% Year-Over-Year: Report,2020-03-30,AAPL
9 Stocks That Retail Investors Loved in February,2017-03-07,NVDA
18 Stocks Moving In Friday's Pre-Market Session,2016-08-12,NVDA
"A Look At Benzinga Pro's Most-Searched Tickers For August 16, 2019",2019-08-16,NVDA
Nvidia Reports Lower Q2 Profit (NVDA),2013-08-08,NVDA
"Benzinga Pro's Top 10 Most-Searched Tickers For Afternoon Of Thurs., May 10, 2018",2018-05-10,NVDA
"Benzinga Pro's Top 10 Most-Searched Tickers For Morning of Wednesday, October 16, 2019",2019-10-16,NVDA
Nvidia-Google Blog Beef: Here's What You Need To Know,2017-04-17,NVDA
Shares of several technology companies are trading lower in sympathy with the overall market. The Fed cut rates to combat the coronavirus outbreak which caused an initial spike but then continued to trade lower.,2020-03-03,NVDA
'Cutting Edge' Collaborative Intelligence Startup Algo.ai Joins Nvidia Inception Accelerator,2018-09-27,NVDA
Here's How Large Option Traders Are Playing High-Yield AT&T As Market Falls,2020-03-11,AAPL
All The Major Events Canceled By Coronavirus (Updated),2020-03-17,NVDA
Benzinga's Bulls And Bears For The Past Week: Semiconductors And Warren Buffett,2017-05-08,NVDA
"Nvidia Expands Lead In AI-Driven Vehicle Suppliers With New Products, New Partnerships",2017-10-12,NVDA
Nvidia invites Tesla CEO Musk to Participate at GPU Technology Conference -DigiTimes,2015-03-05,NVDA
"Benzinga's Top ETF Decliners, February 8th",2012-02-08,NVDA
"IDC Expecting PC Shipments to Decline in Double Digit Percent Range During 2013, Cuts Global Shipments Outlook, from 9.7% to 10.1%",2013-12-02,NVDA
"Nvidia Impresses At 2017 Supercomputing Conference, KeyBanc Says",2017-11-14,NVDA
Microsoft's Next Tablet Could Include Qualcomm Chips,2013-06-19,NVDA
"NVIDIA, ZF, Baidu Launch Industry's First AI Autonomous Vehicle Computer for China at#CES2018",2018-01-08,NVDA
"For Some Companies, A Sliver Of Good News During COVID-19",2020-03-27,AAPL
Nvidia shares are trading lower on continued weakness; Multiple analyst have downgraded the stock and cut price targets following the company's guidance cut.,2019-01-29,NVDA
"Shares of several technology, software and semiconductor companies are trading lower amid continued global coronavirus concerns. The virus has caused global economic disruption and negatively impacted supply chains for many tech companies. UPDATE: Several stocks in the sector have since reversed.",2020-03-19,NVDA
Citigroup Lowers PT On NVIDIA To $22,2011-05-13,NVDA
Gamers Delight: A New E-Sports ETF Is Here,2018-10-18,NVDA
Jefferies Maintains Buy Rating on Nvidia; Raises PT To $180 from $140,2017-07-10,NVDA
NVIDIA Beats Q1 EPS Expectations,2015-05-08,NVDA
Watch These 8 Huge Put Purchases In Tuesday Trade,2017-03-21,NVDA
Benzinga's Top Pre-Market Losers,2011-12-01,NVDA
"Tech Companies Aren't 'State Actors,' Judge Dismisses Conservative Bias Lawsuit Against Facebook, Twitter, Google, Apple",2020-05-28,AAPL
Intel Falls On News Apple Will Shift Toward In-House Mac Chips,2018-04-02,NVDA
"ICYMI: Super Bowl Commercials, Nvidia, Roku, And A Bitcoin Bull",2018-02-05,NVDA
The Best Performing Stocks Since May 2015,2016-07-11,NVDA
NVIDIA Cuts Q4 Gross Margin Guidance From ~62.5% To ~56.0%,2019-01-28,NVDA
UPDATE: RBC Upgrades NVDA,2014-05-19,NVDA
"UPDATE: FBR Capital Markets Reiterates Outperform Rating, Lowers PT on Nvidia Corporation",2012-07-16,NVDA
A Peek Into The Markets: U.S. Stock Futures Gain; Yellen Testimony In Focus,2017-07-12,NVDA
"ICYMI: Snap Sinks, Bitcoin Trust Splits, Facebook's Facelift, Intel's 'Processor-Gate'",2018-01-12,NVDA
"CEOWORLD Magazine DAILY BUSINESS AND TECH ROUNDUP- JNJ, SNE, AMAT, AMZN, STX, NWS, MSFT, NDAQ, NYX, NVDA, BP, YHOO",2011-04-27,NVDA
"The Market In 5 Minutes: Nvidia's Drive, Russia And Cryptos, And Carbon Emission Limits",2017-10-10,NVDA
"NVIDIA Q2 Adj. EPS $1.94 Beats $1.66 Estimate, Sales $3.12B Beat $3.11B Estimate",2018-08-16,NVDA
NVIDIA shares are trading higher potentially on overall market strength as some states announced their plans to reopen in phases. The company also announced the completion of the acquisition of Mellanox.,2020-04-27,NVDA
"Coronavirus Fears Back On Big Earnings Day As Alibaba, PepsiCo, Nvidia All Report",2020-02-13,NVDA
"Raymond James Maintains Outperform on NVIDIA, Lowers Price Target to $250",2018-11-16,NVDA
"Bulls And Bears Of The Week: Apple, Boeing, FANGs And More",2020-03-15,AAPL
5 Stocks Moving In Thursday's After-Hours Session,2019-05-16,NVDA
"Nomura Downgrades NVIDIA to Reduce, Lowers Price Target to $230",2020-02-25,NVDA
The Secret to Tech's Resilience to COVID-19- Infrastructure Expansion,2020-05-22,AAPL
How To Play Nvidia,2017-08-10,NVDA
GPU Technology Conference Concludes Today,2017-05-11,NVDA
6 Key Themes From Nvidia's Q1,2017-05-11,NVDA
"Market Remains On Edge As Tensions Between U.S., China Continue",2019-08-12,NVDA
Nvidia Urges Gamers To Use Their Gaming PCs To Fight Coronavirus,2020-03-16,NVDA
Jim Cramer Shares His Thoughts On Acacia Communications And Advanced Micro Devices,2016-11-04,NVDA
Does The AMD-Intel Chip Deal Really Matter For Nvidia?,2017-11-07,NVDA
Shares of several technology companies are trading lower on market weakness as investor uncertainty grows following quarterly earnings results from multiple companies. NOTE: This could potentially be a sell-off after the S&P 500 rallied 12.7% over the past month.,2020-05-01,NVDA
"Semiconductor, Memory Related Stocks Appear Largely Unaffected Following Report China's Ministry Of Commerce Has Said Semiconductors Will Be One Group Targeted By New Proposed Tariffs On US",2018-08-03,NVDA
"Cramer Prefers CyberArk Over FireEye, Says NVIDIA Will Benefit From Pokemon Go",2016-07-27,NVDA
6 High Momentum Stocks to Watch next Week,2013-01-07,NVDA
Benzinga's Option Alert Recap From September 15,2017-09-15,NVDA
Seeing Notable Block Trade In Nvidia; 1M Shares At $100.40,2017-03-02,NVDA
"NVIDIA Q2 Adj. EPS $1.24 Beats $1.14 Estimate, Sales $2.58B Beat $2.55B Estimate",2019-08-15,NVDA
What AMD's Q4 Means For The Semi Space,2018-01-31,NVDA
What's Up With Nvidia?,2017-12-12,NVDA
Panasonic's New 4K Tablet Is 12X More Expensive Than Apple's iPad Air,2013-11-08,NVDA
Apple's Next-Gen MacBook Pro Might Change the World of Portable Computing,2012-06-11,NVDA
"Tigress Financial's Ivan Feinseth Reacts To Report Tesla Designing Its Own A.I. Chip For Vehicles, Tells Benzinga He Believes If Tesla Is Designing Chip Will Likely 'Go to somebody like NVIDIA or Skyworks to work on actually making the chip.'",2017-12-08,NVDA
"Benzinga's Top ETF Gainers, March 24th (SOXL, TQQQ, DAG, EGPT)",2011-03-25,NVDA
Watch These 5 Huge Call Purchases In Tuesday Trade,2017-07-18,NVDA
"Pacific Crest Out Cautious On NVIDIA, Warning Of Potential Excess Inventory In Desktop Graphics Card Market",2016-12-12,NVDA
Financial Pro Says Trump 'Solidified' Fears Of Economic Slowdown,2020-03-12,AAPL
"NVIDIA Sees Q2 Sales $3.65B +/- 2% vs $3.15B Estimate, Gross Margins 58.6-66%",2020-05-21,NVDA
"7 Stocks To Watch For May 16, 2019",2019-05-16,NVDA
"Option Traders Make Massive Multimillion Dollar Bets On Nvidia, Microsoft",2020-03-31,NVDA
Option Alert: NVDA Dec16 95.0 Puts: 2542 @ ASK $0.80: 3699 traded vs 678 OI: Earnings 2/15 After Close (est) $96.13 Ref,2016-12-14,NVDA
Shares of several semiconductor companies are trading lower amid continued spread of coronavirus including notable upticks in Iran and Italy. NOTE: The virus has raised fear of a global economic slowdown.,2020-02-24,NVDA
"UPDATE: Nvidia Posts Better-Than-Expected Q1 Revenue, Issues Upbeat Q2 Revenue Forecast",2012-05-11,NVDA
"Stifel Nicolaus Lowers PT On ENS, NVDA",2011-08-12,NVDA
Citigroup Lowers PT On NVIDIA To $18,2011-08-12,NVDA
Top 4 Mid-Cap Stocks In The Semiconductor-Specialized Industry With The Highest ROE,2013-03-07,NVDA
KeyBanc Has Valuation Concerns With Nvidia's Stock,2018-02-09,NVDA
Unfazed FAANGs: Pullback In Apple Didn't Carry Over To Other Big Tech Names,2020-02-19,NVDA
"Shares of several technology, semiconductor, and software companies are trading lower as global markets continue to experience volatility amid the coronavirus spread.",2020-03-05,NVDA
"Loop Capital Maintains Buy on NVIDIA, Raises Price Target to $235.00",2017-11-10,NVDA
"Shares of NVIDIA are trading lower after the company cut Q4 guidance, citing weaker sales in its gaming and datacenter platforms.",2019-01-28,NVDA
"Stocks Which Set New 52-Week High Yesterday, October 2nd",2018-10-03,NVDA
Stocks That Hit 52-Week Highs On Tuesday,2020-05-26,NVDA
Analysts Applaud Intel's Beat-And-Raise Q1 Earnings,2018-04-27,NVDA
Nvidia Shield Can Now Download Games on Google Play Store,2013-10-28,NVDA
"NVIDIA Shares Initially Move Lower, Now Spiking Higher To $263.50 High, Now Down 0.6%",2018-05-10,NVDA
Vetr Crowd Downgrades NVIDIA After All-Time High,2016-11-14,NVDA
"Andrew Left on NVIDIA, Tells Benzinga 'as Good of a Company as NVIDIA is, the Underlying Business Couldn't Keep Up with the Stock Price'",2017-02-23,NVDA
"Raymond James Reinstates Outperform on NVIDIA, Announces $175.00",2017-06-16,NVDA
A Peek Into The Markets: US Stock Futures Rise Ahead Of Economic Reports,2019-11-15,NVDA
"Earnings, Volatility, Brexit Are Key Topics Heading Into February",2019-01-31,NVDA
Why This Analyst Sees 25% Upside In NVIDIA,2019-02-22,NVDA
4 Compelling Trades Ahead Of Thursday's Earnings,2014-05-07,NVDA
"BMO Capital Upgrades NVIDIA to Outperform, Raises Price Target of $425",2020-05-18,NVDA
NVIDIA CEO's Keynote At CES Exceeded Expectations,2017-01-06,NVDA
Volume Production of New iPhone Models to Begin in Q3 2020,2020-06-01,AAPL
"PR Confirms Gamescom News, NVIDIA RTX Platform Brings Real-Time Ray Tracing and AI to Barrage of Blockbuster Games",2018-08-20,NVDA
"Bank of America Maintains Buy on NVIDIA, Raises Price Target to $275",2019-11-15,NVDA
"Benzinga's Bulls & Bears Of The Week: Facebook, Netflix, Twitter, Walmart And More",2018-08-19,NVDA
Many mega-cap stocks trading lower following a tweet from President Trump late Thursday the US will impose a 5 percent tariff on goods from Mexico.,2019-05-31,NVDA
Stocks That Hit 52-Week Highs On Tuesday,2020-02-11,NVDA
US Stock Futures Slightly Up; Economic Data In Focus,2011-08-12,NVDA
Vetr Upgrades Nvidia,2017-12-04,NVDA
Nvidia Suit Says was Forced to Shut Icera Unit Due Qualcomm's 'Unlawful Abuse of Dominance' -Bloomberg,2016-04-06,NVDA
10 Biggest Price Target Changes For Friday,2016-08-12,NVDA
Benzinga's Option Alert Recap From July 28,2017-07-28,NVDA
18 Biggest Mid-Day Gainers For Friday,2016-08-12,NVDA
Mid-Afternoon Market Update: Gold Futures Down 3.5%; PTC Therapeutics Shares Spike Higher,2016-11-11,NVDA
NVIDIA Just Hit It Out Of The Park...Again,2016-05-13,NVDA
NVIDIA Tops Estimates,2011-08-11,NVDA
"Short Sellers Gang Up On Marvell Technology (MRVL, QCOM, STM)",2013-08-27,NVDA
How to Trade a $200 Microsoft Surface Tablet,2012-08-21,NVDA
"IBM, NVIDIA Collaborate on World's Fastest Deep Learning Enterprise Solution",2016-11-14,NVDA
"Canaccord Says Nvidia Chip in New MacBook Lineup is Nice Win for Company, Demand Continues to Outstrip Supply for Nvidia Chips",2012-06-11,NVDA
"Stocks Which Set New 52-Week High Yesterday, September 4th",2018-09-05,NVDA
'I have been a consistent backer of Nvidia. I understood there would be a short raid on it and i was right. No one has been as stalwart as i have been. Join the Club... '-Jim Cramer Tweets,2018-08-21,NVDA
Wednesday December 19th watchlist,2012-12-19,NVDA
"Citigroup Maintains Buy on NVIDIA, Lowers Price Target to $270",2018-11-12,NVDA
"JP Morgan Upgrades NVIDIA to Overweight, Lowers Price Target to $255",2018-10-30,NVDA
52 Stocks Moving In Friday's Mid-Day Session,2019-02-15,NVDA
Podcast: How To Control Your Emotions During Stock Market Madness,2018-04-04,NVDA
"From NVIDIA Investor Session: CEO Says Windows RT Disappointing, Hasn't Sold Enough in Windows RT",2013-03-19,NVDA
Nvidia Soars After Big Q1 Beat,2017-05-09,NVDA
"Apple's Stock Will Outperform Other FAANG Stocks In 2020, Long-Term Future 'Among The Brightest', Munster Says",2020-04-13,AAPL
Semiconductor Advisors Breaks Down The Intel-Mobileye Deal,2017-03-13,NVDA
"Big Chip Earnings Preview: Intel, AMD Set To Report Amid Changing Competitive Landscape, Cycle Risk",2019-01-23,NVDA
Disney Earnings Preview: Will Fox Deal Distract From Everything Else?,2018-02-05,NVDA
Trader Toolkit: Return Of The MACD,2019-09-03,NVDA
"AMD Shares Down 3% Following Earnings, Guidance; NVIDIA Shares Down 1%",2017-01-31,NVDA
"Earnings Scheduled For February 8, 2018",2018-02-08,NVDA
8 Biggest Price Target Changes For Thursday,2017-02-23,NVDA
"Benzinga's Bulls And Bears For The Past Week: McDonald's, Ford, BlackBerry And More",2017-06-04,NVDA
"Big Box Bonanza: Walmart Beats Most Estimates, But Brexit Could Steal Attention",2018-11-15,NVDA
NVIDIA Option Alert: Mar 15 $130 Calls at the Ask: 2250 @ $15.45 vs 374 OI; Earnings 2/7 After Close [est] Ref=$133.27,2018-12-31,NVDA
Options Trading: What Is It And How To Do It?,2020-03-28,AAPL
NVIDIA Raises Quarterly Dividend From $0.15 To $0.16/Share,2018-11-15,NVDA
"Foresight Autonomous Shares Up 18.96%; In Earlier 6-K Filing Presentation, Co. Reported Collaboration With Nvidia In Rail",2018-01-08,NVDA
Shares of several semiconductor companies are trading higher. Strength potentially market related as equities begin to rebound from recent selloffs.,2020-02-26,NVDA
Slew Of Semiconductor Earnings Could Elevate This ETF,2018-07-26,NVDA
"After Tech Brings Misery Tuesday, Stronger GDP Reading Could Inject Optimism",2018-03-28,NVDA
"Market Taking A Step Back: Walmart Misses On Earnings, Apple Lowers Sales Guidance",2020-02-18,NVDA
TD Ameritrade Index Indicates Retail Investors Are At Their Most Bullish Point Yet,2018-01-12,NVDA
UPDATE: Stifel Reiterates On NVIDIA As Strategy Is Playing Out In All Markets,2014-11-07,NVDA
Elon Musk Tweet Replying to @StephenNellis @Tesla: Nvidia makes great hardware. High respect for Jensen & company. Our hardware needs were just unique & matched tightly to our software.,2018-08-16,NVDA
"From NVIDIA Call To Discuss Mellanox Purchase: CFO Says Mgmt. To Focus Rest Of Calendar Year To Close Deal, Notes Approval In US, China Still Needed",2019-03-11,NVDA
"GPU Technology Conference Begins Today; Attendees Include Nvidia, Alibaba, Microsoft, Facebook, Baidu, Alphabet, Lockheed Martin, And Disney's Pixar",2017-05-08,NVDA
"Nvidia's Q2 Likely To Be 'Noisy,' But Goldman Sachs Remains Bullish",2018-08-08,NVDA
7 Stocks You Should Be Watching Today,2015-08-07,NVDA
Nvidia Option Alert: Jan 19 $185 Puts Above Ask!: 500 @ $15.901 vs 101 OI; Ref=$187.8033,2017-09-18,NVDA
"Despite Sustainability Concerns, Analyst Getting Positive On Nvidia And AMD Fundamentals",2017-06-20,NVDA
"Goldman Sachs Downgrades NVIDIA to Buy, Lowers Price Target to $200",2018-11-16,NVDA
Stocks That Hit 52-Week Highs On Friday,2019-12-20,NVDA
UPDATE: FBR Capital Markets Downgrades NVIDIA to Market Perform on PC Weakness,2012-10-19,NVDA
Apple Grows Smartphone Market Share Even As Overall Market Declines At Record Pace,2020-05-04,AAPL
"UPDATE: Wells Fargo Maintains Overweight On NVIDIA, Raises Target To $270 Names Co. Firm's 'top Semi idea into 2020' Driven By Firm's Expectation 'of a meaningful reacceleration in data center growth through 2020' And Continued Strong Notebook Adoption",2019-12-20,NVDA
"Barron's Picks And Pans: Post-Pandemic Ideas, Safe Dividends And More",2020-04-04,AAPL
Sterne Agee Neutral On Nvidia,2011-07-05,NVDA
2020 Mobile World Congress Cancelled Over Coronavirus Fears,2020-02-12,NVDA
Here's What's Coming Up On PreMarket Prep For November 10,2017-11-10,NVDA
"Benzinga's Top Upgrades, Downgrades For June 20, 2017",2017-06-20,NVDA
"Social Media Outlook for Friday May 11 (NVDA, INSP, JPM, CSCO)",2012-05-11,NVDA
Investor Movement Index February Summary,2018-03-06,NVDA
Morgan Stanley Sees Limited Upside for NVIDIA,2014-02-13,NVDA
Cowen Models 30% Upside In Nvidia,2018-05-18,NVDA
"Shares of several technology, semiconductor, and software companies are trading higher, rebounding from Monday's crash. Stocks may also potentially be getting a boost from expectations of further stimulus proposals.",2020-03-17,NVDA
A Peek Into The Markets: US Stock Futures Gain Ahead Of Economic Reports,2020-03-17,AAPL
"B. Riley Maintains Buy on NVIDIA Corporation - Common Stock, Raises to $85.00",2016-10-25,NVDA
"After Nvidia Analyst Day, Wall Street Talks AV Testing, Artificial Intelligence, GPUs",2018-03-28,NVDA
Morning Market Gainers,2015-02-12,NVDA
Wedbush Maintains Outperform Rating and $18 PT on NVIDIA,2011-11-11,NVDA
Nividia to Supply Bosch with Chip for AI Computer for Car -DJ,2017-03-15,NVDA
10 Biggest Price Target Changes For Friday,2020-05-22,NVDA
"Citron's Andrew Left, On CNBC, Says He's Not Currently Short NVIDIA",2017-09-18,NVDA
"Strategist Channels His Inner Elsa, Says Apple Investors Need To Let It Go",2020-03-31,AAPL
"Nomura Downgrades NVIDIA To Reduce, Lowers Price Target To $90",2017-02-23,NVDA
"AMD Share in GPU, PC Markets Could Hit Record Lows in Q1 -DigiTimes",2016-02-24,NVDA
5 Best ETFs Of 2019,2019-12-28,NVDA
"Citron Turns Bullish On Nvidia, But Technicals Still Look Ugly",2018-11-20,NVDA
"Roth Capital Upgrades NVIDIA to Buy, Raises PT to $40.00",2016-05-13,NVDA
Citigroup Raises PT on NVIDIA to $17,2011-11-11,NVDA
2 Companies Well Positioned To Weather The Coronavirus Storm,2020-04-09,AAPL
UPDATE: Bank Of America Upgrades NVIDIA,2014-12-19,NVDA
BlackBerry Could Be An M&A Target For These 10 Companies,2015-03-30,NVDA
"Bernstein Upgrades NVIDIA to Outperform, Raises Price Target to $360",2020-02-19,NVDA
NVIDIA shares are trading higher after the company announced it will acquire Mellanox Technologies for $6.9 billion.,2019-03-11,NVDA
50 Biggest Movers From Yesterday,2019-01-29,NVDA
IC Insights Says Nvidia is Fastest Growing Semiconductor Co for 2016 -DigiTimes,2016-11-16,NVDA
New MacBook Pros Will Have Nvidia Graphics -The Verge,2012-05-15,NVDA
UPDATE: Nomura Cuts PT to $16 on NVIDIA on Weak Guidance,2012-11-09,NVDA
The Consensus On NVIDIA Is Still Pretty Positive,2017-02-13,NVDA
"Apple Looking To Diversify Its Manufacturing Base, Will Make Headphones In Vietnam",2020-05-20,AAPL
"Goldman Sachs Initiates Coverage on NVIDIA at Buy, Announces $54.00 PT",2016-06-02,NVDA
"Shares of several semiconductor companies are trading higher on renewed U.S.-China trade optimisim. A U.S. Treasury spokeswoman said the White House ""is not contemplating blocking Chinese companies from listing shares on U.S. stock exchanges at this time.",2019-10-01,NVDA
Shares of several semiconductor companies are trading higher after China's Ministry of Commerce said the country is willing to work to resolve US trade tensions and does not want any further escalation.,2019-08-29,NVDA
"UPDATE: Bank Of America On NVIDIA Notes 'Overall, we raise FY20E/21E pf-EPS by 4%/1%, and take our PO to $275 from $250, based on 37x CY20E P/E ex-cash (vs. 34x prior) to reflect data center reacceleration'",2019-11-15,NVDA
"Apple, Nvidia, Western Digital: Fast Money Halftime Report Final Trades",2017-10-27,NVDA
Stocks Hitting 52-Week Highs,2014-02-13,NVDA
What To Expect From Nvidia's Analyst Day,2018-03-26,NVDA
Recapping The Semicon West Trade Show: Winners And Losers,2017-07-13,NVDA
Non-Horrible Bosses: Meet The Best CEOs Of 2017,2017-06-21,NVDA
Apple Shipped 2.5M iPhones in China in March,2020-04-14,AAPL
US Stock Futures Up; All Eyes On Disney,2011-11-11,NVDA
Upcoming Earnings: Tesla To Report Q1 Results on Wednesday,2018-05-01,NVDA
Morning Market Movers,2014-04-01,NVDA
NVIDIA shares are trading higher as equities gain amid hopes of a US stimulus agreement. Needham also upgraded the company's stock from Hold to Buy.,2020-03-24,NVDA
Citron's Andrew Left To Appear On CNBC At 5:25pm ET To Discuss NVIDIA,2016-12-28,NVDA
10 Biggest Price Target Changes For Tuesday,2019-10-15,NVDA
Mid-Afternoon Market Update: Dow Gains Over 100 Points; Ubiquiti Networks Shares Drop On Downbeat Earnings,2017-02-10,NVDA
Nvidia Shares Are Overvalued At Current Levels,2017-02-23,NVDA
Shares of several semiconductor companies are trading lower after President Trump signed an executive order restricting companies deemed a national security threat from selling to the U.S. and threatened to blacklist Huawei Technologies.,2019-05-16,NVDA
"UBS Maintains Buy on NVIDIA Corporation - Common Stock, Lowers Price Target to $195",2019-05-17,NVDA
NVIDIA Guides Q3 Revenue $1.06-1.08B vs $1.05B Est; Guides Q3 Tax Rate 15-17%,2011-08-11,NVDA
"AMD Shares Down ~3.8% For Session Amid Comments From Mizuho Suggesting Cryptomining Will Be Less Meaningful For Co., NVIDIA In '18, John Peddie Research Highlighting AMD Is Losing Graphics Market Share Despite Vega",2017-11-28,NVDA
12 Technology Stocks Moving In Monday's Pre-Market Session,2019-11-25,NVDA
The Best Stock Ideas Of 2015,2016-01-05,NVDA
UPDATE: FBR Raises EPS Estimates and PT on NVIDIA to $20,2011-11-11,NVDA
Big Short Interest Swings In Semiconductor Stocks,2015-02-27,NVDA
"Benzinga's Top Downgrades (AHII, NVDA)",2011-05-13,NVDA
Downside In NVIDIA Shares Intensifies Over Last Few Mins. As $148 Level Breaks Down; Shares Down 4% For Session,2018-12-11,NVDA
"Earnings Scheduled For August 15, 2019",2019-08-15,NVDA
Why This Analyst Boosted His Price Target 28% On 'Franchise Pick' Nvidia,2017-10-23,NVDA
23 Stocks Moving In Friday's Pre-Market Session,2018-08-17,NVDA
"Apple Preparing Monthly iPad, Mac Payment Plans for Apple Card",2020-06-06,AAPL
"B of A Securities Reiterates Buy on NVIDIA, Raises Price Target to $420",2020-05-22,NVDA
"AMD Shares Trading 1.7% Higher, NVIDIA Down 2.6%, Micron Down 2.4% Following Q1 Earnings And Q2 Guidance From Intel",2019-04-25,NVDA
Bank Earnings To The Rescue? Market Seeing Some Green After Strong Results,2018-10-16,NVDA
"Earnings Scheduled For August 11, 2016",2016-08-11,NVDA
The Week Ahead: IPOs Ramp Up Just As Earnings Season Fades,2018-02-05,NVDA
Shining Semiconductor ETFs,2017-01-11,NVDA
"NVIDIA Reports Q4 Non-GAAP $0.52, GAAP EPS $0.35 Vs Est $0.32, Sales $1.4B Vs Est $1.31B",2016-02-17,NVDA
"New Year's Benzinga Bulls & Bears: Apple, Disney, Netflix And More",2018-01-07,NVDA
Shares of several semiconductor and large technology stocks are trading higher with the broader market on optimism that coronavirus cases in several US hotspots appear to be reaching their peak.,2020-04-06,NVDA
Encouraging Signs For Semiconductor ETFs,2017-07-12,NVDA
"Morgan Stanley Maintains Overweight on NVIDIA, Raises Price Target to $304",2020-02-14,NVDA
Wednesday December 12th Watchlist,2012-12-12,NVDA
"11 Stocks To Watch For May 10, 2018",2018-05-10,NVDA
Nvidia +1.4% Premarket @$113.00,2016-12-30,NVDA
Report: AMD Navi GPU Could Arrive By Next Year,2017-10-09,NVDA
Shares of several semiconductor companies are trading lower after President Trump announced additional tariffs on Chinese goods.,2019-08-05,NVDA
"Earnings Scheduled For May 7, 2015",2015-05-07,NVDA
Huawei Releases Latest Flagship Phone Amid Global Coronavirus Lockdown,2020-03-27,AAPL
Benzinga's Top #PreMarket Losers,2013-11-18,NVDA
"Canaccord Upgrades Nvidia from Hold to Buy, Raises PT from $13 to $16",2012-06-25,NVDA
"Nomura Stands By Nvidia Downgrade, Recommends More Defensive Names",2017-03-01,NVDA
"Stocks Trading Ex Dividend For Thurs., Nov. 29, 2018",2018-11-29,NVDA
Video: Does The Tech Selling Scare You Away From Buying NVIDIA stock?,2018-02-08,NVDA
"Deutsche Bank Maintains Hold on NVIDIA, Raises Price Target to $240",2018-05-08,NVDA
REMINDER: NVIDIA CEO To Present At CES Sunday Jan. 7th 11pm ET,2018-01-05,NVDA
NVIDIA Corporation Pops on Q3 Results,2011-11-10,NVDA
Ad Sales Decrease With Covid-19 But Digital Holds The Key,2020-03-30,AAPL
"Top 10 Movers Via Benzinga Pro's Screener Tool For Morning of Friday., August 16, 2019",2019-08-16,NVDA
Deutsche Bank Expects In-Line Revenues For NVIDIA,2014-11-04,NVDA
Stocks That Hit 52-Week Highs On Friday,2020-01-24,NVDA
Semiconductors Are Leading To Another Tectonic Shift In Computing: Which Players Will Be Beneficiaries?,2017-07-10,NVDA
"UBS Initiates Coverage On NVIDIA with Neutral Rating, Announces $250.00 Price Target",2018-04-05,NVDA
"Wedbush Maintains Outperform on Apple, Raises Price Target to $350",2020-05-12,AAPL
"Stocks Which Set New 52-Week High Yesterday, August 30th",2018-08-31,NVDA
"ICYMI: Digital Power Shares Sink On News, Unexpected Winners From A Tesla Report, And Will Bitcoin Go Boom Or Bust?",2017-12-09,NVDA
Needham Downgrades NVIDIA to Underperform,2019-01-29,NVDA
"Nomura Initiates Coverage On NVIDIA with Neutral Rating, Announces $147 Price Target",2019-04-03,NVDA
Nvidia Says on June 2 Entered into Agreement With Goldman Sachs to Terminate Remaining 11.5M Outstanding Warrants to Purchase Shares of Nvidia Common Stock -8-K,2017-06-05,NVDA
NVIDIA shares are trading lower after Bernstein downgraded the stock from outperform to market preform and lowered the price target from $250 to $175.,2019-02-11,NVDA
"Benzinga Pro's Top 10 Most-Searched Tickers For Morning Of Fri., Feb. 15, 2019",2019-02-15,NVDA
Telemedicine A COVID-19 Winner,2020-05-19,AAPL
Option Alert: NVDA May16 32.5 Puts Sweep: 523 @ ASK $0.54: 841 traded vs 205 OI: Earnings today After Close $35.56 Ref,2016-05-12,NVDA
"Disney, Time Warner Likely To Capitalize On Augmented Reality; Pokémon GO Prompts Other Game Proposals",2016-07-19,NVDA
"Benzinga's Top Upgrades, Downgrades For November 13, 2018",2018-11-13,NVDA
Old Tech Vs. New Tech: Which Will Be Better Investments For 2017?,2017-01-24,NVDA
Susquehanna Upgrades Mellanox Technologies Ahead Of Chinese Decision On Nvidia Deal,2020-02-18,NVDA
Shares of several semiconductor companies are trading lower in sympathy with Advanced Micro Devices after the company issued Q3 sales guidance below analyst estimates.,2019-07-31,NVDA
A Recap Of Social Media Earnings,2020-05-06,AAPL
NVIDIA 10-Q Discusses Crypto Mining Impact On Q3 Earnings,2018-11-15,NVDA
"Brean Sees Yellow Flags At Nvidia, Cites Expected FCF Contraction Following Final Intel Royalty Pmt In Q1 2018, Notes Nvidia Litigation Efforts Against Samsung & Qualcomm To Secure Additional IP Revenue Streams",2015-08-07,NVDA
"Benzinga Pro's Top 10 Most-Searched Tickers For Wed., Mar. 28, 2018",2018-03-28,NVDA
"Earnings Thoughts Turn To Retail Later This Week, But Uber Starts Parade Today",2019-11-04,NVDA
"UPDATE: Citron's Andrew Left Issues New Note: Says Closing Short in NVIDIA, Transferring Short to Mobileye",2017-02-24,NVDA
"B. Riley FBR Downgrades NVIDIA to Neutral, Lowers Price Target to $190",2018-11-16,NVDA
Global Payments Firm Papaya Global Publishes International COVID-19 Crisis Guides For Employers,2020-04-08,AAPL
Foxconn Has Secured Enough Workers To Meet 'Seasonal Demand' At All Major Chinese Plants,2020-03-23,AAPL
"UPDATE: Raymond James Maintains Outperform On Apple, Raises Target To $340 Notes 'our optimism for the stock is about 2021. We think upgrades to 5G are inevitable'",2020-05-01,AAPL
"Benzinga Pro's Top 10 Most-Searched Tickers For Morning Of Wed., Nov. 21, 2018",2018-11-21,NVDA
"Benzinga Pro's Top 10 Most-Searched Tickers For Afternoon Of Tues., Aug. 21, 2018",2018-08-21,NVDA
Oppenheimer Reiterates Underperform on Advanced Micro Devices,2011-09-29,NVDA
"Pacific Crest OUt Negative on NVIDIA, Management Calling Around Talking Down Q2 Numbers Saying Gaming Unlikely To Grow QoQ, Saying Possibly Pause In Data Center Segment",2017-02-10,NVDA
"Barron's Picks And Pans: Roundtable Picks, Airline And Oil Stocks, And More",2020-03-14,AAPL
"Deutsche Bank Maintains Hold on NVIDIA, Raises Price Target to $315",2020-05-22,NVDA
"NVIDIA Q4 EPS $0.80 vs $0.75 Reuters Estimate, Sales $2.21B Beat $2.2B Reuters Estimate",2019-02-14,NVDA
Mid-Day Market Update: Mirati Therapeutics Climbs Following Positive Sitravatinib Data; First Internet Bancorp Shares Slide,2017-09-15,NVDA
Watch These 8 Huge Call Purchases In Wednesday Trade,2017-05-10,NVDA
"Oppenheimer On Feb. 11 Previewed NVIDIA Earnings, Said Sees 'negative bias to Street Q1 sales/EPS,' Noted Q4 Guidance Cut Stemmed From 'lingering Pascal-crypto drag, though most of the incremental weakness came from DC and high-end Turing GPU demand'",2019-02-14,NVDA
Intel Starts Off Earnings Season For Chip-Maker Group With A Thud,2016-01-15,NVDA
"Needham Downgrades NVIDIA Corporation to Hold, Removes $17.00 PT",2013-02-14,NVDA
NVIDIA Says CAO David Shannon To Retire At End Of 2016,2016-06-21,NVDA
"Benzinga's Top Upgrades, Downgrades For May 3, 2018",2018-05-03,NVDA
"UPDATE: Morgan Stanley Downgrades NVIDIA As Firm Notes 'Missing the quarter this badly in gaming indicates more significant challenges than we had anticipated, given that this is still a channel fill quarter for midrange/high end'",2019-01-29,NVDA
Nvidia Adds 2.50% (NVDA),2011-04-28,NVDA
Retail Investors Keep Buying This Market,2017-11-13,NVDA
Comcast's Peacock Takes Well-Timed Flight,2020-04-16,AAPL
"Cascend Maintains Buy on NVIDIA, Raises Price Target to $380",2020-05-22,NVDA
"'Busiest Trading Day Ever': Brokerages, Retail Clients React To Volatility",2018-02-06,NVDA
Analysts React To Nvidia's Guidance Cut,2019-01-29,NVDA
10 Biggest Price Target Changes For Friday,2020-02-14,NVDA
Nomura Upgrades NVIDIA to Neutral,2017-11-10,NVDA
Qualcomm to Replace NVIDIA for Google's Next-Gen Nexus 7,2013-03-19,NVDA
Tech Wreck Has Traders Getting Cozy With Bearish Chip ETF,2018-03-28,NVDA
"The Market In 5 Minutes: Budget Deal, MoviePass, Nvidia, And More",2018-02-09,NVDA
Nomura Comes Out Of Meeting With Nvidia CEO Convinced Stock Is Now A Buy,2016-06-14,NVDA
NVIDIA Corporation Reports Q2 EPS of $0.29 vs $0.20 Est; Revenue of $1.10B vs $1.08B Est,2014-05-08,NVDA
"Oppenheimer Bullish On Nvidia, Cautious On AMD, Intel",2019-06-13,NVDA
"Trump, Intel, TSMC Plan US 'Self-Sufficiency' In Semiconductors As Coronavirus Gives Supply-Chain Scare",2020-05-11,AAPL
"Shares of several semiconductor companies are trading higher after Kudlow and Mnuchin invited U.S. tech companies to discuss the Huawei ban; Goldman Sachs upgraded companies in the sector, believing excess inventory will be depleted more quickly.",2019-07-22,NVDA
Fast Money Traders Share Their Chip Picks,2017-07-13,NVDA
"US Senator Blumenthal Says Apple, Google Have A 'Lot Of Work To Do' To Convince People Coronavirus Contact Tracing Will Not Violate Privacy",2020-04-15,AAPL
Goldman Sachs Met With Semiconductor Giants; Here's What Happened,2015-05-28,NVDA
"Credit Suisse Initiates Coverage On NVIDIA with Outperform Rating, Announces $225 Price Target",2018-11-26,NVDA
"Strategist Discusses Options And Volatility In Disney, NVIDIA And Weight Watchers Ahead Of Earnings",2015-11-05,NVDA
Shares of several technology companies shares are trading higher in sympathy with the overall market.,2019-08-21,NVDA
Nvidia Says PC Market Will Face Headwinds; Full-Year Forecast No Longer Valid,2012-02-15,NVDA
"NVIDIA Shares Rally Amid Rumor of Greenlight Stake, Einhorn Spokesperson Declines Comment",2014-04-03,NVDA
Traders Circulating Unconfirmed Takeout Chatter On Nvidia,2017-03-22,NVDA
Shares of several technology stocks are trading lower amid demand and supply chain disruption concerns driven by coronavirus.,2020-03-16,NVDA
Is NVIDIA's Tablet-Fueled Rally Sustainable?,2012-06-20,NVDA
"Canaccord Genuity Maintains Buy on Apple, Raises Price Target to $310",2020-05-01,AAPL
"Blueshift Ideas Positive On ARM Holdings, Tablets As A Whole",2011-06-09,NVDA
Mid-Day Market Update: Crude Oil Down 3%; Proteon Therapeutics Shares Spike Higher,2017-05-10,NVDA
Disney Shares Climb 7% As Video On Demand Service Crosses 50M Subscribers,2020-04-09,AAPL
"Pacific Crest Out Positive On NVIDIA Data Center Sales, Says Should Be Lifted Higher From Amazon and Google Orders",2017-02-07,NVDA
IHS Says Expecting Semi Sales Up Almost 5% to Around $317.9B in '13,2013-12-03,NVDA
NVIDIA Unveils World's First AI Computer Aimed At Making Robotaxis A Reality,2017-10-10,NVDA
J.P. Morgan Upgrades NVIDIA Corporation To Neutral (NVDA),2011-03-08,NVDA
NVIDIA Q1'16 Earnings Conference Call: Full Transcript,2016-05-13,NVDA
Heading South: G20 Meeting In Argentina Puts China Trade Squarely in Focus,2018-11-30,NVDA
"AMD, Nvidia Among Bank Of America's 9 Top Picks In A Q3 Strong For Semis",2017-10-03,NVDA
"Cramer Shares His Thoughts On Yext, Workday And More",2020-04-16,NVDA
Jim Cramer Thinks Nvidia Remains A 'Frighteningly Positive Story',2017-02-10,NVDA
Amazon Rising On Tablet Rumors,2011-05-23,NVDA
"Stocks to Watch for April 11, 2013",2013-04-11,NVDA
10 Biggest Price Target Changes For Wednesday,2018-12-12,NVDA
18 Biggest Mid-Day Losers For Friday,2017-08-11,NVDA
"NVIDIA Sees Q4 Sales $2.65B +/- 2% vs $2.43B Est., Adj. Gross Margins ~60% +/- 50 Bps",2017-11-09,NVDA
Earnings Preview for Nvidia (NVDA),2011-05-11,NVDA
"Cramer Says The AMD Party Is Over, Calls Out Twitter Trolls",2017-10-27,NVDA
"UPDATE: Citi Maintains Buy On NVIDIA, Raises Tgt To $245 Notes 'We like the stock setup on improving Y/Y comps next couple of quarters and believe NVDA offers the best programmable data center computing platform that can be scaled with high software moat'",2019-11-15,NVDA
"Stocks Which Moved Lower Last Time There Was Major Cryptocurrency News (Dec. 22), But Are Higher Pre-Market Thurs.: On Track Innovation Shares Up 2.5%, Seven Stars Cloud 1.4%, Social Reality 1%, AMD 0.5%, NVIDIA 0.3%",2017-12-28,NVDA
A Peek Into The Markets: US Stock Futures Signal Higher Start On Wall Street,2020-04-17,AAPL
21 Technology Stocks Moving In Friday's Pre-Market Session,2020-03-06,NVDA
"Cascend Upgrades NVIDIA to Buy, Announces $190 Price Target",2019-07-11,NVDA
Watch These 5 Huge Put Purchases In Thursday Trade,2016-12-15,NVDA
"Apple Makes Available Its Mobility Data To Aid In Coronavirus Efforts, Says Trends Tool From Apple Maps Can Help Mitigate Spread Of Virus",2020-04-14,AAPL
"Benzinga Pro's Top 10 Most-Searched Tickers For Morning Of Tues., Nov. 20, 2018",2018-11-20,NVDA
"The Market In 5 Minutes: Draghi, iPhones And Warriors",2016-06-02,NVDA
Will FANG Lead The Market Rebound?,2020-04-09,AAPL
Robotics Analyst: Nvidia's AI Developments Don't Change The Self-Driving Car Timeline,2017-10-10,NVDA
"Fed On Center Stage As Jackson Hole Meeting Starts, With Powell Speech Friday",2018-08-23,NVDA
Oppenheimer Upgrades Nvidia: 'We See Continued Outsized Growth',2018-08-17,NVDA
Technical Alert: Nvidia Corp Attempts To Make New All-Time-High,2016-10-24,NVDA
A Peek Into The Markets: U.S. Stock Futures Signal Lower Start On Wall Street,2017-05-10,NVDA
15 Biggest Mid-Day Gainers For Wednesday,2016-12-14,NVDA
"Deutsche Bank Maintains Buy on Apple, Raises Price Target to $320",2020-05-27,AAPL
Stocks Hitting 52-Week Highs,2016-05-16,NVDA
15 Stocks With A High Current Ratio,2019-11-04,NVDA
MKM: It's Time To Buy Nvidia,2015-11-06,NVDA
"Topeka Capital Initiates Coverage on NVIDIA Corporation at Hold, Announces $15.00 PT",2013-05-23,NVDA
Roth Capital Downgrades NVIDIA To Neutral,2017-02-06,NVDA
NVIDIA Shares Not Reacting As Traders Circulate Rumor Softbank Purchased Stock,2017-11-29,NVDA
Carter Worth And Mike Khouw's Apple Trade,2020-04-27,AAPL
"Rosenblatt Maintains Buy on NVIDIA, Raises Price Target to $400",2020-05-22,NVDA
"The Market In 5 Minutes: Following Ruling Against Immigration Ban, Trump Says 'See You In Court'",2017-02-10,NVDA
Technical Alert: Nvidia Corp Range Bound,2016-11-28,NVDA
"Loup Venture's Austin Bohlig Tells Benzinga While Nvidia Has Slight Advantange In GPU space, 'AMD has made great progress...much more competitive today'",2017-10-10,NVDA
The Semiconductor Stocks That Fund Managers Love And Hate,2018-07-05,NVDA
NVIDIA Is Up 190% In 2016: Here's Why You Should 'Jump On Board' For 2017,2016-12-14,NVDA
Nvidia Could Make Nearly $2 Billion In 2 Years From Toyota Self-Driving Car Deal,2017-07-10,NVDA
Report: AMD Prepping For Launch Of 'Nvidia Killer' Graphics Card In Mid-2020,2019-08-12,NVDA
"UPDATE: Mizuho On NVIDIA Notes Co's 'strong position in gaming, DC growth, low inventories, and good GM positions it well for F21E(Jan)'",2019-11-15,NVDA
NVIDIA Corporation Reports Q3 EPS $0.35 vs $0.26 Est; Revenues $1.07B vs $1.06B Est,2011-11-10,NVDA
120 Biggest Movers From Yesterday,2020-03-25,AAPL
Cramer: AMD Needs To Take Advantage Of Intel's 'Messy' Security Issues,2018-01-04,NVDA
"NVIDIA Raises Qtr. Dividend From $0.115 To $0.14/Share, Authorizes Additional $2B Buyback",2016-11-10,NVDA
Option Alert: NVDA Jun16 42.0 Calls Sweep: 682 @ ASK $2.36: 704 traded vs 12k OI: $43.50 Ref,2016-05-19,NVDA
NVIDIA shares are trading higher despite no company-specific news. This could potentially be a rebound im sympathy with the overall market.,2019-10-03,NVDA
"NVIDIA Shares Up 3% Wed. Morning Following 3% Rebound Tues.; Stock Coming Off Its Fourth-Worst 2-Day Stretch, Had Fallen 28.5% Over Fri., Mon. Sessions",2018-11-21,NVDA
NVIDIA Continues With Yo-Yo Action,2016-12-14,NVDA
"Chip Makers Trading Higher During India's GTCx Conference, NVIDIA up 2.04%",2016-12-05,NVDA
'China Hasn't Started Remedy Talks On Mellanox/NVIDIA' - Deal Reporter,2020-01-17,NVDA
Amazon To Manufacture Face Shields And Sell Them At Cost,2020-05-15,AAPL
Three Industries Already Using Self-Driving Vehicles,2018-06-06,NVDA
Citi Says Concerns Related To NVIDIA And Gaming Market Are 'Misleading',2017-04-05,NVDA
"NVIDIA Shares Unaffected As Traders Circulate Word From Jefferies Suggesting GPU-Card Maker In Contact With Firm Suggested Co. Stopped Shipping GPUs To It During Second Half Of Oct., Card Maker Sees H2'19 Unit Growth In 15-20% Range",2019-11-14,NVDA
"Bank Of America Results Keep Financial Sector Flowing, With Netflix In Focus Later",2019-10-16,NVDA
Sony Developing a Microsoft Surface-Inspired Tablet,2012-07-31,NVDA
"From NVIDIA Q1 Earnings Conference Call: CFO Says Co.'s Supply Situation Is 'Easing,' Channel Prices For GPUs Normalizing",2018-05-10,NVDA
NVIDIA shares are trading higher after BMO Capital upgraded the company's stock from Market Perform to Outperform and raised its price target from $285 to $425.,2020-05-18,NVDA
9 Stocks Moving In Thursday's After-Hours Session,2019-01-24,NVDA
Benzinga Pro's 6 Stocks To Watch Today,2018-02-09,NVDA
"Is NVIDIA's Tegra K1 On Par With PlayStation 4, Xbox One?",2014-01-09,NVDA
NVIDIA Says Will Shift Its GTC Chip Conference Scheduled For Mar. 22-26 To Only Online,2020-03-02,NVDA
"Tech Sector Earnings: Revenue Growth Widely Expected To Slow, Will Global Uncertainty Weigh?",2019-01-16,NVDA
Apple CFO Says Expects YoY Revenue Performance To Improve In Jun. Qtr,2020-04-30,AAPL
"Citi Defending NVIDIA, Says Sell Side Gaming Market Saturation Concerns On Stock Both Near-Term and Misleading",2017-04-05,NVDA
"Morgan Stanley Maintains Equal-Weight on NVIDIA, Raises price target to $258.00",2018-02-09,NVDA
Here's What Investors Were Buying And Selling In August,2017-09-06,NVDA
Investor Movement Index Summary: September 2019,2019-10-07,NVDA
"Stocks Which Set New 52-Week High Friday, August 24th",2018-08-27,NVDA
AMD Might Be Working With Tesla On An AI Chip,2017-09-20,NVDA
"Morgan Stanley Downgrades NVIDIA Corporation to Underweight, Announces $13.00 PT",2013-11-18,NVDA
A Look Back At What's Happened To Each Sector Through The First Half Of 2018 (Part 1),2018-06-19,NVDA
Mid-Afternoon Market Update: Dow Rises Over 50 Points; T2 Biosystems Shares Plummet,2017-09-15,NVDA
Nvidia Remains JMP's 'Best Idea'...Here's Why,2015-05-27,NVDA
Goldman Sachs Shares Semiconductor Stock Picks For A Challenging 2019,2019-01-08,NVDA
Watch These 7 Huge Call Purchases In Wednesday Trade,2016-12-07,NVDA
Nvidia Option Alert: Fri $177.5 Calls Sweep (53) at the Bid: 1522 @ $0.538 vs 894 OI; Ref=$166.455,2017-07-17,NVDA
"Shares of several technology, software, and semiconductor companies are trading higher as stocks move higher following Monday morning Fed stimulus action.",2020-03-23,NVDA
Nvidia Option Alert: Nov 3 $177.5 Puts Sweep (33) at the Ask: 759 @ $0.73 vs 625 OI; Ref=$194.63,2017-10-18,NVDA
BMO Capital Upgrades NVIDIA to Market Perform,2017-11-13,NVDA
"UPDATE: Morgan Stanley On Apple Notes 'With increased confidence in the 5G iPhone launch and stretched iPhone replacement cycles, Apple remains top pick'",2020-05-01,AAPL
"FBR Capital Markets Previews NVDA 1Q11 Earnings, 2Q11 Guidance",2011-05-10,NVDA
US Stock Futures Up; Cisco Shares Jump In Pre-Market,2011-08-11,NVDA
NVIDIA Guides Q3 Revenue $1.15-1.25B vs $1.23B Est,2012-09-13,NVDA
"Bank Of America: AMD, Cavium And Cypress Could All See 50% Upside",2017-03-02,NVDA
"'Nvidia's GeForce Now is finally out of beta, challenges Google Stadia at $5 a month' -TheVerge; NVIDIA Shares Not Seeing Huge Reaction",2020-02-04,NVDA
5 Biggest Price Target Changes For Monday,2017-10-23,NVDA
"Citron's Andrew Left On CNBC Says It's Hard To Gauge Whether NVIDIA Is A Outlier, Says Co. Priced Perfectly Right Here",2017-03-13,NVDA
Today's Top Winners in Mid-Cap Tech,2012-07-18,NVDA
No Surprise: Guess What Market Is Leading Post-Virus Equity Rebound,2020-06-05,AAPL
Nvidia Announces Pascal Chip,2014-03-25,NVDA
"Apple shares are trading lower after the company reported revenue growth, which remained flat year over year.",2020-05-01,AAPL
"6 Stocks To Watch For November 15, 2019",2019-11-15,NVDA
"UPDATE: BMO Capital Markets Reiterates Market Perform Rating, Lowers PT on NVIDIA Corporation",2012-11-05,NVDA
NVIDIA shares are trading lower in sympathy with Texas Instruments after the company reported weak Q3 sales results and issued Q4 sales guidance below analyst estimates.,2019-10-23,NVDA
"Loup Ventures Says Believes It Is Still Likely Apple Will Host A Fall 5G iPhone Launch; Notes China Manufacturing And Assembly, Including Some Apple Partners Are Starting To Ramp Up Production",2020-03-27,AAPL
"Apple Today, Powell Tomorrow: Busy Earnings And Fed Week Continues",2019-01-29,NVDA
"The Stocks That Moved The S&P, Dow And Nasdaq Today",2016-03-23,NVDA
CME To Shut Down Chicago Trading Floor Over Coronavirus Concerns,2020-03-12,AAPL
Friday the 13th Somewhat Scary in the Markets 05-13-2011,2011-05-13,NVDA
10 Technology Stocks Moving In Thursday's Pre-Market Session,2020-01-16,NVDA
"Jim Cramer Shares His Thoughts On Roku, Gilead And More",2019-10-09,NVDA
NVIDIA Press Release Highlights Series Of Important Advances To Deep Learning Computing Platform,2018-03-27,NVDA
"Benzinga's Top ETF Gainers, April 18th (EDZ, DPK, SOXS, TVIX)",2011-04-18,NVDA
"Lukewarm Results Expected At NVIDIA Despite Strong Demand, Continued Gains",2015-05-07,NVDA
"JP Morgan Maintains Overweight on Apple, Lowers Price Target to $335",2020-04-08,AAPL
How Nvidia Historically Trades Following Earnings,2018-11-15,NVDA
Shares of several technology companies are trading higher amid market strength after US job loss figures came in better than expected. The sector has been strong recently as several companies reported strong earnings and benefited from online services.,2020-05-08,NVDA
Nearly 200 S&P 500 Stocks Are Now In Correction Territory,2017-01-10,NVDA
TD Ameritrade Investor Movement Index: Bullish Retail Investors Push IMX Above 7.0 For First Time,2017-08-07,NVDA
Jefferies Upgrades NVIDIA On Virtual Reality 'Kicker',2015-09-17,NVDA
The Show Must Go On – Event Industry Rising To The Challenge Of COVID-19,2020-04-08,AAPL
Apple shares are trading higher after it was reported the company shipped 2.5 million iPhones in China in March.,2020-04-14,AAPL
"Wedbush Maintains Outperform on NVIDIA, Raises Price Target to $311",2020-02-14,NVDA
Watching Apple Shares; Hearing Traders Circulating Word Of Earlier Article From China Publication Suggesting Apple Cut Orders From China Suppliers,2020-04-08,AAPL
Benzinga's Top Upgrades,2016-06-13,NVDA
Wall Street Weighs In On Pricy NVIDIA After Stellar Earnings,2015-11-06,NVDA
"Loop Capital's ""Loop Around The Valley"" Semiconductor Conference Takes Place Today, Attendees Include Cypress Semiconductor, Broadcom, Nvidia, Cavium, & Maxim Integrated Products",2017-03-16,NVDA
"Bulls And Bears Of The Week: IBM, Microsoft, Tesla And More",2020-01-18,NVDA
NVIDIA Shares Largely Unaffected Following Citron Tweet 'Not a story of shorts vs $NVDA it is $NVDA vs $GOOG...Shorting into earnings.',2018-05-08,NVDA
"Starboard Value Comments Following News Of NVIDIA Offer To Mellanox, Says Has Sold Its Entire Position In Mellanox",2019-03-12,NVDA
Investor Movement Index December Summary,2018-01-09,NVDA
Chip and semiconductor stocks are trading lower; Dip may be related to ongoing concerns over China growth and trade talks.,2019-01-22,NVDA
AI In Focus: 3 Pure-Play Stocks That Hold Promise,2017-12-11,NVDA
Reuters Tech News Tweets: JUST IN: House panel votes 54-0 to approve legislation to speed deployment of self-driving cars,2017-07-27,NVDA
Shares of companies in the semiconductor space are trading higher amid US-China trade optimism. The sector has China exposure and has been highly affected by trade tensions this year.,2019-10-21,NVDA
"Nomura Maintains Buy on NVIDIA Corporation, Lowers PT to $15.00",2013-02-14,NVDA
"Walmart Earnings Look Strong Across the Board, But Home Depot Down After Missing on EPS",2020-05-19,AAPL
Benzinga's Top Upgrades,2015-08-03,NVDA
Benzinga's Top Downgrades,2015-06-10,NVDA
Wednesday February 6th Watchlist,2013-02-06,NVDA
"Benchmark Assumes NVIDIA at Buy, Announces $210 Price Target",2019-08-21,NVDA
"IBM Discontinues Facial Recognition Technology, Says It Can't Condone 'Racial Profiling' Or 'Mass Surveillance'",2020-06-09,AAPL
"UPDATE: Cascend Maintains Buy On NVIDIA, Raises Target To $240 'on continued hyperscale AI development and fewer GPU price cuts (benefiting margins)'",2019-11-12,NVDA
Munster On Nvidia's Q4: 'Its Products Are A Foundational Part Of The Future Of Technology',2018-02-09,NVDA
9 Technology Stocks Moving In Tuesday's Pre-Market Session,2019-12-03,NVDA
Microsoft To Unveil New Surface Tablet September 23 (MSFT),2013-09-09,NVDA
"8 Stocks To Watch For May 21, 2020",2020-05-21,NVDA
"NVIDIA Says Auto, Gaming, Hi-Pewrformance Computing Remains Health, Sees Very Soft Market For PC OEMS, Gaming Business Growing YoY In Q2",2015-05-07,NVDA
So-Called 'MAGA' Stocks Lose $1T Market Value In A Single Day,2020-03-17,AAPL
Nvidia Option Alert: Jun 15 $180 Puts at the Bid: 900 @ $22.851 vs 882 OI; Ref=$180.67,2017-10-05,NVDA
What To Do With Nvidia's Stock After 20% Fall?,2018-11-16,NVDA
Trading Journal: Look For Near-Term Weakness In Nvidia,2018-10-05,NVDA
Benzinga's Top Initiations,2016-03-18,NVDA
"Nvidia Is 'En Fuego,' Analyst Lifts Target Price To $225",2017-11-10,NVDA
5 Biggest Price Target Changes For Monday,2017-08-14,NVDA
Consumer Reports Withholds Recommendation From Microsoft's Surface Book 2,2017-10-18,NVDA
Looking Beyond The Shiny Surface Of Nvidia's Big Q2 Beat,2017-08-11,NVDA
Twitter Expects Q1 Operating Loss As Pandemic Hurts Ad Sales,2020-03-24,AAPL
A Soaring Actively Managed Fund,2017-06-05,NVDA
Benzinga's Top Initiations,2016-07-15,NVDA
Tech Sector Set To Lead Stocks Lower Again,2017-06-12,NVDA
"Najarian Brothers See Unusual Options Activity In Melco, Pfizer, Nvidia and Abbvie",2017-10-30,NVDA
Bull & Bear Takeaways From Nvidia's Q1 Beat,2017-05-10,NVDA
38 Stocks Moving In Friday's Mid-Day Session,2018-02-09,NVDA
"Traders Attributing Recent Volatility In NVIDIA To Intel's Announcement of New FPGA For Industrial, Automotive Markets",2017-02-13,NVDA
"American Airlines, Cypress Semi, Macy's, Nvidia: Fast Money Picks For October 10",2017-10-10,NVDA
NVIDIA shares are up 4.5% after analysts at JP Morgan upgraded the stock from 'Neutral' to 'Overweight'; Analysts said the company will continue to see outsized growth and clear leadership in data center/HPC and gaming over the next few years.,2018-10-30,NVDA
NVIDIA Shares Unaffected Following Report 'Nvidia Plans To Buy Cumulus Networks In Networking Software Play',2020-05-04,NVDA
Apple Drops Nvidia Kepler From Large Numbers Of Laptops -Semi Accurate,2012-03-13,NVDA
"UPDATE: B of A Securities Reiterates Buy On Apple, Raises Target To $310 Notes 'To guide or not guide; that is the question'; Firm Expects 'AAPL to report F2Q well below consensus (not fully adjusted) and to guide well below consensus as well'",2020-04-27,AAPL
"B. Riley FBR Maintains Buy on NVIDIA, Lowers Price Target to $240",2018-11-13,NVDA
NVIDIA Sees Q2 Adj. Gross Margins 59.5% +/- 50 Bps,2019-05-16,NVDA
"Can Microsoft's Surface 2 Save NVIDIA's Tegra 4? (MSFT, NVDA)",2013-07-05,NVDA
"Apple shares are trading higher despite market weakness, not currently seeing company-specific news. It was reported the company is expected to begin iPhone 12 production in July.",2020-06-09,AAPL
Spread of Coronavirus Beyond China to Impact 2020 Semiconductor Market,2020-03-03,NVDA
"3M, Trump Strike Deal To Import 166.5M Masks From China, Company To Continue To Supply Abroad",2020-04-07,AAPL
"Stocks Which Set New 52-Week Low Yesterday, Mon., Nov. 19, 2018",2018-11-20,NVDA
All Apple Stores Outside Of China To Temporarily Close,2020-03-14,AAPL
"Mid-Morning Market Update: Markets Mostly Flat; Jobless Claims Drop To 265,000",2016-12-29,NVDA
Report: FBI Seizes Sen. Richard Burr's Phone In Investigation Of Coronavirus Stock Sell-Off,2020-05-14,AAPL
Analyst: Tesla's Self-Driving Technology Is 'Exaggerated',2017-09-20,NVDA
"GM, Disney In Focus Along With Friday's Payrolls Data As Stocks Appear Shaky To Start New Week",2020-05-04,AAPL
"Apple To Give Masks To Customers Inside Retail Stores, Company To Let Customers Choose Product Pick Up Times Online",2020-05-08,AAPL
This Tech Analyst Loves Cybersecurity Stocks in 2017,2017-01-09,NVDA
"NVIDIA Reports Q2 Adj. EPS $0.34, GAAP EPS $0.05, Sales $1.153B vs $1.01B Est.",2015-08-06,NVDA
"Winifred Jiau, First Woman Arrested In FBI Insider Trading Probe, Should Get Sentence of Up to 10 Years, US Says",2011-09-12,NVDA
"Barron's Picks And Pans: Apple, Altria, Micron Technology, Nvidia And More",2019-02-23,NVDA
Bank of America Lowers PT On NVIDIA To $26,2011-05-13,NVDA
Shares of NVIDIA Not Responding to Headlines Shipment of SHIELD Gaming Device Delayed til Next Month,2013-06-26,NVDA
Option Alert: NVDA Fri 6/24 47.0 Puts (Wkly) Sweep: 689 @ ASK $1.12: 3758 traded vs 136 OI: Earnings 8/4 $46.69 Ref,2016-06-17,NVDA
"4 Semiconductor Stocks Grossly 'Underowned', According To Bank Of America",2018-03-08,NVDA
Not Just Fun And Games: How Esports Could Offer Potential Investment Opportunities,2020-05-12,AAPL
Steel Is For Real,2017-08-31,NVDA
"FBR Capital Markets Maintains Nvidia at Outperform, Raises PT from $15 to $17",2012-08-07,NVDA
UPDATE: NVIDIA Shares Down 1.2% In Pre-Market Trade; Not Yet Seeing Any News To Justify Move Lower,2017-12-12,NVDA
"Earnings Expectations For The Week Of February 10: AIG, Cisco, Deere, PepsiCo And More",2014-02-10,NVDA
Earnings Expectations for the Week of February 13,2012-02-12,NVDA
"US Stock Futures Up After Strong Euro-Zone Growth; Gold, Silver Futures Rise",2011-05-13,NVDA
The Market In 5 Minutes: Jobless Claims Fall,2016-12-29,NVDA
Stocks To Watch For August 12,2011-08-12,NVDA
Mid-Afternoon Market Update: Dow Falls Over 100 Points; CarGurus Shares Slide,2020-02-14,NVDA
"Home, Home on the Range 08-12-2011",2011-08-15,NVDA
"Barron's Picks And Pans: Cisco, Gilead, Netflix, Wayfair And More",2020-05-17,AAPL
"Shares of several technology companies are trading lower amid continued US-China trade concerns. Proposed tariffs between the two nations could raise input costs, while trade tensions could hurt tech companies with China exposure.",2019-05-13,NVDA
Analyst On Advanced Micro Devices: 'Margins Not Ryzen',2017-05-02,NVDA
"Susquehanna Maintains Positive on NVIDIA, Raises Price Target to $330",2020-03-31,NVDA
Rambus Rises 14% Pre-Market on Patent License Agreement with NVIDIA,2012-02-08,NVDA
"Evercore Partners Reiterates Underweight, $12 PT on NVIDIA",2012-02-22,NVDA
Nvidia Option Alert: Mar 16 $130 Calls at the Ask: 10000 @ $45.951 vs 8 OI; Ref=$170.7783,2017-09-13,NVDA
"NVIDIA Reports USPS Adopts Co. End-To-End AI Technology, No Terms Disclosed",2019-11-05,NVDA
Option Alert: Nvidia Apr 28 101 Put; 4876 @Bid @$1.45; Ref=$109.01,2017-03-20,NVDA
Watch These 7 Huge Call Purchases In Friday Trade,2016-08-05,NVDA
"Nvidia Blows Out Q1 Estimates, Raises Q2 Sales Guidance",2018-05-10,NVDA
The Biggest Players In Augmented Reality,2016-12-11,NVDA
Mid-Day Market Update: Crude Oil Down Over 2%; Mobileiron Shares Spike Higher,2018-02-09,NVDA
Apple Adds Coronavirus Testing Sites To Maps In US,2020-04-29,AAPL
"Benzinga Pro's Top 5 Stocks To Watch For Tues., Dec. 31, 2019: AMZN, WBAI, NVCN, NIO, NVDA",2019-12-31,NVDA
"Nvidia, Baidu to Collaborate on Artificial Intelligence, Self-Driving Car -Wall Street Journal",2016-09-01,NVDA
NVIDIA Shares Unaffected After Hours As Citron's Andrew Left Is Currently On CNBC Discussing His Short Thesis In The Stock,2018-08-22,NVDA
"Traders Passing Around Comment on NXP Semi Call: When Asked Why Do A Deal Now?, Exec Responded A Need for Automotive Driver Assist Processing, Machine Learning Capabilities; Seen as Positives for NVIDIA, Mobileye",2016-10-27,NVDA
Shares of semiconductor companies are trading higher after President Trump tweeted the US and China are 'getting very close to a big deal.',2019-12-12,NVDA
"comScore Says US Online Holiday Sales to Date $31.5B, Sales from Desktops on Dec. 9th Up 10% to $1.4B",2013-12-11,NVDA
Nvidia Reports Q2 Earnings On Thursday After Market Close,2017-08-09,NVDA
A Sampling Of Citron's Most Influential Tweets,2017-01-02,NVDA
Morgan Stanley Lifts Nvidia Price Target After Strong Q1,2018-05-11,NVDA
Morning Gainers; Vonage up on Heavy Volume,2011-08-23,NVDA
The 5 Coolest Things You'll See at CES,2013-01-07,NVDA
NVIDIA To Report Q2 Results August 16th At 4:20pm ET,2018-07-19,NVDA
"NVIDIA, Baidu Report Partnership to Accelerate AI; Collaboration to Power AI in Cloud Data Centers, Self-Driving Cars and the Home",2017-07-05,NVDA
Short Sellers Shy Away from Qualcomm and Texas Instruments,2012-08-13,NVDA
Mid-Morning Market Update: Markets Mostly Higher; Viacom Beats Q4 Expectations,2018-11-16,NVDA
S&P 500 Futures Up 3.2% After Hours; Many Other Stocks Moving Higher With Futures; Investors Reacting Favorably To White Phase Guidelines On Reopening Economy,2020-04-16,AAPL
"Bitcoin, China, And AI Highlight Some Of The Year's Best ETFs",2017-12-28,NVDA
Apple Expected to Incorporate Ambient Light Sensors in Next-generation Airpods Devices,2020-05-25,AAPL
"Under Armour Gets Torn Up As Earnings Disappoint, But Coronavirus Fears Retreat Slightly",2020-02-11,NVDA
Benzinga Pro's 6 Stocks To Watch Today,2018-02-08,NVDA
Summit Insights Group Downgrades NVIDIA Corporation - Common Stock to Hold,2019-05-17,NVDA
"Canaccord Genuity Maintains Buy on Apple, Lowers Price Target to $300",2020-03-19,AAPL
"Shares of several technology, semiconductor, and software companies are trading higher amid optimism that coronavirus cases in Asia are potentially easing. Global slowing cases could raise hopes of a sooner return to spending and economic activity.",2020-04-07,NVDA
Tablet Thursday: Top 5 Contenders You Should Know About,2011-08-11,NVDA
The Bear Cases For Wall Street's Darlings,2017-01-02,NVDA
15 Stocks Moving In Thursday's Pre-Market Session,2016-12-29,NVDA
"Wells Fargo Maintains Overweight on NVIDIA, Raises Price Target to $430",2020-05-22,NVDA
Bottom May Be In For Nvidia (NVDA),2011-03-28,NVDA
"Tesla Demand Drove NVIDIA's Q1 Beat, Q2 Outlook",2016-05-13,NVDA
"From Coca-Cola To Tesla, Here Are The 68 Most Important Earnings Expectations For The Week",2015-02-08,NVDA
"Chips Getting Hit Hard (NVDA, MRVL, INTC)",2011-03-30,NVDA
NVIDIA up 7% After Microsoft Tablet Announcment,2012-06-19,NVDA
A Technical Look At NVIDIA,2017-02-09,NVDA
Maxim Integrated Stock Reports Earnings Tonight: 50 Percent 12 Month Upside,2017-07-20,NVDA
"Samsung Enters The Cryptocurrency Mining Space, Announces First-Ever Stock Split",2018-01-31,NVDA
Stocks in the semiconductor space are trading down following concerning earnings reports from Western Digital and Intel; Intel also issued weak guidance estimates.,2019-01-24,NVDA
Breaking Down The Reasons An Advanced Micro Devices Deal With Intel Not Likely To Happen,2017-05-22,NVDA
Macquarie Initiates Coverage On NVIDIA at Neutral,2017-03-31,NVDA
Mike Khouw Sees Unusual Options Activity In Apple,2020-04-30,AAPL
14 Technology Stocks Moving In Tuesday's Pre-Market Session,2020-02-04,NVDA
Mid-Day Market Update: NASDAQ Rises Over 100 Points; Axovant Sciences Shares Surge,2019-03-11,NVDA
Stocks That Hit 52-Week Highs On Monday,2020-05-18,NVDA
US Stock Futures Edge Lower; All Eyes On Fed Decision,2015-09-17,NVDA
AMD And Nvidia: How Vulnerable Are They To Cryptocurrency Concerns?,2017-09-11,NVDA
NVDIA Announces a New Shield TV,2019-10-28,NVDA
Apple Store Closures Could Leave Some Device Owners In The Lurch: Report,2020-03-24,AAPL
"UBS Upgrades Nvidia from Neutral to Buy, Maintains PT at $15.5",2012-06-11,NVDA
"Benzinga Pro's Top 10 Most-Searched Tickers For Afternoon Of Mon., May 14",2018-05-14,NVDA
15 Biggest Mid-Day Losers For Tuesday,2017-04-04,NVDA
"Jefferies & Company Maintains Nvidia at Hold, Raises PT from $16 to $14",2012-11-09,NVDA
8 Best Investment Strategies During A Recession,2020-03-29,AAPL
"How Tim Cook, Mark Zuckerberg And Other Tech CEOs Are Helping Fight The Global Pandemic",2020-03-23,AAPL
"Apple Q2 Americas Sales $25.473B, Europe $14.294B, Greater China $9.455B, Japan $5.206B, Rest Of Asia Pacific $3.885B",2020-04-30,AAPL
Semiconductors Throttled!,2011-05-17,NVDA
Wall Street Reacts To Nvidia's Blowout Q4 Quarter,2018-02-09,NVDA
Nvidia To Partner With Volvo On Self-Driving Trucks,2019-06-18,NVDA
NVIDIA shares are trading higher amid tech sector strength. Susquehanna analysts maintained a 'Positive' rating on the stock.,2020-03-31,NVDA
Stocks That Hit 52-Week Highs On Tuesday,2020-05-19,NVDA
Mid-Day Market Update: Prima BioMed Climbs Following Positive IMP321 Data; Interpace Diagnostics Shares Slide,2016-12-29,NVDA
Elazar Warns Crypto-NVIDIA Shorts,2018-04-16,NVDA
"Watch Intel Peers Following Reduced Outlook: AMD, NVIDIA, Micron, TI, Seagate, H-P",2015-03-12,NVDA
Technical Alert: Nvidia Corp Looks To Extend Ten Day Win Streak,2016-12-28,NVDA
88 Stocks Moving In Friday's Mid-Day Session,2020-03-13,AAPL
"Morgan Stanley On Nvidia Notes 'We're surprised at the magnitude of data center weakness, and continue to forecast a recovery'; Maintains Equal-weight, Maintains $170 Target",2019-05-17,NVDA
"Toshiba's Chips Are Past Their Sell-By Date, And Investors Are Buying American",2017-06-28,NVDA
"The Week Ahead: Earnings Season Continues, Several IPOs, Notable Conferences On The Docket",2017-11-06,NVDA
A Peek Into The Markets: US Stock Futures Edge Higher Ahead Of Apple Earnings,2020-04-30,AAPL
"UBS Maintains Buy on NVIDIA, Raises Price Target to $400",2020-05-22,NVDA
"Argus Research Initiates Coverage on NVIDIA at Buy, Announces $39.00 PT",2016-03-18,NVDA
"Intel's Potentially Major Security Flaw Boosting AMD, Other Chip Stocks",2018-01-03,NVDA
More Room To Run For NVIDIA Shares,2016-08-15,NVDA
"Benzinga's Top Pre-Market NASDAQ Gainers (JASO, NVDA, FFIV, CSIQ)",2011-03-28,NVDA
Stocks That Hit 52-Week Highs On Thursday,2019-12-19,NVDA
Needham Upgrades NVIDIA To Buy,2014-08-08,NVDA
NVIDIA's Blowout Quarter: 'Machine Learning Is Like A Quicksand',2016-11-11,NVDA
'Global semiconductor market dips for first time in 30 months; Shrinking demand from data centers and China blamed for decline' -Nikkei Asian Review,2019-03-07,NVDA
Do You Love Cult Stocks?,2019-03-08,NVDA
"Benzinga Pro's Top 10 Most-Searched Tickers For Evening Of Mon., May 21, 2018",2018-05-21,NVDA
What Autopilot 2.0 Means For Mobileye,2016-10-13,NVDA
"Bank of America Reduces PT on NVIDIA to $26, Maintains Buy (NVDA)",2011-05-13,NVDA
The Market In 5 Minutes: Friday The 13th,2016-05-13,NVDA
Trade Worries Still Weigh On Market A Day After Rout,2018-06-26,NVDA
Investor Movement Index September Summary,2018-10-09,NVDA
Morgan Stanley Sees Buying Opportunity In Nvidia: 'Clarity Likely After Next Week's Product Launches',2018-08-17,NVDA
"IBM, NVIDIA and Mellanox Launch Design Center for Big Data and High Performance Computing",2015-07-02,NVDA
"NVIDIA, Aurora Announce Collaboration to Build Next-Generation Autonomous Vehicle Computer Platform at #CES2018",2018-01-08,NVDA
Smartphone Sales Picking up in China,2020-05-20,AAPL
Morning Market Gainers,2015-08-07,NVDA
Mid-Day Market Update: NVIDIA Gains On Earnings Beat; ConforMIS Shares Drop,2016-05-13,NVDA
PreMarket Prep Stock Of The Day: Genius Brands,2020-06-05,AAPL
"Tesla-AMD Partnership Likely A 'Modest' Negative For Nvidia, But Its Competitive Moat Still Substantial",2017-09-21,NVDA
"'Partners: Intel's Rumored Plans To Take On Nvidia, AMD With Discrete GPU Good For The Channel'",2018-04-16,NVDA
A Momentum ETF Tries To Keep Its Edge,2017-06-26,NVDA
10 Stocks With Highest Close In Three Weeks,2016-11-18,NVDA
NVIDIA Option Alert: Fri $235 Puts Sweep (38) below Bid!: 1649 @ $2.846 vs 3277 OI; Earnings 11/8 After Close [est] Ref=$243.9,2018-10-15,NVDA
NVIDIA Posts Strong Quarter Despite Weakness In Tegra,2015-02-12,NVDA
"8 Stocks To Watch For February 9, 2018",2018-02-09,NVDA
"Barclays Maintains Overweight on NVIDIA, Raises Price Target to $300",2018-05-11,NVDA
"Mad Money Lightning Round: Cramer Likes Salesforce.com (NVDA, CLNE, RF, HBAN, C, NXPI, XLNX, QCOM, SWKS, NKE, CRM)",2011-03-15,NVDA
"UPDATE: Apple New iMac Has Nvidia Graphics, Intel Quad-Core Ivy Bridge",2012-10-23,NVDA
Benzinga's Top Upgrades,2012-06-11,NVDA
Shares of several semiconductors are trading higher on renewed hopes of a resolution to trade tensions between the US and China.,2019-08-19,NVDA
Jim Cramer Tweets 'they couldn't crack the market at the 2:45 post.. good sign typically to 3:30...i would go buy some Nvidia $NVDA right now betting that the 2:45 checkpoint held',2018-02-09,NVDA
Nvidia CEO Sees 50% Growth in Tegra Revenue This Year,2012-02-15,NVDA
Wild Ride In NVIDIA After Q4 Beat,2017-02-10,NVDA
"Analyst Warns Of Timing Issue With Nvidia's Datacenter Launch, But Remains Bullish",2019-11-07,NVDA
"NVIDIA Q1 Adj. EPS $0.88 Beats $0.79 Estimate, Sales $2.22B Beat $2.2B Estimate",2019-05-16,NVDA
"Nomura Instinet Maintains Neutral on Apple, Raises Price Target to $250",2020-05-01,AAPL
Benzinga's Top #PreMarket Gainers,2015-11-06,NVDA
Traders Circulating Word Of Cautious Sell-Side Comments On NVIDIA; Unconfirmed,2019-11-07,NVDA
"JP Morgan Upgrades NVIDIA To Neutral, $21 PT",2011-03-08,NVDA
AMD CEO Puts Rumors To Rest: 'We're Not Looking At Enabling A Competitor To Compete With Our Products',2017-05-24,NVDA
"Barron's Picks And Pans: Amazon, Eli Lilly, Fiat Chrysler And More",2018-07-29,NVDA
NVIDIA Shares Tick Higher as JMP Adds to 'Best Ideas' List,2014-10-13,NVDA
"FBR Capital Markets Maintains NVIDIA Market Perform, $19 PT",2011-08-12,NVDA
UPDATE: Evercore Group Upgrades NVIDIA on Progress in Growth Drivers,2014-02-13,NVDA
"As Nvidia Catches A Pair Of Downgrades, Attention Turns To AMD",2017-02-23,NVDA
"Shares of several semiconductor companies are trading lower as markets sell off on coronavirus worries. The virus has caused global worries and disrupted activity in China, negatively impacting companies with China exposure.",2020-01-30,NVDA
"Munster Sees 'Holy Grail' In Nvidia's New GPUs, While Stifel Takes Neutral Stance On Chipmaker",2018-08-21,NVDA
"Goldman's Chipmaker Pair Trade: Sell Intel, Not AMD",2018-08-10,NVDA
Private Label VR Enters The Wild West Of Virtual Reality Gaming,2017-05-13,NVDA
Nvidia Little Changed After Q4 Results,2013-02-13,NVDA
Peloton Shares Tick To Session Low As Hearing Report Apple Working On 'Guided Workout' Fitness App,2020-03-10,AAPL
2 Surprise Standouts From TD Ameritrade's January IMX,2017-02-09,NVDA
Apple's Face ID Will Allow Mask Wearing Users To Unlock Their Phones Quickly,2020-05-21,AAPL
"Take That, iPad 3: Amazon Prepping 4 Million Tablets For 2011",2011-07-28,NVDA
NVIDIA Shares Lower Despite WSJ Headline 'NVIDIA Open to Deals That Fit Into Businesses',2013-06-04,NVDA
"Chip Stocks Fall In Sympathy With Broadcom After Q2 Sales Miss, Guidance Cut",2019-06-14,NVDA
Ericsson and NVIDIA Collaborate to Accelerate Virtualized 5G Radio Access Networks With GPUs,2019-10-22,NVDA
Scott Wapner Tweets: JUST IN: Citron's Andrew Left just threw shade on $NVDA (again). He'll join @HalftimeReport for a debate on the stock. Big pushback coming,2017-06-09,NVDA
"RBC Report: ""Cash is Becoming King, and Semis are Wearing the Crown""",2014-05-19,NVDA
Can Microsoft's $499 Surface Defeat Apple's iPad?,2012-10-16,NVDA
Shares of several technology companies are trading higher amid market strength on hopes of a US economic stimulus package agreement.,2020-03-24,AAPL
Report: AMD's Low-End Dominance Threatened As Nvidia Preps Budget Graphic Card Launch,2019-09-19,NVDA
Investor Movement Index (IMX) for March 2017,2017-04-10,NVDA
Technical Alert: Nvidia Corp Lower,2017-01-05,NVDA
Morgan Stanley On 'What's Moving Semi Stocks',2015-06-29,NVDA
Nvidia Analysts Raise Price Targets Ahead Of Q4 Print,2020-02-12,NVDA
"3 Put Spread Strategies For The Next Week: McDonald's, Johnson & Johnson And Nvidia",2016-04-27,NVDA
"Oppenheimer Maintains Outperform on NVIDIA, Raises Price Target to $350",2020-02-14,NVDA
Benzinga's Top Pre-Market Gainers,2011-08-12,NVDA
"Citi Adds Nvidia, Marvell Technology To Holiday Shopping List",2018-12-13,NVDA
"Netflix, YouTube, Disney+: Which Video Streaming Platform Do Teens Watch The Most?",2020-04-08,AAPL
"Earnings Scheduled For April 30, 2020",2020-04-30,AAPL
Shares of several semiconductor stocks are trading higher following strong manufacturing data from China after a guidance warning by Infineon last week dragged the sector lower. Strength may also be related to news of a lower value-added tax in China and positive US manufacturing data.,2019-04-01,NVDA
"Jefferies' Secular Trends Thesis In NVIDIA Just Starting, Remains A Top Pick",2016-05-13,NVDA
"Nvidia Falls 3% On Tegra 2 Chatter (NVDA, AAPL)",2011-04-08,NVDA
Nvidia +2.3% Premarket @$120,2016-12-28,NVDA
"UPDATE: Raymond James Previews NVIDIA's Q3 Earnings (On Thurs., Nov. 14, 2019), Warns Of Uncertainty On Datacenter Launch Timing, Says Timing Could Impact Qtr. Results",2019-11-07,NVDA
"Tech Expert Sean Udall Predicts No Major Earnings Misses, Q4 Rotation",2017-10-26,NVDA
"Short Sellers Retreat from Micron Technology, Other Semiconductor Stocks",2013-05-10,NVDA
"Bank of America Maintains Buy on NVIDIA, Raises Price Target to $250",2019-10-15,NVDA
"Global Equities Trip Chowdhry Highlights Facebook & NVIDIA As Winners Of Facebook F8 Conference, Losers Are Old World Tech",2016-04-13,NVDA
"NVIDIA Reports Q4 EPS $0.43 Vs Est $0.29, Sales $1.25B Vs Est $1.20B",2015-02-11,NVDA
Apple CEO Tim Cook: We Are Sourcing More Than 30M Masks For Employees Around The World,2020-04-30,AAPL
Digitimes Reporting Nvidia Dropping Prices On GPUs Due To Weak Demand,2017-03-23,NVDA
7 Biggest Price Target Changes For Tuesday,2016-11-22,NVDA
Motherboard Manufacturers to See Shipments plummet in Q1 2019,2019-01-23,NVDA
3 Non-Semiconductor ETFs Benefiting From Nvidia Exposure,2020-05-26,NVDA
Global Equities Trip Chowdhry Says Nvidia Business Extremely Strong,2016-03-23,NVDA
NVIDIA shares are trading higher after Bank of America maintained a Buy rating on the stock and raised the price target from $225 to $250.,2019-10-15,NVDA
UPDATE: NVIDIA Says the Mechanical Component Has Issues,2013-06-26,NVDA
"Deutsche Bank Maintains Buy on Apple, Raises Price Target to $285",2020-04-16,AAPL
10 Biggest Price Target Changes For Friday,2019-08-16,NVDA
"Nvidia, Marriott, Verisign, Brazil: Fast Money Picks For August 8",2017-08-08,NVDA
Morgan Stanley Downgrades Nvidia to Equal-Weight from Overweigth; Lowers Prices Target to $148 from $220,2019-01-29,NVDA
Hearing Unconfirmed Market Chatter of Intel Bid for Nvidia,2015-10-16,NVDA
"UBS Maintains Buy on NVIDIA, Raises Price Target to $330",2020-04-17,NVDA
Watching NVIDIA Shares Amid Report Huawei Doing An AI Chip Deal With Microsoft In China,2018-09-05,NVDA
Left Says Short Nvidia for Past Few Days,2016-12-28,NVDA
A Peek Into The Markets: US Stock Futures Signal Higher Start On Wall Street,2019-08-16,NVDA
"Intel, NVIDIA, AMD Shares Unaffected Following News Out Of Apple Product Unveil Event The New iPhone 8 Will Have, For The First Time, An Apple-Designed Graphic Processing Unit",2017-09-12,NVDA
Nvidia Is 'Building The Industry Standard' For AI; Analyst Lifts Price Target To $250,2017-09-15,NVDA
"Despite Near-Term Volatility, Nvidia Analyst Remains Bullish On Data Center Positioning, Gaming Dominance",2020-04-03,NVDA
4 Big Takeaways From NVIDIA's Q1 Results,2011-05-13,NVDA
Apple Analyst Says 'Uncertainty Remains Too High' To Buy The Dip,2020-03-16,AAPL
"FBR Capital Maintains Market Perform Rating, $22 PT On NVDA",2011-03-09,NVDA
"Mizuho Maintains Buy on NVIDIA, Lowers Price Target to $245",2018-11-16,NVDA
"Twists And Turns: This Week's Wild Ride Swings Through U.K., Italy, China",2019-08-09,NVDA
"UPDATE: Rosenblatt On Nvidia Notes 'Although the market dynamics are different (more competition), from the missionary work Nvidia has done in AI training, we do believe the company's unambiguous leadership in GPU/GPU compute is intact'",2020-02-14,NVDA
Morgan Stanley: Nvidia's Gaming Growth Unsustainable,2014-08-04,NVDA
Craig-Hallum Upgrades NVIDIA to Buy,2019-11-15,NVDA
"Despite Volatility, FANG Continues to Prove Its Popularity",2020-03-11,AAPL
Cryptocurrency Mining Drives Nvidia's Q2 Outperformance; Is This An Entry?,2017-08-11,NVDA
"NVIDIA Q3 Adj. EPS $1.78 Beats $1.58 Estimate, Sales $3.01B Beat $2.92B Estimate",2019-11-14,NVDA
RBC Capital Upgrades NVIDIA to Outperform,2016-08-12,NVDA
NVIDIA Sees Q4 Sales $1.025-1.175B vs $1.21B Est,2012-11-08,NVDA
"Option Alert: Nvidia January 14 Call; Block Trade: 6,469 Contracts @$0.22; Currently $12.75",2012-12-11,NVDA
NVIDIA Corporation Reports Q4 EPS of $0.32 vs $0.24 Est; Revenue of $1.14B vs $1.05B Est,2014-02-12,NVDA
A Bearish Nvidia Options Trade,2017-04-10,NVDA
"Strong Price Action In NVDIA (NVDA, INTC)",2011-04-26,NVDA
6 stocks to watch in the week ahead,2012-12-17,NVDA
FBR Capital Markets Is Surprised By Stronger 3Q14 GPU Shipments From NVIDIA,2014-08-08,NVDA
Mid-Morning Market Update: Markets Open Lower; Caterpillar Profit Misses Expectations,2019-01-28,NVDA
Nibbling At A Semiconductor ETF,2017-09-25,NVDA
"Raymond James Maintains Outperform on Apple, Lowers Price Target to $305",2020-04-13,AAPL
Encouraging Data For Electric Vehicle ETFs,2018-05-31,NVDA
5 Biggest Price Target Changes For Friday,2017-09-15,NVDA
"Shares of several technology, semiconductor, and software companies are trading lower amid market weakness as macro concerns continue to grow as a result of the coronavirus pandemic. The White House said it expects a surge in cases over the next 2 weeks.",2020-04-01,NVDA
Nvidia Q4 Earnings Preview,2018-02-08,NVDA
Several Apple supplier shares are trading lower after Apple lowered Q1 sales expectations by 7.7%.,2019-01-03,NVDA
"Was Dell, HP Surprised or Angered by Microsoft's New Tablet?",2012-06-20,NVDA
Nvidia: Know The Difference Between 'Highly Valued' And 'Overvalued',2017-02-23,NVDA
Nvidia Shares Make New 52-Week High $192.96,2017-10-12,NVDA
"MKM Partners Top Picks For 2016: ACE, CTXS, EA, FIVE, GOOGL, INFN, LB, MYCC, NVDA, TOL, VIAV",2015-12-16,NVDA
"JPM Says ""Our Bearish View on the Company's Execution Proved Wrong"" (NVDA)",2011-03-08,NVDA
8 Biggest Price Target Changes For Monday,2016-08-08,NVDA
The Technical Take: NVIDIA Makes New All-Time High After Q3 Beat,2016-11-11,NVDA
"AMD, Nvidia Working to Meet Demand for VR Devices -DigiTimes",2016-03-24,NVDA
"Goldman Selective On Semis: Bullish On Nvidia, Xilinx, Bearish On Intel, Texas Instruments",2018-10-01,NVDA
Nike Stores Across The World To Temporarily Close,2020-03-15,AAPL
NVIDIA Datasheet Shows DGX A100 To Use Dual AMD Rome 7742,2020-05-14,NVDA
Nvidia Announces Support For Arm CPUs: Why It Matters,2019-06-17,NVDA
"For AMD Ryzen Chips, Will Gains In Mindshare Lead To Market Share?",2017-08-16,NVDA
Benzinga's Top Upgrades,2014-08-08,NVDA
UPDATE: Bank Of America Downgrades NVIDIA,2014-06-19,NVDA
"May Market Outlook: No Spring Fling This Year As Dismal Data, Weak Earnings Seen Ahead",2020-04-29,NVDA
"Chip Stocks Q4 Earnings: Intel Sets The Tone For AMD, Nvidia",2018-01-24,NVDA
What Apple's WWDC 2020 Invite Says About This Year's Virtual Presentation,2020-05-05,AAPL
Why Apple's Stock Is Trading Higher Today,2020-06-09,AAPL
"Jefferies & Company Maintains Nvidia at Hold, Raises PT from $14 to $16",2012-08-10,NVDA
Walmart Shortens Store Operating Hours In Response To Coronavirus Outbreak,2020-03-16,AAPL
An Eventful February Took Its Toll On TD Ameritrade's Investor Index,2018-03-06,NVDA
Tuesday January 29th Watchlist,2013-01-29,NVDA
NVIDIA Shares Down 4.7%,2016-12-28,NVDA
An Electric Outlook For The Esports ETF,2019-02-19,NVDA
"B. Riley Maintains Buy on NVIDIA, Raises price target to $290.00",2018-02-09,NVDA
15 Stocks Moving In Wednesday's Pre-Market Session,2016-12-28,NVDA
Setups for the first week of September,2012-09-04,NVDA
Mid-Afternoon Market Update: Dow Falls 50 Points; Fossil Shares Slide After Disappointing Results,2017-05-10,NVDA
'Fortnite' Creator Turns $3B Profit In 2018: The Stocks That Benefit,2018-12-31,NVDA
3 Factors Pushing NVIDIA Shares Lower,2016-12-12,NVDA
The New Reality Of Video Games,2017-03-24,NVDA
US Stock Futures Gain; All Eyes On Jobs Report,2015-05-08,NVDA
"BMO Capital Maintains Underperform on NVIDIA, Raises Price Target to $135.00",2017-11-10,NVDA
"With Trump Iran Announcement In Focus, US Stock Futures Fall",2018-05-08,NVDA
"Deutsche Bank Maintains Hold on NVIDIA Corporation, Lowers PT to $13.00",2013-02-14,NVDA
"Citron's Andrew Left, When Asked If He would Be A Buyer Of NVIDIA Shares At $130, Responds 'I'd Like To See The Next Quarter First...'",2017-06-09,NVDA
Why Is Wall Street Talking About Nvidia?,2015-03-18,NVDA
Seeing weakness in the microchip and semiconductor space. Not currently seeing any news to justify price action.,2019-04-09,NVDA
Game Developers Conference Concludes Today,2017-03-03,NVDA
"FBR Capital Markets Maintains Market Perform, Target of $20 on NVIDIA",2011-11-28,NVDA
Jefferies Raises EPS Estimates on NVIDIA,2011-11-11,NVDA
Mid-Afternoon Market Update: Dow Falls Over 250 Points; Expedia Shares Tumble On Earnings Miss,2018-02-09,NVDA
Morning Market Movers,2014-08-08,NVDA
Coronavirus – Another Severe Hit To The Automotive Industry,2020-03-11,AAPL
"Cascend Maintains Buy on NVIDIA, Raises Price Target to $220",2019-10-15,NVDA
January Will Feature Some Of The Market's Most Influential Events,2016-12-30,NVDA
31 Stocks Moving In Friday's Pre-Market Session,2019-02-15,NVDA
4 Tech Stocks That Are Showing Signs Of Life Right Now,2019-01-08,NVDA
"Warner Music Set To Go Public Today, In Anticipated Largest US IPO Of The Year",2020-06-03,AAPL
"Busy Week Ahead With Fed Symposium And Retail Earnings Marching On With Target, Kohl's",2019-08-19,NVDA
Mid-Morning Market Update: Markets Open Higher; Deere Earnings Miss Views,2019-08-16,NVDA
"NVIDIA Shares Saw Overnight Action, Moved Higher Potentially On the Heels of Wed.'s CES Keynote by Jen-Hsun Huang; Shares Now Largely Unaffected; Watch for Volatility in Other CES Keynote Names",2017-01-05,NVDA
"Barclays Downgrades Intel, Says Chipmaker Faces 'Costly Battle' With AMD For Market Share",2018-10-01,NVDA
"UBS Maintains Neutral on NVIDIA, Raises Price Target to $266",2018-05-11,NVDA
'Apple is tracking iPhones stolen by looters' -Earlier NY Post Article,2020-06-02,AAPL
NVIDIA shares are trading down 5% after hours as weak Q3 sales guidance appears to offset Q2 earnings beat.,2018-08-16,NVDA
Can Nvidia Fend Off Competition From Intel And Advanced Micro Devices?,2017-03-07,NVDA
A Peek Into The Markets: US Stock Futures Point To A Lower Open,2020-05-01,AAPL
"NVIDIA shares down 18.1% following mixed Q3 reports, concerning Q4 sales guidance; AMD shares are down 6.9% in sympathy",2018-11-16,NVDA
"GE Intelligent Platforms Announces Will Work with NVIDIA for Tegra K1-based, High Performance Embedded Computing Solution",2014-03-25,NVDA
"Short Interest in Chip Makers on the Rise (AMD, BRCM, NVDA)",2012-09-26,NVDA
Option Alert: NVDA Aug16 44.0 Puts Sweep: 3000 @ ASK $0.13: 5002 traded vs 3287 OI: Earnings 8/11 After Close $57.90 Ref,2016-08-05,NVDA
"NVIDIA Will Win Machine Learning, Trip Chowdhry Argues",2016-09-15,NVDA
Watch Shares Of AMD As KitGuru Reports 'ASUS ROG may soon be Nvidia exclusive with AMD GPUs being bumped to new 'AREZ' brand',2018-04-06,NVDA
"Bank Of America Cuts AMD Target By 10%, Still Bullish In The Long Term",2018-12-20,NVDA
Nvidia shares trade up 5.4% after Susquehanna upgraded the stock from Neutral to Positive and FBR maintained shares at a Buy while lowering their price target to $240/share from $250/share. Nvidia reports Q3 results Thursday after the market closes.,2018-11-13,NVDA
SoftBank's Son Aims To Control 90% Of The Chip Market,2017-10-25,NVDA
"Shares of several technology companies are trading higher as markets gain on positive coronavirus outlook. Optimism surrounding the virus has led to hopes of an upcoming return to economic activity, which would benefit the sector.",2020-04-14,NVDA
"Cryptocurrency Mining: What It Is, How It Works And Who's Making Money Off It",2017-08-21,NVDA
"NVIDIA To Report Q3 Earnings On Thurs., Nov. 14 After Market Close",2019-10-31,NVDA
"Benchmark Maintains Buy on NVIDIA, Raises Price Target to $275",2019-12-31,NVDA
"UBS Maintains Buy on Apple, Raises Price Target to $325",2020-05-01,AAPL
"Benzinga Pro's Top 5 Stocks To Watch For Wed., Jun. 10, 2020: AAPL, BAC, NIO, SONO, GLW",2020-06-10,AAPL
"Nomura Maintains Neutral on NVIDIA, Raises Price Target to $200",2019-11-15,NVDA
Why Nvidia's Strategy Hints At A 'Fast-Rising' Stock Price,2017-06-09,NVDA
"The Week Ahead: Nvidia And Dropbox Earnings, April Retail Sales, Trump Drug Pricing Speech Expected",2018-05-07,NVDA
"Morgan Stanley Raises Estimates On AMD, NVIDIA Amid Ethereum Strength, Says 'In Oct. we published an analysis suggesting Ethereum mining should slow, but a 200%+ increase in the currency value changes those economics materially'",2018-01-23,NVDA
"13 Stocks To Watch For November 9, 2017",2017-11-09,NVDA
NVIDIA shares are trading higher after Wedbush initiated coverage on the stock with an Outperform rating and announced a $184 price target.,2019-06-27,NVDA
"Stocks That Made New 52-Week Highs Today: Salesforce, Microchip, Fiserv, Edwards Lifesciences, Nike, Stryker, Align Tech, NVIDIA, Visa, IDEXX Labs, Ralph Lauren, Extra Space Storage, Kohl's, Macy's, Marathon Petroleum, Baxter, Expeditors Int'l & TransDigm",2018-06-04,NVDA
"#PreMarket Movers From December 19, 2014: NQ Mobile, BlackBerry, CarMax And More",2014-12-19,NVDA
"Costco Shares Come Under Pressure Despite Strong Earnings, Same-Store Sales",2020-05-29,AAPL
UPDATE: J.P. Morgan Lowers Price Target On Nvidia To $18,2011-08-12,NVDA
Here's What's Coming Up On PreMarket Prep For November 9,2017-11-09,NVDA
Jim Strugger's Hedging Strategy In NVIDIA,2016-12-29,NVDA
"Despite Tariff Fears, Market Shows Signs Of Resilience As Retail Earnings Continue",2019-11-21,NVDA
"Futures Flat, Euro Falls Ahead of Central Banks",2012-11-08,NVDA
NVIDIA shares are trading down 2.9% after analysts at Morgan Stanley lowered their price target on the stock; Analysts see headwinds in gaming and said they are de-risking their estimates going into earnings.,2018-11-08,NVDA
"Stifel Nicolaus Maintains Buy on NVIDIA Corporation, Raises PT to $24.50",2014-11-07,NVDA
"During A Bullish March, These Were The Stocks That Were Net Buys Among Retail Investors",2017-04-10,NVDA
Barclays Upgrades Nvidia to Overweight from Equal Weight; Raises PT to $280 from $265,2018-05-03,NVDA
"Amgen, Halliburton, Nvidia, Gold: 'Fast Money' Picks For May 8",2018-05-08,NVDA
Nvidia Added To Citi's Catalyst Watch; Expects Outperformance,2020-01-10,NVDA
8 Biggest Price Target Changes For Friday,2017-11-17,NVDA
"China Accuses U.S. Of ""Bullying Behavior,"" Helping Pressure Market Sentiment",2019-05-17,NVDA
15 Biggest Mid-Day Gainers For Tuesday,2016-12-20,NVDA
'Citron buys $NVDA. This is the first time in 2 years stock offers an appealing risk-reward to investors. $NVDA still a player in AI and Data..will eat through inventory issue. We see $165 before we see 120...' -Citron Research Tweets,2018-11-20,NVDA
"NVIDIA CEO Jensen Huang Giving Latest Updates From The Company's GeForce Pre-Gamescom Event, Live On YouTube",2018-08-20,NVDA
"Gene Munster Talks Tesla's Energy Business, Apple's Trade War Risk And Facebook Libra",2019-12-03,NVDA
"Stifel Nicolaus Maintains Buy on NVIDIA Corporation, Raises PT to $21.00",2014-03-19,NVDA
NVIDIA Sees Q2 Sales $1.95B +/- 2% vs $1.89B Est.,2017-05-09,NVDA
"Alphabet, Avis, Nvidia: Fast Money Picks For July 7",2017-07-07,NVDA
Here are a Few Setups to Watch Next Week,2013-04-01,NVDA
Citi Reports NVIDIA 1Q11 Results,2011-05-13,NVDA
Shares of several semiconductor companies are trading higher amid easing trade tensions. President Trump said China is ready to come back to the negotiating table.,2019-08-26,NVDA
Apple Unveils New iPad Pro And New MacBook Air,2020-03-18,AAPL
Nvidia: The Mobile Company,2012-01-11,NVDA
Nvidia Trades Higher After Big Q4 Earnings Beat,2020-02-13,NVDA
Apple's Worldwide Developers Conference 2020 To Be Held In Online Format,2020-03-13,AAPL
Commentary: Why Supply Chains Are Weaker Than Their Weakest Link,2020-04-13,AAPL
"Oppenheimer Maintains Outperform, $25 PT on NVIDIA",2011-11-11,NVDA
Tim Cook On Warren Buffett: 'I Don't Think There's A Better Teacher',2020-05-02,AAPL
"Nvidia Now 3rd Largest IC Design Company, Behind Broadcom, Qualcomm -DigiTimes",2017-08-17,NVDA
"Barclays Upgrades NVIDIA Corporation - Common Stock to Equal-Weight, Raises to $72.00",2016-11-11,NVDA
Shares of several semiconductor companies are trading higher after Broadcom reported better-than-expected Q1 EPS and issued strong FY19 guidance.,2019-03-15,NVDA
A Peek Into The Markets: U.S. Stock Futures Decline Ahead Of Consumer Price Report,2017-08-11,NVDA
Option Alert: NVDA Jan16 33.5 Calls Sweep: 2519 @ ASK $1.23: 5952 traded vs 217 OI: Earnings 2/10 $33.71 Ref,2015-12-29,NVDA
"Apple Acquires DarkSky, Weather App To Be Pulled From Android",2020-04-01,AAPL
NVIDIA Shares Spike to Session Highs Amid Report Softbank is Considering Boosting Stake in Co. 'Over Time',2017-05-26,NVDA
'Apple supplier Foxconn steps up semiconductor plans with deal to build a new base in Qingdao' -South China Morning Post,2020-04-17,AAPL
Short Sellers Like These Three Top Semiconductor Stocks,2015-10-28,NVDA
"ICYMI: Ransomware Hits Allscripts, Trump's Tariffs, New IPOs, And Ethereum",2018-01-23,NVDA
"Apple Reopening Store In Seoul, First Outside China",2020-04-17,AAPL
"Rosenblatt Maintains Buy on NVIDIA, Raises Price Target to $315",2020-02-14,NVDA
TiVo Rallies Back To Positive (TIVO),2011-04-12,NVDA
"Daiwa Capital Downgrades Apple to Outperform, Lowers Price Target to $297",2020-04-23,AAPL
Oppenheimer Maintains Outperform on Nvidia,2011-12-19,NVDA
Why BofA Recommends Buying GPU Plays AMD and Nvidia,2020-06-02,NVDA
Chowdhry: Betting Against Nvidia Is 'Insane' And Stupid,2017-08-17,NVDA
"Broadcom, Nvidia See Upswings in Short Interest",2013-05-28,NVDA
The Market In 5 Minutes,2017-04-06,NVDA
More Retail Results Pour In Ahead Of Holiday After Monday's Record-Setting Session,2019-11-26,NVDA
"Earnings Scheduled For November 9, 2017",2017-11-09,NVDA
"FBR Capital Maintains Market Perform on NVIDIA Corporation, Raises PT to $17.00",2014-02-13,NVDA
Nvidia Running After Hours; Beats On Top And Bottom Lines (NVDA),2011-05-12,NVDA
Analysts Weigh In On Intel's Security Issues,2018-01-04,NVDA
Option Alert: NVDA Jan17 40.0 Calls Sweep: 2000 @ ASK $20.98: 2036 traded vs 2081 OI: Earnings today After Close $59.83 Ref,2016-08-11,NVDA
How Stable Are Their Networks? AT&T And Verizon Set To Release Q1 Earnings,2020-04-21,AAPL
10 Biggest Price Target Changes For Monday,2020-05-11,NVDA
14 Technology Stocks Moving In Thursday's Pre-Market Session,2020-01-30,NVDA
10 Biggest Price Target Changes For Wednesday,2020-04-08,AAPL
Quarterhill's Wi-LAN Reports Polaris Innovations Subsidiary Granted Term License For Certain Patents Owned By Polaris To NVIDIA As Well As Options for NVIDIA To Renew Through Life Of Patents,2019-04-23,NVDA
Infographic: PC Gamers Prefer Nvidia GPUs,2018-08-22,NVDA
"Fusion-io Teams Up With NVIDIA, Tweak Software and Thinkbox Software to Accelerate Entertainment Production",2011-08-08,NVDA
Airlines Soar Again In Pre-Market Trading Amid More Reopening Optimism,2020-06-08,AAPL
PlayStation 4 was Too Expensive for NVIDIA,2013-03-14,NVDA
Benzinga's Top Pre-Market Gainers,2012-12-14,NVDA
Option Alert: Nvidia Apr 24 $22.5 Call; 2853 Contract Trade at Ask @$0.23,2015-04-17,NVDA
Tim Cook Announces Apple 10M Masks Donation To US Health Workers,2020-03-26,AAPL
Apple CEO: Our Products Are Even More Important In 'These Times',2020-04-30,AAPL
"Nvidia Shares Up After Earnings, But A Weak Recovery Does Not Bode Well For The Chart",2019-02-15,NVDA
Why A Pullback Is Just What Nvidia Needed,2017-01-04,NVDA
Shares of several semi/microchip companies are trading higher after Advanced Micro Devices reported better-than-expected Q1 EPS and sales results.,2019-04-30,NVDA
Mellanox to be Acquired by NVIDIA for $125/Share Cash,2019-03-11,NVDA
Watch These 5 Huge Put Purchases In Monday Trade,2016-06-20,NVDA
"Morgan Stanley Maintains Overweight on NVIDIA, Lowers Price Target to $268",2020-03-18,NVDA
50 Biggest Movers From Friday,2018-08-20,NVDA
Apple shares are trading higher as tech stocks rebound following Monday's crash. Morgan Stanley analysts today maintained an overweight rating on the stock.,2020-03-17,AAPL
NVIDIA shares are trading higher after RBC Capital maintained an Outperform rating on the stock and raised the price target from $190 to $217.,2019-10-07,NVDA
"Barron's Picks And Pans: Chipotle, Snap, AMD And More",2017-02-05,NVDA
"Big Short Interest Swings in Chip Makers (ARMH, MU, NVDA)",2013-03-31,NVDA
"RBC Capital Maintains Outperform on NVIDIA, Raises Price Target to $301",2020-02-10,NVDA
"Nvidia Chips Are The 'Engine Of Artificial Intelligence,' CEO Tells Cramer",2019-11-20,NVDA
"Bluefin Research Talks Trade War Impact On Nvidia, AMD",2018-07-13,NVDA
"Apple Capitalizes On Plunge In Yields, Issues Cheapest Bonds In Years",2020-05-05,AAPL
Shares of several technology companies are trading lower. Movement appears market related as markets continue to dip amid the global coronavirus outbreak.,2020-03-06,NVDA
Apple Analyst Projects 'Multi-Quarter Impact' On iPhone Shipments From COVID-19 Pandemic,2020-04-01,AAPL
"Barron's Picks And Pans: Big Tech Picks, Bank Stocks Large and Small And More",2020-03-21,AAPL
"Argus Sees the Global Connected Car Market Reaching ~$150B, Telematics as $50B Market Opportunity by 2020",2015-12-22,NVDA
12 Stocks Getting Crushed By Bitcoin's Rout,2017-12-22,NVDA
Brean Murray Initiates Coverage Nvidia at Hold,2012-09-28,NVDA
Nvidia's Q4 Earnings Outlook,2020-02-13,NVDA
"With Jobs Report Ahead, Focus Turns To Economic Data, Auto Sales, Tesla Output",2019-07-02,NVDA
"GM, Intel, NVIDIA, Viacom: Fast Money Picks For February 10",2017-02-10,NVDA
"Will Google's $229 Nexus 7 Upgrade Dethrone Apple's iPad Mini? (AAPL, GOOG)",2013-07-24,NVDA
"B. Riley FBR Maintains Buy on NVIDIA, Raises Price Target to $300",2018-05-11,NVDA
UPDATE: Morgan Stanley Initiates Coverage on NVIDIA,2012-05-31,NVDA
Market Wrap for Thursday February 14: Stocks Close Near Unchanged,2013-02-14,NVDA
Shares of several semiconductor stocks are trading lower after Intel issued concerning guidance at an investor event on Wednesday; BMO also downgraded the company's stock from Outperform to Market Perform.,2019-05-09,NVDA
AMD Falls As Major Shareholder Sells,2019-02-05,NVDA
Stocks To Watch For November 11,2011-11-11,NVDA
NVIDIA Shares Rebound 1.5% From Session Low At Open But Still Down ~0.7% For Session; CNBC Recently Published 'Elon Musk says Tesla A.I. chip project is 'finally coming to fruition'',2018-08-02,NVDA
Nvidia Partners With Continental On AI Self-Driving Cars,2018-02-05,NVDA
"Earnings Scheduled For November 8, 2012",2012-11-08,NVDA
Here's How The 'MAGA' Tech Giant Stocks Performed In Q1,2020-04-01,AAPL
"Earnings Feast: Bring a Plate With Healthcare and Caterpillar in Morning, GOOGL And AMD Later",2020-04-28,AAPL
"BMO Capital Maintains Market Perform on NVIDIA, Lowers Price Target to $175",2018-11-16,NVDA
"Top day traders Stocks and nalyst Upgrades & Downgrades on 5/13/11- NVDA, PNSN, VRML, A, YHOO, DF",2011-05-13,NVDA
"UPDATE: Deutsche Bank Lowers PT to $14 on NVIDIA, Maintains Hold",2012-01-25,NVDA
The Hottest Stock Of 2016 No Longer A Buy For This Analyst,2017-02-23,NVDA
Option Alert: Nvidia May 12th 120 Calls: 5610 @ Above Ask! $0.27: 6681 traded vs 4201 OI: Earnings today After Close $103.97 Ref,2017-05-09,NVDA
23 Notable Presentations On The CES 2017 Schedule,2016-12-28,NVDA
Apple Confirms Acquisition Of Virtual Reality Startup NextVR,2020-05-15,AAPL
"NVIDIA Corp. Files Mixed Shelf Offering, Terms Not Disclosed",2016-09-06,NVDA
"8 Stocks To Watch For May 1, 2020",2020-05-01,AAPL
"Retail Pro Says Giants Like Amazon, Walmart Will Prevail After Coronavirus: 'It's Not Fair'",2020-05-13,AAPL
Benzinga's Top Upgrades,2016-11-11,NVDA
Oppenheimer Comments On Intel & NVIDIA Following CFO Resignation,2011-03-16,NVDA
Option Alert: NVDA Fri 6/24 47.0 Puts (Wkly) Sweep: 749 @ ASK $0.95: 2346 traded vs 136 OI: Earnings 8/4 $46.92 Ref,2016-06-17,NVDA
17 More Financial Twitter Names To Follow In 2017,2017-01-06,NVDA
Bosch Reports AI Self-Driving Computer with NVIDIA,2017-03-15,NVDA
"Citron Research @CitronResearch 1m Citron readers know we have long been fans of $NVDA,but now the mkt is disregarding headwinds. In 2017 we will see $NVDA head back to $90",2016-12-28,NVDA
"HERE, Nvidia Partner on AI technology for HD Mapping from Cloud to Car",2017-01-05,NVDA
"MK M Partners Long NVDA Going Into Analyst Day, Semiconductor Analyst Maintains Buy ANd $135 PT, Says Core Gaming Business Is Strong",2016-03-29,NVDA
Benzinga's Top Downgrades,2015-11-03,NVDA
NVIDIA Names Colette Kress as CFO,2013-09-16,NVDA
AMD-Nvidia Graphics Competition Heats Up,2019-07-01,NVDA
Nvidia-Volkswagen Relationship Deepens As Deluge Of Autonomous Car News Continues,2017-06-27,NVDA
Forecasting Software: Nvidia Looks Primed For More Upside,2018-07-09,NVDA
"FBR Capital Maintains Market Perform on NVIDIA Corporation, Raises PT to $15.00",2013-11-08,NVDA
"Shares of several companies in the broader technology sector are trading lower despite market strength. Weakness potentially related to business reopenings and eased lockdown restrictions, as several names in the tech sector have benefited from work-from-home, home entertainment and e-commerce trends amid the pandemic.",2020-05-27,NVDA
"Top Percentage Gainers and Losers as of 2pm 05/13/11 (ABIO, GFRE, DDS, APL, DF, VRML, DAR, SWSH, ONTY, GS, RMBS, LPHI, GGS, CA, NVDA, IMRS, MNTX, MPG, GTY)",2011-05-13,NVDA
Option Alert: NVDA Fri 6/3 40.0 Calls (Wkly) Sweep: 500 @ ASK $2.90: 502 traded vs 538 OI: $42.60 Ref,2016-05-16,NVDA
NVIDIA Shares Down 1.6% Premarket; Goldman Removes Stock From 'Conviction Buy' List,2018-02-01,NVDA
"Barclays: Connected Cars Take Center Stage At CES, 3 Themes Emerge",2015-01-09,NVDA
"Susquehanna Upgrades NVIDIA Corporation to Neutral, Raises PT to $14.00",2014-02-03,NVDA
UPDATE: Wedbush Securities Reduces PT to $17 on Macro Uncertainties,2012-11-07,NVDA
"Arm Holdings Workng on Plan to Help Second-Tier IC Designers Catch up with Qualcomm, Nvidia -DigiTimes",2013-03-15,NVDA
"Morgan Stanley Maintains Overweight on Apple, Lowers Price Target to $328",2020-03-17,AAPL
NVIDIA shares are trading higher after Needham upgraded the company's stock from Underperform to Hold.,2020-01-13,NVDA
Has Nvidia Reached Peak Market Share?,2017-02-10,NVDA
"China's Global Times Mentions Qualcomm, Cisco, Apple And Boeing As 'four companies named by Chinese sources as possible targets for retaliation amid US moves against China's Huawei'",2020-05-15,AAPL
Nvidia Gets Burned On Earnings: This Chart Shows More Pain Ahead,2018-11-16,NVDA
"Benzinga's Top Upgrades (NOK, ILMN, NVDA, T)",2011-03-28,NVDA
NVIDIA Up 8.5% on Strong Q1 Earnings,2012-05-11,NVDA
Sony to Increase LCD TV Shipments by 19%,2013-05-13,NVDA
Analysts Sentiment On Nvidia Ahead Of Q2 Earnings,2017-08-10,NVDA
A Peek Into The Markets: U.S. Stock Futures Down Ahead Of Consumer Sentiment Report,2016-11-11,NVDA
"Apple Shows Signs Of Recovery From Coronavirus, Doesn't Shake Bulls With Lack Of Guidance",2020-05-01,AAPL
"Apple $425 Per Share Case 'On The Horizon,' Analyst Says",2020-06-05,AAPL
Watch These 7 Huge Put Purchases In Monday Trade,2016-12-19,NVDA
Q4 2017 Real-Time Call Brief,2017-02-09,NVDA
"Asia Markets Mixed As Coronavirus Cases Rise, Mobile World Congress Canceled",2020-02-14,NVDA
"Cold Start: Worries About Hawkish Fed, Rising Prices Seem To Weigh On Sentiment",2018-11-09,NVDA
Has Weakness In Semiconductor Stocks Made It Time To Buy?,2017-12-05,NVDA
Stocks Hitting 52-Week Highs,2016-12-15,NVDA
Jobs Growth Stays A Little Slow in April As Unemployment Rate Falls,2018-05-04,NVDA
A Peek Into The Markets: US Stock Futures Edge Higher Ahead Of Economic Reports,2020-02-14,NVDA
BofA: Three Semiconductor Picks In A Choppy Market,2018-02-10,NVDA
"B of A Securities Reiterates Buy on Apple, Lowers Price Target to $320",2020-03-11,AAPL
This Is The Nvidia Pullback You've Been Waiting For,2017-08-14,NVDA
"After NVIDIA's Solid Q3, Analyst Sees 18% Upside",2016-11-11,NVDA
"Wells Fargo Maintains Overweight on NVIDIA, Lowers Price Target to $280",2020-03-20,NVDA
"Cascend Maintains Buy on Apple, Lowers Price Target to $325",2020-05-01,AAPL
GameStop Shares Volatile Between $4.10-$4.20 Level; Pullback From $4.20 Level On Volume Following The Verge Report Of NVIDIA Streaming Game Service,2020-02-04,NVDA
Stocks Hitting 52-Week Highs,2016-08-12,NVDA
"US Stock Futures Flat; ECB, Economic Data In Focus",2012-11-08,NVDA
"CEO Huang Registers 125,002 Shares of NVIDIA -Form 144",2017-01-19,NVDA
NVIDIA Sets Conference Call for First-Quarter Financial Results For May 10th After Market Close,2018-04-19,NVDA
Some Staples Stocks Bouncing Back After Sliding In Recent Rally As Caution Tightens Grip,2020-04-01,NVDA
Goldman Sachs Adds Nvidia To 'Conviction Buy' List,2018-10-18,NVDA
Amplify ETFs CEO Breaks Down The Merits Of Blockchain Investing,2018-02-18,NVDA
"UPDATE: Goldman Sees Augmented Reality Market Value Of $59B in 2025, Sees Virtual Reality Market Value Of $36B",2016-07-18,NVDA
Benzinga's Volume Movers,2015-08-07,NVDA
Upcoming Earnings: Tech Giant Nvidia To Report Q3 Results Tomorrow,2018-11-14,NVDA
NVIDIA Shares Down ~$1.10 Over Last Min. As Traders Circulating Concerning Report From 'Guru Of 3D',2017-07-17,NVDA
The Market In 5 Minutes,2017-05-24,NVDA
NVIDIA Sees Q3 Sales $1.68B +/- 2% vs $1.45B Est.,2016-08-11,NVDA
The Market In 5 Minutes,2017-02-27,NVDA
Nvidia Consolidating Intra-Day; Up 3.61% (NVDA),2011-04-07,NVDA
E-Commerce Is Among The Lucky Ones With The Tools To Amortize The Coronavirus Blow,2020-03-12,AAPL
"7 Stocks To Watch For August 11, 2017",2017-08-11,NVDA
Hearing Softbank Considering Plan To Sell Stake In NVIDIA In 2019,2018-12-11,NVDA
"Earnings Scheduled For February 12, 2014",2014-02-12,NVDA
'AMD is readying graphics cards to take on Nvidia's GeForce RTX range' -Tech Radar,2018-12-04,NVDA
10 Biggest Price Target Changes For Friday,2020-04-24,AAPL
"Walmart Earnings Look Strong Across the Board, But Home Depot Down After Missing on EPS",2020-05-19,NVDA
"Position Scrimmage: Coronavirus, End-Of-Month Profit Taking Influencing Markets",2020-01-31,NVDA
Nvidia Goes Negative (NVDA),2011-03-03,NVDA
"Chip Stocks On the Move: AMD, Nvidia, Xilinx, Rambus And More",2017-07-10,NVDA
Shares of several technology companies are trading higher as equities continue to rise following last week's rebound amid US stimulus measures.,2020-03-30,NVDA
Intel CPU Shortages May Impact Notebook ODM's in H1 2019,2018-12-11,NVDA
"Morgan Stanley Maintains Overweight on NVIDIA, Lowers Price Target to $260",2018-11-08,NVDA
"Nomura Downgrades NVIDIA to Reduce, Announces $90.00 Target",2017-02-22,NVDA
Mid-Morning Market Update: Markets Mixed; J C Penney Sales Miss Estimates,2016-05-13,NVDA
"Bank of America Downgrades Nvidia from Buy to Neutral, Maintains PO at $16.5",2012-02-16,NVDA
"Analysts Like Nvidia's EGX Edge Supercomputing Platform, 5G Opportunity",2019-10-22,NVDA
US Stock Futures Signal Higher Start On Wall Street,2014-01-21,NVDA
NVIDIA shares are trading higher after the company announced a new gaming chip at CES 2019.,2019-01-07,NVDA
3 Semiconductor Stocks With Soaring Short Interest,2015-05-14,NVDA
Nvidia Raised to 'Outperform' by Wells Fargo,2011-08-23,NVDA
2017 Game Developers Conference Begins Today; Advanced Micro Devices And Nvidia Attending,2017-02-27,NVDA
"Oppenheimer Likes Avago, Skyworks Solutions; Upgrades Marvell And Downgrades Broadcom",2015-07-07,NVDA
NVIDIA Posts Record Revenue,2014-11-07,NVDA
"PC Market Be Damned, NVIDIA Stock Is A Buy",2015-08-03,NVDA
"NVIDIA Q4 Adj. EPS $1.89 Beats $1.66 Estimate, Sales $3.105B Beat $2.96B Estimate",2020-02-13,NVDA
Wednesday February 27th watchlist,2013-02-27,NVDA
"Cramer: Tesla Is A Tech Company On Wheels, Unlike Ford And GM",2020-01-23,NVDA
This AMD Bear Is No Less Bearish Ahead Of Q3 Earnings,2017-10-23,NVDA
Nvidia Sees FY18 Revenue $1.9B vs $1.88B,2017-02-09,NVDA
"A Peek Into The Markets: US Stock Futures Down Ahead Of Earnings, Jobless Claims Data",2020-05-21,NVDA
"A Peek Into The Markets: US Stock Futures Climb Ahead Of Earnings, Fed Minutes",2020-05-20,AAPL
IHS Reports Worldwide Semiconductor Revenue Hits Record $129.8B in Q3 2018,2018-11-30,NVDA
"Benzinga's Initiation Summary for May 31, 2012",2012-05-31,NVDA
Analyst: Nvidia Earnings Will Triple In The Next 5 Years,2019-10-15,NVDA
Should AMD Blame Itself for its Losses?,2012-01-24,NVDA
Apple: MacBook Pros Using A New Generation Nvidia GeForce GT 650m Graphics,2012-06-11,NVDA
"Sony, Nvidia, Uber Introduce Electric, Autonomous Auto Concepts At CES",2020-01-07,NVDA
Credit Suisse Compiles List Of Corporations With Most And Least Cash,2020-04-02,AAPL
"NVIDIA Reports Q2 EPS $1.01 vs $0.70 Est., Sales $2.23B vs $1.96B Est.",2017-08-10,NVDA
Nvidia Option Alert: Mar 16 $240 Calls at the Ask: 500 @ $7.1 vs 274 OI; Ref=$189.,2017-09-18,NVDA
NVIDIA shares are trading higher despite no company-specific news. The stock has rallied roughly 14% in the past 3 months.,2019-09-25,NVDA
NVIDIA shares are trading higher after Morgan Stanley upgraded the company's stock from Equal-Weight to Overweight and announced a $259 price target.,2019-11-25,NVDA
9 Technology Stocks Moving In Thursday's Pre-Market Session,2019-10-17,NVDA
Apple CEO Tim Cook Sees Remote Work Sector Accelerating,2020-04-30,AAPL
32 Stocks Moving in Friday's Pre-Market Session,2020-05-01,AAPL
NVIDIA Shares Trading Lower As Traders Circulate The Information Article Which Highlights Huawei's AI Push With 'Project Da Vinci' To Challenge NVIDIA's AI Chips,2018-07-12,NVDA
"As Market Gyrates, Investors Seek Direction From Large Stocks Including Apple, Microsoft",2020-03-11,AAPL
"Stocks That Will Be Trading Ex Dividend Thurs., Nov. 29, 2018",2018-11-28,NVDA
Tariff Troubles: Market Retreat Looks To Continue As U.S. Raises Levies On China Goods,2019-05-10,NVDA
NVIDIA Higher Following Earnings,2014-08-08,NVDA
"Shares of chip stocks are trading lower after RBC analysts reportedly issued cautious commentary on NVIDIA, citing potential softness in the gaming sector.",2018-12-27,NVDA
Apple Accidentally Confirms Unreleased Product That Helps Users Find Lost Items,2020-04-03,AAPL
Nvidia At CES: Oppenheimer's Major Takeaways,2018-01-10,NVDA
"FBR Capital Maintains Market Perform on NVIDIA Corporation, Lowers PT to $14.00",2013-02-12,NVDA
All The Nvidia Launches Thus Far This Year,2017-09-15,NVDA
Traders See Signs Of Rotation Into Financials Amid Nasdaq's Worst Day In Months,2017-11-29,NVDA
Hearing Piper Sandler Raised Apple Price Target From $260 To $300; Unconfirmed,2020-04-08,AAPL
"Nvidia Impresses Analysts With Datacenter Resurgence, Expanding Margins",2019-11-15,NVDA
A Peek Into The Markets: US Stock Futures Edge Higher Ahead Of Economic Reports,2019-02-15,NVDA
Option Alert: $NVDA Jan $32 Call Sweep; 1385 Contracts @Ask @$1.11,2015-11-30,NVDA
"NVIDIA Beats Q4 Estimates, Sales Up 55%",2017-02-09,NVDA
A Peek Into The Markets: U.S. Stock Futures Edge Higher Ahead Of Fed Speakers,2017-06-20,NVDA
"Deutsche Bank AutoTech Conference Takes Place Today; Attendees Include Ford, Intel, Delphi, Nvidia, ON Semiconductor, & Maxim Integrated Products",2017-05-11,NVDA
"Benzinga's Top ETF Decliners, August 23rd (SOXS, ERY, FSG, SQQQ)",2011-08-23,NVDA
A Peek Into The Markets: US Stock Futures Edge Lower Ahead Of Economic Data,2018-08-17,NVDA
24 Technology Stocks Moving In Thursday's Pre-Market Session,2020-01-02,NVDA
Stocks That Hit 52-Week Highs On Thursday,2019-12-12,NVDA
Trump's Executive Order To Expose Social Media To Lawsuits Over Content Policies,2020-05-28,AAPL
What's Powering This Robotics ETF,2017-11-07,NVDA
Benzinga's Top Pre-Market Losers,2013-08-09,NVDA
Tigress Financial Reiterates Buy Rating on NVIDIA,2016-08-18,NVDA
"Stocks That Made New 52-Wk Highs Earlier Include: Accenture, M&T Bank, PNC, Ansys, Lockheed Martin, Deere, Raytheon, Intuit, Comerica, Interpuclic, Northrop Grumman, VeriSign, Estee Lauder, Bristol-Myers, Red Hat, Nike, NVIDIA and Global Payments",2018-02-16,NVDA
"After Two Quiet Days, The Nvidia Rally Continues",2017-06-08,NVDA
"Benzinga's Top ETF Gainers, January 24th (EGPT, DRN, DBB, ZSL)",2012-01-24,NVDA
"Benzinga Pro's Top 10 Most-Searched Tickers For Morning of Friday., August 16, 2019",2019-08-16,NVDA
6 Degrees Of Self-Driving Separation,2016-08-24,NVDA
"Stocks Which Set New 52-Week Low Yesterday, October 29th",2018-10-30,NVDA
Stocks That Hit 52-Week Highs On Friday,2020-01-10,NVDA
"Short Interest in Chip Makers on the Rise (AMAT, ARM, NVDA)",2013-02-13,NVDA
"Apple Shares Unaffected Following Co. Press Release Highlighting Second-Generation iPhone SE, Starting At $399",2020-04-15,AAPL
"Unusual Option Action: 16,000 March $13.00 Nvidia Calls Trade Hands on Heavy Volume",2013-03-06,NVDA
Canopy Growth's Storz & Bickel Bypasses Apple's Vaping App Ban With New Web App,2020-03-13,AAPL
"NVIDIA Falls Following Nomura Downgrade, Analyst Concerned About Slowdown In Gaming",2017-02-22,NVDA
Buckle Up: US House Panel Votes To Hasten Self-Driving Car Deployment,2017-07-27,NVDA
"Wells Fargo Maintains Overweight on NVIDIA, Raises Price Target to $290",2020-02-11,NVDA
Game On: Nvidia Reportedly Working On Sub-$300 Graphics Card To Take On AMD,2019-09-10,NVDA
The Market In 5 Minutes,2017-04-04,NVDA
7 Technology Stocks Moving In Friday's Pre-Market Session,2019-08-16,NVDA
UPDATE: FBR Upgrades Nvidia to Outperform,2012-02-13,NVDA
"Analyst: NVIDIA Is Overvalued, But Don't Sell Ahead Of CES",2016-12-28,NVDA
"Credit Suisse Maintains Neutral on Apple, Lowers Price Target to $260",2020-04-03,AAPL
Susquehanna Upgrades NVIDIA to Positive,2018-11-13,NVDA
"NVIDIA Shares Moving Lower Off The Open, Traders Attributing Move To Big Seller In Shares",2018-02-09,NVDA
"Benzinga Pro's Top 10 Most-Searched Tickers For Morning of Fri., May 17, 2019",2019-05-17,NVDA
Apple Acquires Dark Sky Weather App,2020-03-31,AAPL
VirnetX Shares Dip; Hearing Judge Has Ordered Retrial Regarding Damages In VirnetX vs Apple VPN On Demand Lawsuit,2020-05-01,AAPL
"Nvidia Thesis 'Played Out,' Needham Cautions",2015-11-03,NVDA
"Goldman Maintains Buy On Nvidia, Maintains $185 Target Ahead Of Co's Earnings 5/16 Post Close As Firm Remains Bullish Long-Term, But Expects 'Gaming to remain weak on channel adjustments while Datacenter likely to be impacted by near term customer pauses'",2019-05-13,NVDA
"Barclays Maintains Overweight on NVIDIA, Raises Price Target to $225",2019-11-15,NVDA
China To Impose $75 Billion In Retaliatory Tariffs,2019-08-23,NVDA
Benzinga's Top Pre-Market Losers,2011-09-20,NVDA
Here's What You Missed From Nvidia's Analyst Day,2017-05-13,NVDA
Autonomous Yard Trucking Startup Drives Out Of Stealth With $53M In Series A,2020-02-19,NVDA
"Shares of several semiconductors companies are trading lower after the spread between the 2-year and 10-year yield curve inverted for the first time since 2007, potentially signaling an oncoming recession.",2019-08-14,NVDA
Needham Downgrades NVIDIA to Hold,2015-11-03,NVDA
"Market Update- SRE, ISAT, THC, SYY, ONTY, TRMB, NVDA- Analysts Upgraded",2011-05-09,NVDA
"Barron's Recap (5/26/12): The Top 50 Annuities, and Tech Firms Hoard Cash",2012-05-27,NVDA
"Earnings Scheduled For February 13, 2013",2013-02-13,NVDA
44 Biggest Movers From Friday,2017-11-13,NVDA
Semiaccurate Questioning Nvidia's Ability to Supply Apple,2011-12-01,NVDA
Loup Ventures' Gene Munster On NVIDIA Results: 'While we are believers in the Nvidia story...we believe that there remains risk to FY20 guidance',2019-02-15,NVDA
RBC Analyst Comments On Implications For NVIDIA From Possible AMD/Tesla Deal: Deal 'will unlikely result in a single source dynamic (where Tesla only works with AMD)',2017-09-21,NVDA
"Wedbush Maintains Outperform on Apple, Raises Price Target to $375",2020-06-05,AAPL
"Benzinga's Top ETF Decliners, January 5th (GAZ, TVIX, SGG, SOXS)",2012-01-05,NVDA
FBR Capital Markets Expects News About NVIDIA from Annual Investor Day,2014-03-24,NVDA
"Stifel Nicolaus Maintains Buy on NVIDIA Corporation, Raises PT to $19.00",2014-02-13,NVDA
Stocks Hitting 52-Week Highs,2015-12-30,NVDA
"Oppenheimer Maintains Outperform on NVIDIA, Raises Price Target to $250",2019-11-12,NVDA
"FBR Capital Markets Downgrades Nvidia from Outperform to Market Perform, Lowers PT from $17.50 to $14",2012-10-19,NVDA
﻿Shares of many semiconductor companies are trading higher as investors are optimistic of a trade deal with China that could be reached after President Trump said a Chinese delegation is set to come to the U.S. next week for continued trade talks.,2019-10-03,NVDA
7 Biggest Price Target Changes For Monday,2017-01-09,NVDA
"Option Alert: Nvidia Jun $21 Call; 10,477 Contracts Traded vs 98 OI;; Currently $19.18",2014-06-09,NVDA
"CEOWORLD Daily Business Roundup- JNJ, CHK, AMD, T, AXP, AAPL, INTC, JPM, GOOG, LLY, CSCO…",2011-04-16,NVDA
"Nomura Instinet Maintains Neutral on Apple, Lowers Price Target to $225",2020-03-23,AAPL
"Barclays Downgrades NVIDIA to Underweight, Raises PT to $25.00",2016-01-14,NVDA
Nvidia Shares Moving on Wednesday Report Being Circulated on 64-bit Nvidia Tegra ARM CPU in Google Nexus 8 Tablet,2014-05-28,NVDA
3 Companies Most Likely To Win When Virtual Reality Takes Over,2016-06-27,NVDA
"NVIDIA Shares Spiking Higher, The Tech Report Announced Positive Review Of GTX 1080 TI Graphics Card",2017-03-09,NVDA
"CNBC's Stock Pops & Drops From November 3: GoPro, Gilead Sciences And More",2014-11-04,NVDA
"RBC Capital Maintains Outperform on NVIDIA, Raises Price Target to $217",2019-10-07,NVDA
"NVIDIA, Ubisoft form Gaming Alliance",2013-08-22,NVDA
NVIDIA Option Activity Implies A 12.8% Move Post Earnings,2017-02-09,NVDA
"Top Percentage Gainers and Losers as of 12pm 5/13/11 (ABIO, DDS, GFRE, APL, VRML, DF, SWSH, CLSN, AERL, CA, NVDA, QTWW, IMRS, FFHL, MPG, GENE)",2011-05-13,NVDA
55 Biggest Movers From Friday,2018-11-19,NVDA
"NVIDIA Shares Down 2% Over Last Few Moments, Not Seeing Any News To Justify Price Action",2017-10-25,NVDA
"Talking Trade: Back To The Table This Week, But Will Big Issues Be Addressed?",2019-10-07,NVDA
Don't Be Surprised If NVIDIA Closes Higher Today,2016-12-29,NVDA
"Taiwan Semiconductor Seeing Ramp-up in Orders from AMD, Nvidia",2020-04-23,NVDA
Seeing Notable Block Trade In NVIDIA Of 3.8M Shares At $197.65/Share,2017-12-01,NVDA
Fast Money Traders Share Their Thoughts On NVIDIA And Micron Technology,2015-03-24,NVDA
Evercore: Nvidia Can 'Power Through' Bitmain Ethereum Mining Tailwinds,2018-04-04,NVDA
"NVIDIA Shares Spike Over $67.50 Level, Now Over $68 as Traders Passing Around Unconfirmed Takeover Chatter",2016-11-04,NVDA
"Maxim Integrated Products Reports Collaboration With NVIDIA For Autonomous Driving, Safety Applications",2018-01-09,NVDA
"NVIDIA Shares Indicated Up 1.4% Premarket On Light Volume (~11.5K Shares); Hearing Needham Raised Price Target On Stock To $350, Cited 'increased confidence NVDA will begin to take a larger share of the inference market...'",2018-09-14,NVDA
Nvidia Sharply Higher After Q3 Beat,2015-11-06,NVDA
"AMD Drops On Mixed Quarter, Analysts Weigh In",2019-07-31,NVDA
"NVIDIA To Report Q3 Earnings On Thurs., Nov. 9 After Market Close",2017-10-26,NVDA
UPDATE: Citi Raises Price Target on NVIDIA to $17,2011-11-11,NVDA
Spotify CEO's Apple Barb Backfires As Sonos Points Out The 'Solid Irony',2020-05-08,AAPL
"Watch Large Cap Semiconductor Stocks, These Names Up Around 4% And Higher As Of Mid Afternoon Trading",2015-08-26,NVDA
"Barclays Maintains Overweight on NVIDIA, Lowers Price Target to $250",2018-11-16,NVDA
"Regional Banks, Other Cyclicals Saw Buying Interest Yesterday Amid Stimulus Hopes",2020-03-27,AAPL
5 Technology Stocks Moving In Tuesday's Pre-Market Session,2019-11-19,NVDA
"Benzinga's Bulls & Bears Of The Week: Amazon, Fitbit, Mattel, Twitter And More",2018-04-08,NVDA
UPDATE: Morgan Stanley On NVIDIA Continues 'Bulls probably wanted more clarity on data center than we heard despite a return to q/q growth',2019-08-16,NVDA
"Bernstein Initiates Coverage On NVIDIA with Outperform Rating, Announces $165.00 Price Target",2017-05-19,NVDA
Intel Worried About Google's Plan to Make Server Processors,2013-12-18,NVDA
CES 2017 Will Effectively Be A Car Show: A Look At Key Themes,2016-12-28,NVDA
Roku Or Netflix – Which One Is Better In The Near Term?,2020-03-26,AAPL
Mid-Morning Market Update: Markets Open Higher; NVIDIA Beats Q4 Views,2017-02-10,NVDA
Shares of several technology companies are trading higher as equities continue to rise following last week's rebound amid US stimulus measures.,2020-03-30,AAPL
Advanced Micro Devices' Price Target Raised To 2007 Level At Canaccord,2016-12-14,NVDA
Benzinga's Top Upgrades,2014-01-21,NVDA
"Cascend Maintains Buy on NVIDIA, Raises Price Target to $300",2020-02-13,NVDA
"Evercore ISI Group Upgrades NVIDIA to Buy, Announces $120.00 Target",2016-12-14,NVDA
'iPhone 12 Production Expected to Begin in July' -MacRumors,2020-06-09,AAPL
"Must Watch Stocks for May 7, 2015",2015-05-07,NVDA
Chips And Cryptocurrencies: A Match Made In Tech Heaven?,2017-06-28,NVDA
"UPDATE: Loup's Bohlig Tells Benzinga If Other OEMs Bring Development Of A.I. Chips For Autonomous In-House He Would Reconsider NVIDIA Thesis, But Most Will Likely 'Leave chip development to the experts.'",2017-12-08,NVDA
EU Antitrust Regulators To Approve Without Conditions Nvidia's $6.8 Billion Bid For Mellanox Technologies,2019-12-18,NVDA
"Salman Partners Maintains Nvidia at Buy, Lowers PT from $18.75 to $16.75",2012-05-14,NVDA
US To Block Shipments Of Semiconductors To Huawei: Report,2020-05-15,AAPL
"GM, Disney, Beyond Meat Results In Focus, With GM And BYND Getting Early Lift",2020-05-06,AAPL
Advanced Micro Devices Continues To Rip On Potential Intel Deal,2017-02-06,NVDA
NVIDIA Short Term Bullish Reversal,2011-11-22,NVDA
NVIDIA Taps Industry Veteran Steve Scott to Help Shape the Future of High Performance Computing,2011-08-10,NVDA
25 Stocks Moving In Tuesday's Pre-Market Session,2017-04-04,NVDA
"7 Stocks To Watch For November 10, 2017",2017-11-10,NVDA
Benzinga's Top Downgrades,2016-07-15,NVDA
NVDA Sells Proprietary Cross-Platform Portability Tech To TransGaming For $3.75M,2015-06-11,NVDA
NVIDIA Announces Collaboration with Taiwan's Ministry of Science and Technology to Accelerate Taiwan AI Development,2017-10-26,NVDA
"NVIDIA Earnings Preview: Analysts Expect Higher EPS, Revenue",2011-11-08,NVDA
Watch GE and NVIDIA After the Companies Announced a Partnership to Accelerate Artificial Intelligence in Healthcare,2017-11-27,NVDA
Bank Of America's Key Takeaways From Nvidia's Investor Day,2018-03-28,NVDA
Chop Chop: Strong Earnings Lift Markets After Tuesday Thud; FOMC Minutes Ahead,2020-05-20,NVDA
"NVIDIA, Wells Fargo Lead $40M Investment Round In A.I. Startup H20.ai, An Open-Source Deep Learning Platform For Predictive Maintenance, Security, Fraud, Auditing, Etc.",2017-11-30,NVDA
Semi Stocks Relatively Unaffected Amid Trader Circulation of Report Intel May Be Ramping 3D NAND Supply in China,2017-05-02,NVDA
"Goldman Expects '2019 to be another challenging year for Semis, particularly in 1H'; Firm Is 'least negative on Semi Cap Equipment as the stocks already seem to be pricing in a downturn'",2019-01-08,NVDA
Bank Of America Maintains Buy Rating On Nvidia,2011-08-12,NVDA
Shares of several semiconductor companies are trading higher after China released a tariff exemptions list for certain products from the U.S. Apple also released new iPhones which are expected to benefit several companies within the sector.,2019-09-11,NVDA
"Analysts Impressed With AMD's Execution, Pipeline Following Solid Q1 Results",2019-05-01,NVDA
"Sympathy Moves, Explained: Unsympathetic Earnings Season Continues As Nvidia, Advanced Micro Devices Diverge",2017-05-12,NVDA
Apple Fined €1.1B byFrench Competition Authority for Anti-competitive Behaviour in Its Distribution Network,2020-03-16,AAPL
Option Traders Make Bullish Bets On Nvidia,2019-10-09,NVDA
"Machine Learning Conference Update: Amazon And NVIDIA Winning, IBM And Alphabet Losing",2016-06-21,NVDA
"Cramer Weighs In On Ciena, Harley-Davidson And More",2020-06-02,NVDA
Loop Capital 'Loop Around The Valley' Semiconductor Bus Tour Concludes Today,2017-08-16,NVDA
"Jefferies Analysts Are Buyers Of NVIDIA Amid Sales Momentum, Probability Of Upside",2016-08-08,NVDA
Semi Execs Present Optimistic View At Morgan Stanley's TMT Conference,2018-02-27,NVDA
Nvidia Is A Buy With These Expanding Markets,2016-06-02,NVDA
"Benzinga Pro's Top 10 Most-Searched Tickers For the Morning of Friday, Aug. 17th",2018-08-17,NVDA
"UPDATE: Loup's Munster Sees NVIDIA Shares Being 'range bound in the coming months, as investors will likely trim revenue expectations'",2019-02-15,NVDA
Is NVIDIA Going Back To $90? Citron Thinks So,2016-12-28,NVDA
NVIDIA Temporarily Suspends Self Driving Testing Across Globe Following Uber Fatality,2018-03-27,NVDA
Earnings Scheduled For May 11,2012-05-11,NVDA
"14% Upside Seen For Nvidia Shares On PC Gaming, Bitcoin Mining Strength",2017-10-05,NVDA
"Left Doubles Down On Nvidia Call: Don't Gamble, Stock Got Away Ahead Itself",2017-06-09,NVDA
"UPDATE: Morgan Stanley Upgrades NVIDIA To Overweight, Raises Target To $259 Notes 'We see 2020 as a return to solid growth in both key segments, gaming and hpc/cloud(datacenter), even in a tough semiconductor environment'",2019-11-25,NVDA
Fast Money Traders Share Their Picks In The Chip Space,2017-09-19,NVDA
J.P. Morgan Maintains Neutral on NVIDIA,2011-09-07,NVDA
"Nvidia Cuts Q4 Sales Guidance, Chips Stocks Tumble",2019-01-28,NVDA
Taiwan Semiconductor Could Blow Street Estimates Away,2016-06-28,NVDA
AMD is on Life Support While these Semiconductor Stocks Thrive,2013-01-23,NVDA
Nvidia Will Maintain 'Dominant Market Share' Thanks To New Volta Chip,2017-05-18,NVDA
Nvidia Beats Q1 Estimates; Provides Weak Guidance,2013-05-10,NVDA
Shares of companies in the semiconductor space are trading higher after Micron reported strong Q3 earnings.,2019-06-26,NVDA
5 Biggest Price Target Changes For Friday,2017-11-10,NVDA
The Market In 5 Minutes: All Eyes On The Fed,2016-12-14,NVDA
"Shares of several technology, software and semiconductor companies are trading lower as equities sell off amid continued global coronavirus concerns. The virus has caused global economic disruption and negatively impacted stocks across sectors.",2020-03-18,NVDA
"Stocks Which Set New 52-Week Low Yesterday, Tues., Nov. 20, 2018",2018-11-21,NVDA
"NVIDIA Beats, Then Gets Beaten",2011-08-12,NVDA
Top 4 NASDAQ Stocks In The Semiconductor-Specialized Industry With The Highest Cash,2011-07-21,NVDA
S&P 500's Technology Sector Update 6/9/2011,2011-06-09,NVDA
Assessing An Active Momentum ETF,2017-06-19,NVDA
"Bank of America Upgrades NVIDIA to Neutral, Raises PT to $22.00",2014-12-19,NVDA
Ferocious FANGs: Leveraged ETNs For The Tech Sector Debut,2018-01-23,NVDA
"CEOWORLD Most Popular Stocks on 5/13/11- CA, NVDA, VRML, JWN, ENB, PNSN, SFIO, PAY, HYC, TREE",2011-05-13,NVDA
Apple Chassis Maker Catcher Said to be Considering Leaving China to Open Factories in SouthEast Asia,2020-05-06,AAPL
Hearing Evercore ISI Raises Price Target On Apple From $330 To $345,2020-05-21,AAPL
Nvidia Posts Big Q2 Earnings Beat,2017-08-10,NVDA
NVIDIA shares are trading higher after RBC Capital maintained an Outperform rating on the stock and raised its price target from $251 to $301.,2020-02-10,NVDA
"Benzinga Pro's Top 10 Most-Searched Tickers For Morning Of Mon., Nov. 26, 2018",2018-11-26,NVDA
Semiconductor Stocks Are Under Heavy Selling Pressure,2017-12-04,NVDA
NVIDIA Hints at Major Product Announcement Tuesday,2011-06-27,NVDA
"Roth Capital Upgrades NVIDIA to Buy, Raises PT to $25.00",2015-08-07,NVDA
NVIDIA Q2 Earnings Analyst Roundup,2014-08-08,NVDA
NVIDIA To Report Q3 Earnings After The Closing Bell; Co. Historically Issues Its Report At 4:20 p.m. ET,2018-11-15,NVDA
Tech ETFs And Stocks Tumble: Time To Buy?,2017-11-30,NVDA
20 Stocks Moving In Wednesday's Pre-Market Session,2018-11-21,NVDA
"Benzinga's Top ETF Gainers, August 26th (RUSL, SOXL, TQQQ, TYH)",2011-08-27,NVDA
"Forgot The FANG Trade, This Stock Outperformed The Group",2016-08-11,NVDA
'Apple Expects to Start Reopening Stores in First Half of April' -Bloomberg,2020-03-24,AAPL
Nvidia Lower Heading Into Q3 Report,2017-11-09,NVDA
"Hearing Apple, Goldman To Let Card Holders Defer April Payments",2020-04-01,AAPL
Jim Strugger's NVIDIA Trade,2016-03-29,NVDA
Option Alert: NVDA Fri 1/8 33.0 Calls (Wkly) Sweep: 700 @ ASK $0.80: 1205 traded vs 3130 OI: Earnings 2/10 $32.94 Ref,2015-12-28,NVDA
Arista Networks Pops to High of $96.50 on Volume,2017-02-08,NVDA
"The Market In 5 Minutes: Tesla Earnings, Under Armour's Future, GM, Nvidia, Square And More",2018-05-03,NVDA
Shares of several multinational companies are trading lower following a tweet from President Trump which hinted at additional tariffs on China and China indicated it may back out of upcoming trade negotiations.,2019-05-06,NVDA
Italians on Diet 11-11-2011,2011-11-11,NVDA
Benzinga's Option Alert Recap From October 19,2017-10-19,NVDA
Option Alert: NVDA Apr16 32.0 Calls Sweep: 1274 @ ASK $1.46: 2373 traded vs 1404 OI: Earnings 5/5 $32.24 Ref,2016-03-14,NVDA
"Benzinga's Top Upgrades, Downgrades For February 3, 2017",2017-02-03,NVDA
"JMP Securities Upgrades NVIDIA Corporation to Market Outperform, Announces $26.00 PT",2014-04-01,NVDA
"Nomura Maintains Neutral on NVIDIA, Lowers Price Target to $200",2018-11-16,NVDA
Apple shares are trading higher potentially due to the company announcing it would produce 1 million face shields per week for healthcare workers.,2020-04-06,AAPL
"Barron's Picks And Pans: General Electric, General Mills, MLPs And More",2018-04-21,NVDA
"Option Alert: NVDA Feb $19.5 Put; 10,000 Contracts On Ask @$0.24",2015-02-11,NVDA
"A Peek Into The Markets: U.S. Stock Futures Drop Ahead Of Macy's, Kohl's Earnings",2017-08-10,NVDA
Nvidia Looks Like The Primary Beneficiary Of A Shift In The Computing Business Model,2017-05-10,NVDA
"The Week Ahead: Apple Holds A Special Event, Roku's Lockup Expires And More",2018-03-26,NVDA
"Fast Money Traders Share Their Picks: Cisco, Nvidia And More",2017-10-20,NVDA
"'Options Action' Traders Weigh In On Apple, S&P 500, Crude Oil",2020-04-18,AAPL
Hear That? It's Tech Earnings Season Sneaking In,2015-10-01,NVDA
Traders Have Been All Over These Tech ETFs,2017-08-14,NVDA
"Benzinga Pro's Top 5 Stocks To Watch For Fri., Feb. 14, 2020: TSLA, ROKU, CRON, YELP, AMD",2020-02-14,NVDA
"Big Chip Q3 Earnings Preview: Intel Could Win On Muted Expectations, AMD Makes Inroads",2019-10-24,NVDA
"2017 Game Developers Conference Continues Today, Day 2 Of 5",2017-02-28,NVDA
NVIDIA Shares Quiet As Global Equities Trip Chowdhry Says They See Walmart Going 'Full Steam' With Deep Neural Networks And Will Be Creating Its Own NVDA GPU Clusters On Walmart Cloud OneOps,2017-08-29,NVDA
Apple And Google Say No To Location Tracking In Coronavirus Contact Tracing Apps,2020-05-05,AAPL
"Hearing Stifel Earlier Highlighted Negative Implications For NVIDIA Related To AMD Deal With Intel, AMD GPU Head Joining Intel; Said Intel Is Building A GPU, Parallel Processor To Compete Against NVIDIA",2017-11-08,NVDA
"Social Capital's Chamath Palihapitiya Currently On CNBC Discussing Chip Cos. Cautiously; Could Explain Move Lower In NVIDIA, AMD",2017-12-12,NVDA
"6 Stocks To Watch For May 11, 2018",2018-05-11,NVDA
"Apple Rumored To Be Eyeing $100M Acquisition Of AR, VR Company NextVR",2020-04-06,AAPL
Stocks That Hit 52-Week Highs On Thursday,2020-02-20,NVDA
China-Focused Fund Manager Fang Zheng Makes Big Moves in Tesla; Nvidia; Alibaba,2017-06-16,NVDA
"Top Performing Industries For November 6, 2015",2015-11-06,NVDA
"'I've Been Dreaming About This,' Nvidia CEO Says After $7B Mellanox Acquisition Deal Finally Closed",2020-04-28,NVDA
"Benzinga's Top Upgrades, Downgrades For May 19, 2017",2017-05-19,NVDA
"Analyst Polishes Apple Price Target On 'Teflon-Like' Services, iPhone 12 Outlook",2020-05-12,AAPL
"Nvidia Analyst Says New, Ampere-Based Data Center GPU Makes Chipmaker 'Unassailable'",2020-05-15,NVDA
"B of A Securities Earlier Reiterated Buy on Apple, Raised Price Target to $310",2020-04-27,AAPL
"3 ETFs To Play For The Week Ahead: REITs, Chips And More",2020-02-10,NVDA
"Goldman Sachs Downgrades NVIDIA to Sell, Maintains $20.00 PT",2015-03-23,NVDA
Benzinga's Top Pre-Market Losers,2013-10-11,NVDA
A Chip ETF Bleeds Cash; Some Of It May Be Going Here,2018-09-11,NVDA
"Benzinga's Top Upgrades, Downgrades For February 6, 2017",2017-02-06,NVDA
4 Stocks Moving In Thursday's After-Hours Session,2015-11-05,NVDA
Nomura Downgrades NVIDIA To Neutral,2015-06-10,NVDA
"Benzinga Pro's Top 10 Most-Searched Tickers For Morning Of Tues., Aug. 21, 2018",2018-08-21,NVDA
Short Interest in Chip Makers on the Rise,2012-09-13,NVDA
"Benzinga's Top Upgrades, Downgrades For November 15, 2019",2019-11-15,NVDA
"Apple Reports Big Q2 Earnings Beat, Driven By Record Services Revenue",2020-04-30,AAPL
NVIDIA CEO At Gamescom Says Newest Gaming Chips Will Use AI To Improve Computer Graphics,2018-08-20,NVDA
"SunTrust Robinson Humphrey Maintains Buy on NVIDIA, Raises Price Target to $216",2019-09-23,NVDA
Nvidia Leader in AI Chip Market -DigiTimes,2017-09-06,NVDA
Rambus Reports Licensing of DPA Countermeasures to NVIDIA,2016-10-24,NVDA
"'Citron accepting a challenge. @jimcramer has famously named his dog Nvidia. If $NVDA is trading over $230 in 12 months, Citron will donate $230k to the Humane Society...'",2018-04-13,NVDA
Cruise Line Earnings Later This Week Could Provide Insight On Brutal Quarter For Industry,2020-05-11,AAPL
"Earnings To The Rescue? HP, Macy's, Home Depot All Report Solid Results, Providing Lift",2020-02-25,NVDA
Todd Gordon's Nvidia Options Trade,2017-11-16,NVDA
"Deutsche Bank Maintains Buy on Apple, Raises Price Target to $350",2020-06-10,AAPL
Evercore ISI Analyst Amit DAryanani Says Apple Can Exceed $100 Billion In Services Revenue In The Fiscal Year Ending In September 2024,2020-05-21,AAPL
"Citron Thinks Nvidia Shares Could Fall 15%, Calls It 'Great Company, Dangerous Stock'",2018-02-02,NVDA
Investor Movement Index Summary: February 2020,2020-03-09,AAPL
Big Tech Reaches New Record Heights At The Stock Market,2020-06-10,AAPL
36 Stocks Moving In Monday's Mid-Day Session,2019-01-28,NVDA
"Chip Stocks Not Reacting As Traders Circulate Report From WCCF Tech 'Rumor: Intel To Skip 10nm For Desktop CPUs, Will Offer 7nm Desktop CPUs in 2022'",2019-10-14,NVDA
10 Stocks You Should Be Watching Today,2016-08-12,NVDA
Apple Shares Down 0.9% Since Earlier Dow Jones Report Co. Has Delayed Its Production Ramp Up For Flagship iPhones By About 1 Month,2020-04-27,AAPL
"Super Micro Computer Reports Support for NVIDIA EGX Platform On Co.'s NGC-Ready Industry-Leading 1U, 2U GPU Servers, Edge Computing Servers",2019-06-11,NVDA
Data Center Is The 'Most Exciting Aspect' Of NVIDIA's Story,2016-08-12,NVDA
Intel Shares Unaffected Following NY Post Article 'Apple to reportedly use its own chips for Macs instead of Intel's next year',2020-04-23,AAPL
Can NVIDIA Continue Its String Of Strong Earnings? Here's What To Expect,2016-02-17,NVDA
"AMD Analyst Says Cloud Gaming A Good Opportunity, But Stock Is 'Ahead Of Itself'",2019-03-19,NVDA
NVIDIA and Intellectual Ventures Partner to Acquire Portfolio,2012-05-14,NVDA
Semiconductors Are Down But Not Out,2011-11-22,NVDA
Option Alert: NVDA Nov16 70.0 Puts Sweep: 1000 @ ASK $5.10: 2024 traded vs 927 OI: Earnings 11/3 $68.69 Ref,2016-10-04,NVDA
Tech Sector Earnings: What's Been Going on Ahead Of Q2 Reports?,2018-07-02,NVDA
"A Peek Into The Markets: US Stock Futures Gain Ahead Of Earnings, Economic Data",2018-05-03,NVDA
"SemiAccurate: TSMC Suddenly Halts 28nm Production; Potentially Negative for NVDA, QCOM, ALTR, XLNX",2012-03-07,NVDA
Nvidia Continues To Hit New Lows (NVDA),2011-04-04,NVDA
3 Semiconductor Stocks With Big Swings In Short Interest,2015-08-27,NVDA
"Earnings Preview: NVIDIA's EPS, Revenue Expected to Rise",2011-08-08,NVDA
What A Possible AMD-Tesla Deal Means For Nvidia,2017-09-21,NVDA
Nvidia Shares Rebounding Off LOD Following Announcement Co. Lost First Round Of Patent Dispute With Samsung And Qualcomm,2015-10-09,NVDA
"12 Stocks To Watch For February 9, 2017",2017-02-09,NVDA
"Tech Tempts, But Valuations Look High",2017-10-02,NVDA
"Goldman Sachs Removes Nvidia From Conviction List, But Maintains Bullish Stance",2018-02-01,NVDA
"Boeing, Lennar, Nvidia, Gold ETF: 'Fast Money' Picks For December 3",2018-12-03,NVDA
Form 4 Filing Late Wednesday Showed NVIDIA Director Brooke Seawell Sold a Total of 21.029K Shares at Avg. Prices Ranging From $264.63 TO $264.85,2018-06-07,NVDA
"Loop Capital Initiates Coverage On NVIDIA at Buy, Announces $109.00 Target",2016-12-13,NVDA
"Shares of several technology, software and semiconductor companies are trading lower as equities sell off amid continued global coronavirus concerns. The virus has caused global economic disruption and negatively impacted stocks across sectors.",2020-03-12,NVDA
Option Alert: NVDA Jan16 36.0 Calls Sweep: 959 @ ASK $0.48: 972 traded vs 2975 OI: $33.37 Ref,2015-12-09,NVDA
"Earnings Scheduled For August 16, 2018",2018-08-16,NVDA
"""Stay at Home"" Stocks Still Rule the Roost as Nvidia, Microsoft, Apple Start Week Firmly",2020-05-12,AAPL
Benzinga's Option Alert Recap From March 20,2017-03-20,NVDA
Option Alert: NVDA Mar16 26.0 Puts Sweep: 1178 @ ASK $0.04: 1178 traded vs 2363 OI: $31.75 Ref,2016-03-08,NVDA
What's Next For Nvidia And Mellanox?,2019-03-12,NVDA
Notable Option Activity For December 8,2014-12-08,NVDA
Amazon Pilots Online Screening Of New Sellers During Pandemic,2020-04-27,AAPL
YouTube Makes Its Dedicated Children App Available On Apple TV,2020-05-27,AAPL
Amazon Ends Apple's Monopoly,2012-09-06,NVDA
Last Week In The S&P 500: Russell Weakness Bleeds Into The High Caps,2017-08-07,NVDA
The Sell-Side View On Advanced Micro Devices' Analyst Day,2017-05-18,NVDA
"NVIDIA Highlights Expansion Of Its Clara Healthcare Platform With New Capabilities, Partnerships To Help Medical Community Track, Test, Treat Coronavirus",2020-05-14,NVDA
"Along With Dramatic Jobs Data, Investors Scrutinize Recent Earnings From Uber, Square",2020-05-08,AAPL
The Market In 5 Minutes,2017-06-20,NVDA
NVIDIA Cuts Q4 Sales Guidance From $2.7B To $2.2B vs $2.7B Est.,2019-01-28,NVDA
CNBC's Stock Pops & Drops From August 8,2014-08-09,NVDA
5 Biggest Price Target Changes For Friday,2017-09-29,NVDA
"Option Alert: Nvidia Dec $21.5 Call; 1,349 Contract Trade at Ask @$0.26",2014-12-08,NVDA
UPDATE: Bank of America Downgrades NVIDIA to Neutral,2012-02-16,NVDA
GeForce Countered: AMD Launches RX Vega Gaming GPU,2017-07-31,NVDA
NVIDIA shares are trading higher after Morgan Stanley maintained its Overweight rating on the stock and raised its price target from $282 to $363 per share.,2020-05-26,NVDA
"AMD, Nvidia Cut GPU Prices As Crypto Slump Saps Demand",2018-04-02,NVDA
"Oppenheimer Downgrades NVIDIA Corporation to Perform, Removes $(aN) PT",2012-12-05,NVDA
These Insiders Were Making Moves Last Week,2016-02-29,NVDA
Morning Market Losers,2015-05-08,NVDA
An ETF For Early Exposure To The Electric Car Market,2018-01-23,NVDA
Technical Alert: Nvidia Corp Hovering Over Major Support,2017-01-03,NVDA
10 Technology Stocks Moving In Tuesday's Pre-Market Session,2019-10-15,NVDA
"Evercore Out Positive On NVIDIA, Says Bitmain Release Of Ethereum-Mining ASIC Creates 'Tremendous Buying Opportunity' For The Company; Firm Reiterates Their Outperform Rating And $275 Price Target",2018-04-04,NVDA
"Barron's Picks And Pans: Dollar Tree, Expedia, Nvidia, Prudential And More",2019-07-13,NVDA
"Tigress Financial Analyst Ivan Feinseth Comments On Semiconductors Strength, Tell Benzinga 'Positive trends in US-China trade negotiations is lifting all the chip stocks.'",2019-07-12,NVDA
"3 Reasons Why Tesla Will Hit $6,000, According To Ark Invest's Catherine Wood",2019-11-07,NVDA
The Chips Are Down: Weak Forecasts Hurt Semiconductor Stocks,2018-11-16,NVDA
"Short Sellers Less Keen on Applied Materials, Marvell Technology (AMAT, NVDA, MRVL)",2013-06-14,NVDA
Apple Shares Tank As Report Says New iPhone Launch Could Be Moved To Next Year,2020-03-26,AAPL
"The Week In Chip Stocks: AMD, Intel And More",2017-06-26,NVDA
"US Debt Market Raised $22.5B This Week, The Highest Since 2007: FT",2020-06-05,AAPL
Afternoon Market Stats in 5 Minutes,2020-06-08,NVDA
"Walmart, Target And Home Depot Among Major Retailers Set To Report Earnings In Days Ahead",2020-05-18,NVDA
"Big Week Of Earnings Ahead Featuring Cisco, Nvidia, UnderArmour, Among Others",2020-02-10,NVDA
Costco Earnings On Tap After Close As Investors Mull Strong Toll Brothers Results,2020-05-28,AAPL
"'AMD has sold more GPUs than Nvidia, according to this analyst report' -TechRadar",2020-02-27,NVDA
"Nomura Maintains Neutral on Apple, Raises Price Target to $240",2020-04-09,AAPL
Movin' On Up 08-11-2011,2011-08-15,NVDA
Semiconductor stocks are trading lower after Goldman Sachs analysts announced they expect a 'challenging' 2019 for the space.,2019-01-08,NVDA
"Big Short Interest Swings in Chip Makers (AMAT, ARM, BRCM)",2013-03-13,NVDA
"Shares of several companies in the technology, software and semiconductor space are trading lower as equities sell off amid coronavirus fears. The virus spread has disrupted economic activity across sectors and caused global macro uncertainty.",2020-03-11,NVDA
Andrew Left Shorts Nvidia Ahead Of Earnings Release,2017-08-10,NVDA
"Jon Najarian Sees Big Options Activity In Johnson & Johnson, Nvidia",2019-01-07,NVDA
Cloud Looming? Oracle's Revenue Seen Down In Competitive Atmosphere,2019-06-18,NVDA
"Shares of several technology, semiconductor, and software companies are trading lower amid market weakness as macro concerns continue to grow as a result of the coronavirus pandemic. The White House said it expects a surge in cases over the next 2 weeks.",2020-04-01,AAPL
Carter Worth And Mike Khouw's Apple Trade,2020-06-01,AAPL
Apple Plans To Bring Employees Back To Office Even As Tech Peers Hold Off,2020-05-13,AAPL
Nvidia And The Self-Driving Auto: Competition Is Good For Investors,2017-01-09,NVDA
Shares of many Semiconductors stocks are trading higher after the US granted temporary relief for Huawei suppliers.,2019-05-21,NVDA
Gadfly's Ovide: Intel Is Spending Money 'Like It's 1999',2017-03-13,NVDA
"Benzinga's Top Upgrades, Downgrades For April 4, 2017",2017-04-04,NVDA
"Stifel Nicolas Analyst Kevin Cassidy, When Asked About News Impacting Semiconductor Sector, Tells Benzinga, 'I think it's the news of lower VAT and positive PMI data for March'",2019-04-01,NVDA
Needham Slashes Semiconductor Estimates On 'Muted' Second Half Recovery,2015-07-17,NVDA
Option Alert: NVIDIA May $90 Puts at the Ask: Volume of 752 at $4.30 vs Open Interest of 734,2017-03-06,NVDA
"Loup Ventures' Austin Bohlig Tells Benzinga NVIDIA Likely Unhurt If Tesla Develops Its Own A.I. Chips, Says: 'Unless Tesla is going to be the only car sold in 10 years, I don't see this as a negative to the [NVIDIA] thesis.'",2017-12-08,NVDA
"Continental, NVIDIA Report Partnership For Enabling Of Global Production Of AI For Self-Driving Cars",2018-02-05,NVDA
"Earnings Scheduled For May 16, 2019",2019-05-16,NVDA
Benzinga's Option Alert Recap From October 5,2017-10-05,NVDA
10 Stocks Moving In Thursday's Pre-Market Session,2016-02-18,NVDA
Chip Vendors Gearing Up For Next-generation iPhone -DigiTimes,2012-06-15,NVDA
"RBC Capital Maintains Outperform on NVIDIA, Raises Price Target to $385",2020-05-19,NVDA
"NVIDIA On Blog Post, Says It's Working With Truckmaker PACCAR On Self-Driving Tech",2017-03-16,NVDA
Bank Of America: Don't Sweat Mixed Nvidia Turing Reviews,2018-09-24,NVDA
"Intel To Develop Autonomous Vehicle Solution To Compete Against Nvidia, Mobileye; CLSA Remains Unimpressed",2016-08-19,NVDA
"IDC Report Shows Worldwide Semi Market Contracted 2.2% in 2012, Expecting 3.5% Growth This Year",2013-05-22,NVDA
Shares of several technology companies are trading higher amid market strength on hopes of a US economic stimulus package agreement.,2020-03-24,NVDA
NVIDIA Q2 Earnings Due Out After The Close Today; Co. Historically Issues Its Report ~4:20pm ET,2018-08-16,NVDA
"Roth Capital Initiates Coverage on NVIDIA at Neutral, Announces $26.00 PT",2015-10-12,NVDA
Sotheby's Slips On Downbeat Earnings; NVIDIA Shares Surge,2014-08-08,NVDA
This New Tool Will Tell You Whether Or Not An Options Spread Is A Good Deal,2020-05-27,AAPL
Benzinga's Top Pre-Market Gainers,2011-09-07,NVDA
76 Biggest Movers From Friday,2020-02-18,NVDA
"Ubisoft Sues Apple, Google Over Alibaba's Rainbow Six ""Ripoff""",2020-05-16,AAPL
"UPDATE: Argus On Nvidia Notes 'We believe that most technology investors should own NVDA in the age of deep learning, AI, and GPU-driven applications acceleration'",2020-02-18,NVDA
Nvidia Bears Still Exist: Wells Fargo Keeps Stock Rated Underperform,2017-11-10,NVDA
Software Rises Above Semiconductors And Hardware As Tech Heads Into Earnings Season,2020-04-16,AAPL
Mid-Morning Market Update: Markets Open Higher; NVIDIA Earnings Beat Estimates,2018-02-09,NVDA
Apple PCB Suppliers Dismiss Speculation about 5G iPhone Delay,2020-03-27,AAPL
Nvidia shares are trading higher after RBC raised the price target of the stock from $217 to $251.,2019-10-25,NVDA
"Stifel: AMD's Q3 Wasn't As Bad As It Seems, But Not As Good As Hoped",2017-10-25,NVDA
Nvidia Option Alert: Sep 29 $182.5 Puts Sweep (25) at the Ask: 549 @ $2.07 vs 513 OI; Ref=$186.461,2017-09-20,NVDA
FAA: Unregistered Drones Could Soon Mean Jail Time,2015-12-14,NVDA
"UPDATE: Needham Upgrades NVIDIA To Hold 'following our positive meeting at CES'; 'we contend the shares are fully valued at 34x our F2021 earnings estimate (near multi-year high). Furthermore, we believe competition will accelerate in AI training in 2020'",2020-01-13,NVDA
Citron Research Issues Report 'NVIDIA To Trade Back To $130' On Website,2017-06-09,NVDA
NVIDIA CEO Speaking at Annual Investor Day: Says Business Condtions Muted in 1H,2013-04-11,NVDA
Tesla CEO Musk Says Other Three Officers Should Be Charged In Floyd's Murder Case,2020-06-02,AAPL
A Look At Nvidia's Largest Shareholders And What Their Presence Means,2017-05-25,NVDA
"Apple And Amazon Up To Bat this Afternoon As Investors Ponder Microsoft, Facebook Results",2020-04-30,AAPL
10 Biggest Price Target Changes For Friday,2018-08-17,NVDA
SunTrust Robinson Humphrey Upgrades NVIDIA to Buy,2017-07-12,NVDA
A Peek Into The Markets: U.S. Stock Futures Edge Higher Ahead Of J C Penney Earnings,2016-08-12,NVDA
Study: 34% Of Americans Report Looking Through Their Partner's Phone Without Permission,2020-05-26,AAPL
"Long-Time Nvidia Bear Upgrades Stock, Lifts Target To $200",2017-11-13,NVDA
NVIDIA Sees Q1 Sales $1.16V +/- 2% vs $1.15B Est.,2015-02-11,NVDA
All The Ratings And Price Targets On Nvidia Ahead Of Q1 Earnings,2017-05-09,NVDA
Apple Files Final Pricing Term Sheet For Offering Of $2B 0.750% Notes Due 2023,2020-05-05,AAPL
"PiperJaffray Maintains Overweight on NVIDIA, Raises Price Target to $250",2019-12-17,NVDA
"Companies Holding Annual Meetings Today Include Waste Connections, Eastman Kodak, Alarm.com, Amyris, Achillion Pharma, GNC, Amazon, Nokia, Merck, Nvidia, Pinnacle Foods, Wendy's, & Xerox",2017-05-23,NVDA
"Seeing Interest In Chip Stocks Earlier Wednesday: AMD Shares Indicated Up 5.6% Premarket, NVIDIA Up 0.4%, Intel Shares Down 1.4%, TI Unch",2017-06-21,NVDA
Analysts Upbeat After Nvidia's CES Presentations: 'Must-Own Stock For Technology Investors',2020-01-13,NVDA
Stocks That Hit 52-Week Highs On Tuesday,2020-05-12,NVDA
Stock Wars: Intel Vs. AMD Vs. Nvidia,2019-07-26,NVDA
"Market Wrap For March 21: Markets End Friday On A Negative Note, But Still Positive For The Week",2014-03-21,NVDA
"JP Morgan Maintains Overweight on Apple, Raises Price Target to $350",2020-05-01,AAPL
"Little Things Count: After Selloff To Start Week, A Bit of Light Arrives With Positive Earnings",2020-04-22,AAPL
"Stocks Which Set New 52-Week Lows Fri., Nov. 16, 2018",2018-11-19,NVDA
All The Stocks That Moved During Apple's Product Unveil Event,2017-09-13,NVDA
Apple To Close All Italy Stores Until Further Notice,2020-03-11,AAPL
Chipmakers Trading High During Indian Conference,2016-12-05,NVDA
"A Peek Into The Markets: US Stock Futures Fall, Dow Futures Down 100 Points",2018-11-16,NVDA
"Despite A Hard Loss, Nvidia Is Still Winning",2017-06-13,NVDA
"Benzinga Pro's Top 10 Most-Searched Tickers For Afternoon Of Mon., Nov. 19, 2018",2018-11-19,NVDA
"Benzinga's Top ETF Gainers, August 3rd (AGQ, BZQ, SOXL, AGA)",2011-08-03,NVDA
"Benzinga's Bulls And Bears For The Past Week: Apple, Best Buy, Tesla And More",2017-06-12,NVDA
Oracle Might Not Challenge Cloud Providers But Investors Are Pleased,2020-03-13,AAPL
"Volvo, Autoliv Team up with NVIDIA on Developing AI for Self-driving Cars",2017-06-27,NVDA
Software Rises Above Semiconductors And Hardware As Tech Heads Into Earnings Season,2020-04-16,NVDA
"Weekly Tech Highlights: Sony Beat Apple To The Punch, Twitter M&A Rumors And More",2015-06-20,NVDA
Top 4 Mid-Cap Stocks In The Semiconductor-Specialized Industry With The Highest EPS,2012-06-19,NVDA
Wall Street's Top Picks For 2017: All In One Place,2016-12-27,NVDA
Seeing 2nd Notable Block Trade In NVIDIA In After Hours Session Of 3.3M Shares At $186.48/Share,2017-12-04,NVDA
"Benzinga's Top Upgrades, Downgrades For January 13, 2020",2020-01-13,NVDA
Apple Dropped Two-device Limit on Online Purchases of iPhones,2020-03-23,AAPL
"Apple Shares Unaffected As Hearing Trump Says He Spoke With Tim Cook, Trump Says Cook Believes Economy Will See V-Shaped Recovery",2020-04-24,AAPL
UPDATE: Topeka Capital Markets Initiates NVIDIA Corporation at Hold,2013-05-23,NVDA
"When Bull Markets Die: What To Watch For, What Stocks Could Be The First To Get Hit",2017-09-25,NVDA
"UPDATE: Goldman Sachs Downgrades Apple To Sell, Lowers Target To $233 'as COVID-19 downturn drives reduced 2021 forecasts'",2020-04-17,AAPL
"B of A Securities Reiterates Buy on NVIDIA, Raises Price Target to $300",2020-01-10,NVDA
"UPDATE: AMD Shares Up 2%, NVIDIA Up 0.9%, Intel Up 0.2% Amid Fudzilla Report; BZ NOTE: Publication is Same Source Which Recently Reported Deal Which Failed to Materialize: Intel Dropped NVIDIA for AMD; Watch for Profit Taking in Semi Stocks",2017-06-05,NVDA
Apple Still Looks to Ship 90M AirPods in 2020,2020-03-13,AAPL
"UPDATE: Raymond James Reiterates Outperform On Nvidia, Raises Target To $300 Notes 'Strong Upside Before the Product Cycle Has Even Gotten Started'",2020-02-14,NVDA
Gene Munster Sees Apple And Tesla As Biggest Winners This Earnings Season,2020-04-22,AAPL
"Intel Has Reportedly Licensed AMD's Graphics Due To Nvidia Licensing Agreement Expiration, Neither Company Has Confirmed",2017-05-16,NVDA
NVIDIA CFO On Conf. Call Reportedly Says Supply Situation Is 'Now Easing' And GPU Channel Prices Normalizing,2018-05-10,NVDA
Your Guide To Trading The Autonomous Vehicle Theme,2017-06-14,NVDA
AMD Earnings Preview: A Look At What Might Be Expected For The Chipmakers' Q2 Results,2017-07-25,NVDA
"AMD, Texas Instruments See Short Interest Surge",2013-04-26,NVDA
UPDATE: Macquarie Downgrades NVIDIA on Potential Impact of Cloud Computing,2013-10-11,NVDA
"Forget Apple: Microsoft's Surface Tablet Aimed at Dell, HP",2012-06-19,NVDA
"UPDATE: BofA Securities On Apple Notes 'We reiterate Buy on large cash balance/optionality, expected new buyback authorization in April and upcoming 5G cycle'",2020-03-11,AAPL
Podcast: 6 Charts Explain Why The Correction Has Started,2018-08-17,NVDA
"Susquehanna Maintains Positive on NVIDIA, Raises Price Target to $310",2020-02-12,NVDA
"FBR Downgrades Xilinx, Altera In Massive M&A Note",2015-06-04,NVDA
NVIDIA Corporation Sees Q2 Sales $955.50-994.50,2013-05-09,NVDA
The Market In 5 Minutes,2017-08-11,NVDA
"From NVIDIA Q3 Earnings Conference Call: Pres, CEO Jen-Hsun Huang Says Over Longer-Term Crypto Is Small For Co., 'But Not 0.' Mgmt. Believes Crypto Will Be Around For Sometime, At Level 'Kind Of Like [Crypto Is] Today",2017-11-09,NVDA
Top 4 Large-Cap Stocks In The Semiconductor-Specialized Industry With The Lowest PEG Ratio,2014-07-17,NVDA
China Might Take Some Starch Out of U.S. Rally With More Weak Economic Data,2019-03-14,NVDA
Why Sony Sold Streaming Rights For Tom Hanks Movie To Apple Instead Of Waiting Out The Pandemic,2020-05-20,AAPL
"NVIDIA Gets Favorable Ruling In Patent Dispute With Samsung, Qualcomm",2015-04-06,NVDA
"NVIDIA Sees Q4 Sales $1.26B +/- 2, CapEx $35M-$45M",2016-02-17,NVDA
NVIDIA shares are trading up 2.4% following company updates on RTX 2000 series gaming chips,2018-08-20,NVDA
"The Market In 5 Minutes: Nvidia, Roku, Star Wars, And More",2017-11-10,NVDA
"UPDATE: NVIDIA Will Suspend Self-Driving Auto Test On Public Roads 'To Learn From The Uber Incident,' Co.'s Global Fleet Of Manually-Driven Data Collection Autos Continue To Operate",2018-03-27,NVDA
"High-end Nvidia Graphics Card Pricing Up 15% Due to Shortages, Strong Demand -DigiTimes",2015-12-24,NVDA
Any Nice Chart Needs A Catalyst; Nvidia Has One,2017-09-18,NVDA
Morning Market Stats in 5 Minutes,2020-06-08,NVDA
"Benzinga Pro's Top 5 Stocks To Watch For Wednesday, May 20, 2020: BABA, SPOT, NVDA, SGBX, JD",2020-05-20,NVDA
10 Biggest Price Target Changes For Tuesday,2020-03-17,AAPL
"Shares of some technology companies are trading lower amid market volatility. Sunday's fiscal stimulus bill failed a procedural senate vote while the Fed on Monday announced stimulus measures. NOTE: Sector is mixed, with some names up for the session.",2020-03-23,AAPL
Wedbush Securities Maintains Positive View On NVIDIA,2015-03-16,NVDA
"NVIDIA Shares Continue Lower, At Session Lows With Rest Of Stock Market Despite RBC Raising Price Target On Stock From $150 To $175 In Mid-Day Note",2017-06-09,NVDA
"Benzinga's Top Analyst Calls From April 10, 2018",2018-04-10,NVDA
Did Apple Just Take a Bite Out of Itself?,2011-09-26,NVDA
"Industrials Ended 2019 On A Strong Note, But Are Some Segments In Better Shape Than Others?",2020-02-14,NVDA
"UPDATE: UBS Upgrades NVIDIA As Firm Notes 'Important Q's remain unanswered, but we believe the ~20% miss to FQ4:19 (Jan '19) revenue and -15% stock move finally sets the stage for a new positive revision cycle starting this summer'",2019-01-29,NVDA
3 Apple Analysts Lift Price Targets: Why They're Optimistic On iPhone's Trajectory,2020-05-27,AAPL
"Raymond James Reiterates Outperform on NVIDIA, Raises Price Target to $240",2019-11-15,NVDA
"Nvidia Spiking on Chatter of Apple Product Inclusion, Nvidia Spokesperson Says Only Apple Would be Able to Make that Announcement",2012-06-11,NVDA
Intel Declines Comment on Chatter of Potential Bid for Nvidia,2014-10-21,NVDA
Semiconductor stocks are trading higher following strong earnings from multiple large companies in the space.,2019-01-24,NVDA
"SpotlightNews Informs Communities, Extends Helping Hand To Small Publishers",2020-04-27,AAPL
The Top 11 Analysts On TipRanks And What They Cover,2017-05-18,NVDA
"Deutsche Bank Upgrades Apple to Buy, Announces $270 Price Target",2020-03-25,AAPL
"ICYMI: MoviePass' Unexpected New Partner, Venture Capitalist Makes A Pair Of Calls, Premarket Prep's Bitcoin Special",2017-12-13,NVDA
Benzinga's Top Upgrades,2014-02-13,NVDA
UPDATE: Nvidia Spiking Higher After Hours After Raising Guidance,2011-09-06,NVDA
Benzinga's Top Pre-Market Gainers,2012-10-05,NVDA
Nvidia Reports Q3 EPS $0.39 vs $0.30 Est; Revenues $1.2B vs $1.19B Est,2012-11-08,NVDA
"Sonos Shares Spike To Session High, Now Up 9.5%, As Citron's Andrew Left, Currently Interviewing On FOX Business, Said Co. Could Be Acquired By Apple Or Amazon",2020-06-09,AAPL
Technical Alert: No Stopping Nvidia Corp,2016-11-16,NVDA
Nvidia Option Alert: Oct 27 $207.5 Calls Sweep (48) at the Bid: 1274 @ $0.443 vs 535 OI; Ref=$193.45,2017-10-19,NVDA
"UPDATE: Tigress' Feinseth Tells Benzinga He Believes Tesla Wants To Collaborate With NVIDIA or Skyworks Solutions, Says 'Tesla's not going to, in theory, buy a chip factory'",2017-12-08,NVDA
"SunTrust Robinson Humphrey Maintains Buy on NVIDIA, Raises Price Target to $314",2020-02-13,NVDA
Apple Services Now Available in More Countries Around the World,2020-04-21,AAPL
"'Palihapitiya: $NVDA and $GOOG are the two big players in compute AI tech. Much of the value has been seen, but still interesting from this POV. #Sohn2018'- MarketWatch's Ryan Vlastelica Tweet",2018-04-23,NVDA
Cisco Pledges $225M To Fight Global Coronavirus Pandemic,2020-03-23,AAPL
"NVIDIA Shares At Intraday Highs 30 Mins. Ahead Of Q1 Earnings, Touch High At $260.00, Up 1.6% For Session",2018-05-10,NVDA
Shares of several semiconductor companies are trading higher after multiple reports suggesting China is open to a partial trade deal surfaced. The reports renewed optimism in the upcoming U.S.-China trade talks.,2019-10-09,NVDA
Nvidia Reports Q1 EPS $0.16 vs $0.10 Est; Revenues $924.9M vs $916.17M Est,2012-05-11,NVDA
Benzinga's Top Upgrades,2015-08-07,NVDA
Did NVIDIA's Ultra-Conservative Guidance Set It Up For Huge Beat?,2016-11-11,NVDA
Loop Capital 'Loop Around The Valley' Semiconductor Bus Tour Begins Today,2017-08-15,NVDA
Goldman Sachs Maintains Neutral Rating and $14 PT on Nvidia,2011-10-31,NVDA
Cypress Semiconductor Corp shares are trading higher after the company beat Q4 earnings estimates; shares of other semiconductor stocks are trading slightly higher in sympathy.,2019-01-31,NVDA
"WSJ.D Live Conference Continues Today; Presenters Include AT&T & Time Warner, Nvidia, Facebook, Paypal, Yelp, And Trian Fund Management's Nelson Peltz",2016-10-25,NVDA
Sizing Up Semiconductor ETFs For 2018,2017-10-18,NVDA
"Shares of several technology companies are trading higher, rebounding as fears of the coronavirus's impact on the economy settle. NOTE: Although the market rebounded, there are still concerns over the spread of the virus.",2020-01-28,NVDA
MoneyGram Shares Jump 50% As Western Union Reportedly Looks For Acquisition,2020-06-02,AAPL
A Preview Of Nvidia's Q3 Earnings,2019-11-14,NVDA
MKM Partners Upgrades NVIDIA to Buy,2015-11-06,NVDA
"""Stay at Home"" Stocks Still Rule the Roost as Nvidia, Microsoft, Apple Start Week Firmly",2020-05-12,NVDA
"Deutsche Bank Is Buying Mobileye On VW And GM Support, Expects Stock To Double",2016-01-06,NVDA
"RBC Capital Upgrades NVIDIA Corporation to Outperform, Raises PT to $26.00",2014-05-19,NVDA
"After-Hours Movers Led By NVIDIA, NetApp And Marriott",2016-02-17,NVDA
NVIDIA Corporation Q3 EPS $1.84 Beats $1.71 Estimate,2018-11-15,NVDA
NVIDIA's Director of Technical Marketing Tom 'TAP' Petersen Departs for Intel,2019-03-31,NVDA
"Boutique Research Firm Upgrades Nvidia, Says AI, Ray Tracing Will Drive Demand For Chipmaker",2019-07-11,NVDA
Apple Said to be Accelerating Production Relocation Outside China,2020-03-25,AAPL
"UPDATE: Argus Reiterates Buy On Nvidia, Raises Target To $340 Notes 'We recommend establishing or adding to positions in this preeminent vehicle for participation in the AI economy'",2020-02-18,NVDA
"Shares of several technology, semiconductor, and software companies are trading lower as a potential sell-off from this week's strength. While US stimulus legislation has boosted economic optimism, demand concerns still exist amid the coronavirus.",2020-03-27,AAPL
Shares of several semiconductors companies are trading lower on escalated trade tensions after China announced it plans to impose a 5% to 10% tariff rate on $75 billion worth of U.S. goods.,2019-08-23,NVDA
"Brean's Burton Commends NVIDIA on 'Executing in a Tough Environment,' But Sees Valuation as Full; Maintains Hold Rating Following Q2 Results",2015-08-07,NVDA
NVIDIA Raises Qtr. Dividend from $0.0975 to $0.115/Share,2015-11-05,NVDA
NVIDIA Option Alert: Jan 18 $240 Calls Sweep (3) near the Ask: 1100 @ $0.384 vs 7227 OI; Ref=$162.3001,2018-11-16,NVDA
"As Investors Await Fed Chair Testimony Wednesday, PepsiCo Delivers Strong Results",2019-07-09,NVDA
Afternoon Market Stats in 5 Minutes,2020-06-10,NVDA
"Option Alert: Nvidia January 16 Call; Block Trade: 7,795 Contracts @$0.59; Currently $14.49",2013-08-01,NVDA
NVIDIA Shares Appear Unaffected; Traders Circulating Earlier Forbes Article 'Nvidia RTX 2080 Ti Cards Have A Serious Problem -- They Keep Dying',2018-10-30,NVDA
"NVIDIA to Return $1B to Investors this FY, Says $100M in Stock to be Bought Back this Year -Bloomberg",2013-04-11,NVDA
"Nvdia, AMD May See 2018 Profits Fall as Crypto Mining Craze Fades",2018-05-22,NVDA
NVIDIA shares are trading lower potentially on rumors that Jefferies removed the stock from their Franchise Pick List.,2019-01-25,NVDA
Nvidia Has A Massive Market Opportunity; SunTrust Upgrades To Buy,2017-07-12,NVDA
"NVIDIA Shares Volatile After Hours, Hearing Cowen Initiated Coverage With Outperform Rating, $325 Price Target",2018-05-17,NVDA
NVIDIA Corporation Reports Q2 EPS of $0.23 vs $0.13 Est; Revenue of $977.20M,2013-08-08,NVDA
"VanEck Vectors Semiconductor ETF Down 2.4% Following Q4 Sales, Gross Margin Guidance Cut From NVIDIA",2019-01-28,NVDA
"Stocks That Made New 52-Wk Highs Earlier Today Include: Moody's, Adobe, Cognizant, Zoetis, Salesforce, NVIDIA, Red Hat, CSRA, Intuit, Coty, Garmin, Global Payments, and Ansys",2018-02-20,NVDA
"NVIDIA Guidance Cut Reflects 'Weaker Than Forecasted' Sales Of Its Gaming And Datacenter Platforms,",2019-01-28,NVDA
UPDATE: Jefferies Cuts PT to $15 on NVIDIA Corporation; 28nm Capacity Constrainta,2012-05-14,NVDA
"Benzinga's M&A Chatter for Monday April 2, 2012",2012-04-02,NVDA
'COVID-19 exposure notification settings begin to go live for iOS users with new update' -TechCrunch,2020-05-20,AAPL
50 Biggest Movers From Yesterday,2019-03-12,NVDA
"Cascend Maintains Buy on NVIDIA, Raises Price Target to $250",2019-11-25,NVDA
"Seeing Continued Rotation/Profit-Taking In Year-to-Date Outperforming Semiconductor Stocks; AMD -5.36%, Nvidia -4.43%, Micron -3.36%, iShares Semi ETF SOXX -1.687%",2017-12-04,NVDA
5 Biggest Price Target Changes For Wednesday,2017-05-10,NVDA
"Brean Liked NVIDIA's Q4, But Remains On Sidelines",2016-02-18,NVDA
Top 4 Mid-Cap Stocks In The Semiconductor-Specialized Industry With The Highest Cash,2013-03-25,NVDA
"Nvidia, Baidu And AI",2017-07-10,NVDA
"Charles Schwab Launches Fractional Shares, The Ability To Gift Stock",2020-05-05,AAPL
"Shares of several semiconductor companies are trading higher after a report stating AMD sales will increase ""sharply"" in the second half of 2019 given a ramp up in CPU and GPU shipments for notebooks, motherboards, and servers.",2019-04-03,NVDA
"Evercore ISI Group Maintains Outperform on NVIDIA, Raises Price Target to $225",2019-10-07,NVDA
Investors Sell FANG To Buy IPOs In September's IMX,2019-10-07,NVDA
"Morgan Stanley Upgrades NVIDIA to Overweight, Announces $259 Price Target",2019-11-25,NVDA
"FBN Securities Initiates Coverage On NVIDIA with Outperform Rating, Announces $300 Price Target",2018-06-26,NVDA
10 Biggest Price Target Changes For Monday,2019-02-11,NVDA
"Needham Maintains Buy on NVIDIA, Raises Price Target to $400",2020-05-22,NVDA
Daily Long and Short Setup,2011-04-28,NVDA
Oppenheimer's Takeaways From Meeting With The NVIDIA CFO At CES,2017-01-09,NVDA
"AMD, Marvell Gain Semiconductor Share In Q3",2017-09-19,NVDA
Ways To Play The AI Theme At CES 2017,2016-12-28,NVDA
"Loup Ventures' Austin Bohlig Responds To Nvidia-DHL News, Tells Benzinga 'similar announcements made with strategics' Will Be Catalysts For NVDA, AMD Shares In Coming Years",2017-10-10,NVDA
Goldman Sachs Reiterates Buy Rating And Conviction List Status For Nvidia Ahead Of Q3 Earnings; Analysts Say Near-Term Challenges Exist But Long-Term Secular Growth And Recommends Investors Use Recent Pullback To Buy The Stock,2018-11-12,NVDA
Video Game ETF Competition Gets Another Entrant With Global X's HERO,2019-10-30,NVDA
NVIDIA shares are trading higher. Hearing Citigroup raised the price target from $200 to $245. Also saw comments from a Credit Suisse analyst suggesting October graphics cards sales grew month-over-month.,2019-11-18,NVDA
"Benzinga's Top ETF Gainers, July 18th (AGQ, TZA, TVIX, SOXS)",2011-07-18,NVDA
"The Market In 5 Minutes: You Don't Really Care For Music, Do You?",2016-11-11,NVDA
"Chip Stocks Largely Unaffected As Traders Circulate Earlier DigiTimes Article 'Nvidia wary of possible cryptocurrency demand drop': NVIDIA Shares Up 0.6%, AMD Up 0.5%, Intel Up 1.8%",2018-03-13,NVDA
UPDATE: NVIDIA Appoints Colette Kress as Chief Financial Officer,2013-09-16,NVDA
UPDATE: Morgan Stanley Downgrades NVIDIA On Projections Of Significant Headwinds,2013-11-18,NVDA
"UPDATE: Nvidia to Provide Full Q1 Results, Outlook on Thursday as Initially Scheduled",2014-05-06,NVDA
Shares of several semiconductor companies are trading lower potentially on coronavirus fears. NOTE: The market had a sharp selloff. Not seeing any news to justify the bearish price action.,2020-02-20,NVDA
Apple Increased Smartphone Market Share In China In Q1 During Pandemic: Report,2020-05-01,AAPL
Peloton Makes Its Fitness App Available On Apple TV After Pandemic Demand Surge,2020-06-03,AAPL
Benzinga's Top Pre-Market Losers,2011-09-19,NVDA
"Earnings Scheduled For February 13, 2020",2020-02-13,NVDA
"More Than 25 US Apple Stores To Reopen, 100 Now Open Around The World",2020-05-18,AAPL
NVIDIA Expects Q2 Revenue to Grow 4% to 6%,2011-05-12,NVDA
7 Stocks Moving In Thursday's After-Hours Session,2019-02-14,NVDA
US Stock Futures Drop Ahead Of Economic Data,2014-11-03,NVDA
Will Shield Stop Nvidia's Growth From Fading?,2013-08-09,NVDA
UPDATE: Social Capital's Chamath Palihapitiya On CNBC Said NVIDIA Could Be A Short In Chip Space,2017-12-12,NVDA
"Sell-Side Largely Bullish On Nvidia, With Eye On Anticipated Second-Half Recovery",2019-03-20,NVDA
NVIDIA Option Alert: Mar 15 $175 Calls Sweep (2) near the midpoint: 600 @ $9.95 vs 566 OI; Ref=$147.11,2018-11-20,NVDA
How Large Apple Option Traders Are Positioning Ahead Of Earnings,2020-04-27,AAPL
Here's How Long It Took Nvidia To Reach A $100B Market Cap,2020-05-21,NVDA
"Jim Cramer Advises His Viewers On Disney, AMD, RH And More",2018-03-14,NVDA
"Mizuho Reiterates Buy on NVIDIA, Raises Price Target to $400",2020-05-22,NVDA
Semiconductors Moving Lower Amid Microchip Lowered Guidance,2014-10-10,NVDA
Nvidia Invests In Bay Area Artificial Intelligence Startup,2017-11-30,NVDA
Morgan Stanley's Bull Case For Nvidia Unchanged By Near-Term Concerns,2018-11-08,NVDA
"European Union Antitrust Regulators Charge Qualcomm With New Violation In Case Related To NVIDIA Unit, ICERA",2018-07-19,NVDA
"If Lendingtree Continues To Deliver, A Major Short Squeeze Could Be On The Horizon",2017-01-11,NVDA
"Cantor Fitzgerald Initiates Coverage on Nvidia at Buy, Announces PT of $20",2012-04-05,NVDA
Watch These 3 Huge Put Purchases In Monday Trade,2017-07-31,NVDA
BofA Highlights The Most 'Underowned' Semi Stocks,2018-06-12,NVDA
"UPDATE: Bernstein Downgrades Nvidia As Firm Notes 'the latest cut appears much more fundamentally demand-driven, with the question of the ""true"" run-rate of the gaming business remaining up in the air for now'",2019-02-11,NVDA
"NVIDIA Reports Q1 EPS $0.46 vs. Est. $0.32, Rev. $1.3B vs. Est. $1.26B",2016-05-12,NVDA
These 5 Stocks Will Benefit From Windows 8,2011-09-13,NVDA
"Stocks Which Set New 52-Week High Yesterday, October 1st",2018-10-02,NVDA
Nvidia Up 13% After Q1 Beat,2017-05-10,NVDA
Hearing Unconfirmed Market Chatter of David Einhorn Long Position in Nvidia,2014-04-03,NVDA
Esports Continue To Become More Mainstream And a Bigger Part Of The Gaming Industry,2018-03-21,NVDA
Analysts: Nvidia Needs A Big Second Half Of 2019,2019-02-15,NVDA
"BlueFin Research: Graphics Card Market For AMD, Nvidia Continues To Cool In Q2",2018-06-06,NVDA
M Science Out Negative On Nvidia,2016-11-07,NVDA
14 Technology Stocks Moving In Thursday's Pre-Market Session,2019-09-05,NVDA
Option Alert: NVDA Jul16 39.0 Puts Sweep: 1176 @ ASK $0.11: 2405 traded vs 705 OI: Earnings 8/4 $47.30 Ref,2016-06-21,NVDA
9 Takeaways From The JPMorgan Healthcare Conference,2020-01-17,NVDA
"BoA Likes Avago, Intel And Others Semiconductor Giants After Meeting Asian Investors",2016-03-21,NVDA
"Nvidia Reportedly Eyeing 5nm Chips Even As Apple, AMD Ramp Up Orders",2020-04-24,AAPL
"Shares of technology companies are trading higher amid a continued rebound in equities following last week's selloff. Shares sold off last week amid coronavirus fears in China, as the sector has exposure to the country.",2020-02-04,NVDA
"Benzinga's Top ETF Gainers, March 10th (ERY, EDZ, TZA, SOXS)",2011-03-10,NVDA
"Fed And FedEx: While Fed Meeting Dominates News, Don't Forget Trade Situation",2019-03-20,NVDA
Release of AMD Radeon R9 and R7 GPUs Expected to Pressure Nvidia to Offer Price Cuts -Digitimes,2013-09-27,NVDA
NVIDIA Has Significant Room For Further Gains,2016-12-28,NVDA
"NVIDIA To Report Q4 Earnings After The Closing Bell, Co. Historically Issues Its Report At 4:20 p.m. ET; Things To Watch Include Gaming And Datacenter Revenue, For Which The Company Previously Guidance",2019-02-14,NVDA
"Ready Trader One: Events, Stocks To Watch At E3",2019-06-08,NVDA
Citron's Andrew Left: Move Your Money From Nvidia To Google,2017-06-09,NVDA
Shares of Shares of several semiconductor and technology companies are trading higher on continued trade optimism. The recent US-Mexico deal boosted confidence that the US could also strike a deal with China.,2019-06-11,NVDA
Option Alert: NVDA Oct16 55.0 Calls Sweep: 5001 @ Above Ask! $5.20: 5182 traded vs 885 OI: Earnings 8/11 After Close $56.97 Ref,2016-08-04,NVDA
Global Barometer: Oracle Earnings Could Provide Insight On Economy,2019-03-14,NVDA
"10 Stocks To Watch For August 16, 2018",2018-08-16,NVDA
"UPDATE: In 10-Q Filing, Nvidia Reiterates Patent Infringement Complaint Filed by Samsung; Says has Not Yet Responded to Complaint",2014-11-19,NVDA
Pacific Crest Upgrades NVIDIA Corp To Sector Perform,2014-11-03,NVDA
Shares of semiconductor companies are trading higher after Qualcomm reported better-than-expected Q4 results.,2019-11-07,NVDA
"Apple Announces Updated MacBook Pro Offering 10th Generation Processor For Up To 80% Faster Graphics Performance; Starting At $1,299 And $1,199 For Education",2020-05-04,AAPL
"Market update- AmerisourceBergen, ABC, TOT, Exxon, XOM, Nvidia, NVDA",2011-05-13,NVDA
10 Biggest Price Target Changes For Friday,2019-11-15,NVDA
UPDATE: NVIDIA Q4 Analyst Consensus Estimate for Sales $1.21B,2015-11-05,NVDA
"Wedbush Maintains Outperform on NVIDIA, Raises Price Target to $295",2020-02-12,NVDA
UPDATE: NVidia Sees Q4 Revenues $1.04B-$1.09B vs $1.07B Est,2011-11-10,NVDA
Needham Upgrades NVIDIA Corporation - Common Stock to Buy,2016-11-14,NVDA
"Big Earnings Day As Honeywell, Procter & Gamble, Schlumberger Among Those Reporting",2020-04-17,AAPL
Apple Vs. Tesla: Morgan Stanley Breaks Down The Parallels,2020-05-21,AAPL
"Mobileye Stock Weakness Unwarranted, Wells Fargo Says Buy The Stock",2016-11-18,NVDA
"Oil Giants Persist In Paradoxical Behavior, But They Can Afford It",2020-03-18,AAPL
"NVIDIA Names Cabrera General Counsel, Names Shannon as Chief Administrative Officer",2014-01-14,NVDA
"12 Stocks To Watch For May 10, 2017",2017-05-10,NVDA
"Benzinga's Top ETF Gainers, February 8th",2012-02-08,NVDA
"Travel, Airline Stocks In Focus Amid Fresh Weakness; Amazon To Hire 100,000 Workers",2020-03-18,AAPL
Nvidia Plummets Following Lower-Than-Expected Q4 Sales Guidance,2018-11-15,NVDA
"#PreMarket Primer: Monday, June 23: BNP Expected To Pay $9 Billion For Sanctions Violations",2014-06-23,NVDA
Nvidia Raises Dividend From $0.14 To $0.15,2017-11-09,NVDA
"Airline Shares Jump As Stimulus Agreement Offers Relief, While Nike Up On Earnings",2020-03-25,NVDA
Todd Gordon's Bullish Nvidia Trade,2017-07-07,NVDA
SEMI Reports Semiconductor Equipment Sales to Rise to Record High in 2018,2018-12-13,NVDA
"Benzinga's Weekly Bulls & Bears: Bitcoin, Ford, Lululemon, Nike And More",2017-12-17,NVDA
REX Shares Rolls Out A New ETN For FAANG Fans,2019-11-13,NVDA
"Short Sellers Continue to Pile on KLA-Tencor (AMAT, KLAC, TXN)",2013-07-25,NVDA
"Aw Snap, Is Market Gonna Crackle or Pop?",2011-08-02,NVDA
The Market In 5 Minutes,2017-02-23,NVDA
NVIDIA Introduces First Unified Computing Platform for Both AI and High Performance Computing,2018-05-30,NVDA
"Morgan Stanley Maintains Overweight on Apple, Raises Price Target to $340",2020-06-03,AAPL
> Option Alert: NVDA Apr16 26.0 Puts Sweep: 1170 @ ASK $0.17: 3868 traded vs 729 OI: $31.89 Ref,2016-03-08,NVDA
Market Wrap For March 19: Yellen Hints of Higher Rates & Sooner Than Expected End To Taper,2014-03-19,NVDA
"Loup Ventures' Gene Munster, In Benzinga Interview, Says He Likes Nvidia Among Chip-makers; Munster says 'I think it is going to be difficult to displace them,' Compares Co. To Intel In 1985",2017-06-14,NVDA
Benzinga's Top Downgrades,2013-11-18,NVDA
"Bulls And Bears Of The Week: Apple, Cisco, Salesforce, Walmart And More",2019-08-17,NVDA
KeyBanc's Takeaways From Nvidia's Q1 Report,2018-05-11,NVDA
"You're Entering the ""Show-Me State"" As Chip Firms Get Ready To Report",2019-04-30,NVDA
Option Alert: $NVDA Dec $28 Call Sweep; 1774 Contracts @Ask @$1.51,2015-11-05,NVDA
Sentiment Remains Soft On Nvidia,2017-05-08,NVDA
Markets Rise; Zynga Lowers 2014 Forecast,2014-08-08,NVDA
Can You Guess This Chart?,2016-11-14,NVDA
"Benzinga's Top Upgrades, Downgrades For November 10, 2017",2017-11-10,NVDA
"UPDATE: Rosenblatt Maintains Buy On Nvidia, Raises Target To $315 Notes 'Solid beat and raise with a conservative guide (coronavirus impact of ~$100 million) that suggests consensus estimates move up driven by a strong data center recovery'",2020-02-14,NVDA
Stocks Hitting 52-Week Highs,2015-09-30,NVDA
Facebook At Key Inflection Point,2020-02-06,NVDA
"Amazon Hiring 100,000 Workers To Meet Increased Demand As Coronavirus Forces Social Distancing",2020-03-17,AAPL
"Benzinga's Bulls & Bears Of The Week: AbbVie, Netflix, Philip Morris, Wells Fargo And More",2018-07-22,NVDA
"'Secretive Chinese bitcoin mining company just revealed a new chip that could hurt AMD, Nvidia'",2018-04-03,NVDA
"NVIDIA shares are trading higher. Analysts have reacted positively to Tuesday's investor Q&A session, including with regards to the company's 7nm Ampere development.",2019-11-20,NVDA
11 Technology Stocks Moving In Wednesday's Pre-Market Session,2020-03-18,NVDA
Apple Unveils Update To Logic Pro,2020-05-12,AAPL
22 Stocks Moving in Monday's Pre-Market Session,2020-03-16,AAPL
"CNBC Reports 'Apple, Nvidia shares fall after a key Asian chip partner gives weak guidance'; Taiwan Semiconductor Manufacturing Said Its Q2 Sales Guidance Is $7.8-$7.9B vs $8.8B Est.; Blames Weakness On Softening High-End Smartphone Demand, Crytpo Market",2018-04-19,NVDA
Option Alert: NVDA Jun16 45.5 Puts Sweep: 1174 @ ASK $1.24: 4447 traded vs 237 OI: $45.62 Ref,2016-05-26,NVDA
Focus is on Dollar & Greece 05-13-2011,2011-05-13,NVDA
"Here's How Much Investing $1,000 In The 2015 Fitbit IPO Would Be Worth Today",2020-05-18,AAPL
Why Goldman Is Downgrading Nvidia (And The Stock Is Down 2%),2015-03-23,NVDA
"The Week Ahead: Host of Earnings on Tap; Investors Watching Anadarko, Activision, and Whole Foods",2013-05-03,NVDA
"Cramer's Plea To New Investors: Don't Just Listen To Me, Do Your Homework",2017-07-22,NVDA
Another Bank Beats: Morgan Stanley Latest To Exceed Expectations On Strong Trading,2020-01-16,NVDA
Apple's New MacBook Specs Take On Top Competitors,2016-10-27,NVDA
'Morons buying $NVDA on higher crypto. They do ethereum and it is 5% max.. So sell it please. Get off my dog.',2018-04-13,NVDA
Cramer: NASDAQ Rebound Makes Sense As It Better Represents Economy,2020-06-09,AAPL
5 Biggest Price Target Changes For Wednesday,2016-12-28,NVDA
BioXcel Therapeutics CEO Says Wearable Devices Are Another Tool To Combat Alzheimer's Agitation,2020-04-15,AAPL
"Morgan Stanley Upgrades AMD, Says 'Table Is Set Well' For 2020",2019-06-06,NVDA
"UPDATE: Atlantic Equities Initiates NVIDIA With Overweight And A $195 Target As Firm Believes 'the headwinds are transitory and growth should re-accelerate given underlying fundamentals, leaving the recent sell-off creating an attractive entry point'",2019-02-22,NVDA
Solid Extra-Base Hit From GDP Breaks Up Otherwise Dull Week On Street,2018-08-29,NVDA
Apple Earnings: Outstanding Achievement in the Field of Excellence,2012-01-25,NVDA
Rambus and NVIDIA Sign Patent License Agreement,2012-02-08,NVDA
Option Alert: NVDA Feb16 27.0 Puts Sweep: 612 @ ASK $1.46: 1131 traded vs 194 OI: Earnings 2/10 $27.35 Ref,2016-01-19,NVDA
Benzinga's Top Pre-Market Losers,2012-08-27,NVDA
Can Market Draw a Seven? DJIA Up Six Straight Days Amid Tech Rally,2018-05-11,NVDA
"Citron's Andrew Left on CNBC Says Likes Nvidia, But Market Got Ahead of Itself",2016-12-28,NVDA
"JMP Sees NVIDIA Slide From $33.44 2 Weeks Ago To Current Share Price Of $27.35 Ahead Of VR, AI, And Autonomous Driving",2016-01-20,NVDA
"Short Sellers Load Up On Applied Materials And Other Chip Stocks (AMAT, MU, NVDA)",2013-09-12,NVDA
"ICYMI: Cigna And Express Scripts, AMD And Nvidia, Amazon And Wayfair",2018-03-08,NVDA
"Morgan Stanley Maintains Equal-Weight on NVIDIA, Raises Price Target to $217",2019-11-15,NVDA
Vetr Downgrades Nvidia After Big Earnings Beat,2017-05-11,NVDA
Shares of several semiconductor companies are trading higher on progression in U.S.-China trade talks and positive sentiment from strong earnings reports.,2019-10-28,NVDA
"Oppenheimer Maintains Outperform on NVIDIA, Raises Price Target to $400",2020-05-22,NVDA
NVIDIA Announces Fastest Gaming GPU Ever,2017-03-01,NVDA
Bernstein Surveys The Semis Space After 'Processor-Gate',2018-01-16,NVDA
Some Staples Stocks Bouncing Back After Sliding In Recent Rally As Caution Tightens Grip,2020-04-01,AAPL
NVIDIA Sees Q3 Sales $1.18B +/- 2%,2015-08-06,NVDA
"Earnings Scheduled For May 21, 2020",2020-05-21,NVDA
"Friday Follies: Brexit, Semiconductor, And Tariffs All Take Center Stage",2018-11-16,NVDA
"Jim Cramer Gives His Opinion On Nvidia, Cisco And More",2019-07-31,NVDA
"Jefferies Upgrades NVIDIA to Buy, Raises PT to $30.00",2015-09-17,NVDA
"Evercore Partners Maintains Underweight, $11 Price Target on NVIDIA",2012-01-11,NVDA
UPDATE: Jefferies Lowers Target to $16 on NVIDIA,2012-01-25,NVDA
5 Semiconductor Stocks To Love (And 6 To Worry About),2015-09-28,NVDA
"Nvidia Cuts Prices, Will Release New Graphics Card -DigiTimes",2013-10-09,NVDA
Nvidia Option Alert: Feb 16 $255 Calls at the Ask: 1350 @ $1.48 vs 282 OI; Earnings 2/8 After Close [est] Ref=$218.92,2018-01-17,NVDA
"SunTrust Robinson Humphrey Initiates Coverage on NVIDIA at Neutral, Announces $59.00 PT",2016-09-20,NVDA
Here Are The 5 Most Bought And Sold Stocks Of TD Ameritrade Clients In 2017,2018-01-12,NVDA
These Were The Most Bought And Sold Stocks In July,2017-08-07,NVDA
"'Apple iPhone demand destruction 'intensifying,' says Cleveland Research' - Walter Bloomberg",2020-03-27,AAPL
"Benzinga's Top ETF Decliners, October 13th (SOXS, FAS, AGQ, NUGT)",2011-10-14,NVDA
"Watching Semiconductor Stocks, The VanEck Semi ETF Amid Circulation Of Comment From Citi Highlighting A Belief An 'Extreme' Component Of The Trump Admin.'s Crack Down On US Exports Could Include A Ban On The Sale Of US Semi Components To China",2018-11-27,NVDA
"Benzinga's Top Upgrades, Downgrades For April 10, 2018",2018-04-10,NVDA
"SunTrust Robinson Humphrey Maintains Buy on NVIDIA, Raises Price Target to $327",2020-05-07,NVDA
Top 10 S&P Stocks Of The Obama Presidency,2017-01-11,NVDA
"Facebook, Google Make Glassdoor's List Of Top 50 Places To Work",2016-12-07,NVDA
NVIDIA Delivers Second Consecutive Spectacular Quarter,2016-11-11,NVDA
Tesla Rips Following Unit Figures Release; Morgan Stanley's Subsequent Commentary Focuses On Safety,2017-04-03,NVDA
"Option Alert: Nvidia Oct 10 $18.5 Call; 1,000 Contract Trade at Ask @$0.11; Currently $17.83",2014-10-02,NVDA
Analysts Weigh In On AMD Earnings Relief Rally,2019-01-30,NVDA
"FBR Capital Markets Maintains Nvidia at Market Perform, Raises PT from $14 to $16",2012-11-09,NVDA
"Shares of several semiconductor companies are trading lower as trade concerns continue to escalate following a new 15% tariff, which was added to $112 billion worth of Chinese goods on Sunday.",2019-09-03,NVDA
Vetr Community Downgrades Nvidia,2018-01-23,NVDA
7 Biggest Price Target Changes For Wednesday,2017-06-14,NVDA
Shares of several semiconductors companies are trading higher on a potential rebound following a recent downturn the sector has experienced over the past few months amid growing trade tensions.,2019-08-08,NVDA
"From NVIDIA Q1 Earnings Conference Call: Sales To Gaming Unit $1.05B, Down 39% Year Over Year, Sales To Data Center Unit $634M, Down 10% YoY",2019-05-16,NVDA
NVIDIA Wins $20M DARPA Contract for High-Performance Embedded Processor Research,2012-12-12,NVDA
Option Alert: NVDA Feb16 32.0 Calls Sweep: 2499 @ ASK $1.05: 2500 traded vs 2233 OI: Earnings 2/10 $30.40 Ref,2016-01-13,NVDA
Nvidia Trades Higher On Q2 Earnings Beat,2019-08-15,NVDA
B Riley FBR: Nvidia Remains Attractive For Growth Investors Ahead Of Analyst Day,2018-03-19,NVDA
"UPDATE: Cascend Reiterates Buy On Apple, Lowers Target To $325 Notes 'not providing guidance is worrying even as the company performs solidly in a difficult environment",2020-05-01,AAPL
Positive Rumors Circulate About Nvidia,2012-04-02,NVDA
"Top Performing Industries For February 12, 2015",2015-02-12,NVDA
"NVIDIA Beats Q2 Views, Shares Jump",2015-08-06,NVDA
Will FANG Lead The Market Rebound?,2020-04-09,NVDA
41 Stocks Moving In Friday's Mid-Day Session,2018-08-17,NVDA
NVIDIA shares are trading higher after the company reported better-than-expected Q4 EPS and sales results.,2020-02-13,NVDA
Bernstein Downgrades 'Hamstrung' Nvidia,2019-02-11,NVDA
"Cramer Advises His Viewers On Del Taco, Tyson Foods And More",2019-10-28,NVDA
"9 Nvidia Analysts On Q1 Beat, Ampere GPU: 'A Pure Play In Accelerated Computing'",2020-05-22,NVDA
Why Nvidia's Stock Is Trading Higher Today,2020-04-27,NVDA
"Benzinga's Top Upgrades, Downgrades For April 3, 2019",2019-04-03,NVDA
"NVIDIA To Report Q1 Earnings On Thurs., May 16, 2019 After Market Close",2019-05-02,NVDA
TitleTec Partners with NIADA to Help Dealerships Tackle Out-Of-State Titling,2015-07-20,NVDA
"Credit Suisse Reinstates Outperform on NVIDIA, Announces $425 Price Target",2020-05-21,NVDA
3 ETFs For Stocks With Positive Earnings Revisions,2020-03-03,NVDA
"Amazon To Launch New Game Console Alongside PlayStation 4, Xbox One",2013-08-12,NVDA
From NVIDIA's GPU Conference In San Jose: Co. Unveiled Cloud Application Used To Simulate Self-Driving Vehicles,2018-03-27,NVDA
Shares of several semiconductor companies are trading higher on seemingly no sector-specific news. Strength may be due to a rebound following yesterday's sector-wide weakness after AMD issued weak Q3 sales guidance.,2019-08-01,NVDA
"The Market In 5 Minutes: Twitter Beats Estimates, WSJ Goes After Morningstar's Rating System",2017-10-26,NVDA
"PiperJaffray Initiates Coverage On NVIDIA with Overweight Rating, Announces $200 Price Target",2019-03-26,NVDA
"Thursday's After-Hours Movers Led By Zynga, Nvidia, Nuance And Monster Beverage",2015-08-06,NVDA
From Earlier: NVIDIA Lowers Q4 Revenue Expectations to $950M vs 1.066B Prior,2012-01-25,NVDA
Disney Plans Another Bonds Offering With A Six-Part Deal,2020-05-12,AAPL
Turnaround Tuesday? Stocks Look To Bounce Back As Apple Earnings Loom Later,2020-01-28,NVDA
Nvidia Announces Graphics Chip for Cloud Computing,2012-05-15,NVDA
5 Biggest Price Target Changes For Monday,2017-10-02,NVDA
Shares of many semiconductor companies are trading lower after Trump added China's Huawei to a trade blacklist.,2019-05-20,NVDA
Taiwan Semiconductor Lands Short Lead-time HPC Chip Orders from China -DigiTimes,2018-01-02,NVDA
More Records Shattered: Stocks Start Week At Record Highs With More Retail Earnings Next,2019-11-18,NVDA
"Barron's Picks And Pans: Boyd Gaming, Domino's Pizza, Exxon And More",2020-05-09,AAPL
"Why AMD's Coronavirus Impact Could Be Worse Than Intel, Nvidia",2020-02-19,NVDA
Will AMD's Decline Create an Opportunity for NVIDIA?,2012-07-10,NVDA
"BMO Capital Markets Maintains Nvidia at Market Perform, Lowers PT from $16 to $13",2012-11-05,NVDA
Auriga Reports on Nvidia,2011-05-31,NVDA
What To Expect From AMD's Analyst Day,2020-03-02,NVDA
"'Huawei is set to release its #P40 phone series on Thursday, a move that analysts predicted could help push up its phone shipments and even surpass major counterpart @Apple in the short term' -Tweet From China's Global Times Biz",2020-03-25,AAPL
10 Biggest Price Target Changes For Friday,2020-04-17,AAPL
NVIDIA Corp. Enters Acclerated Buyback With Barclays Of $500M,2016-03-23,NVDA
Benzinga's Top #PreMarket Losers,2014-06-23,NVDA
Analysts: NVIDIA Still Tied To PC Demand,2015-05-08,NVDA
"After-Hours Movers Led By Zulily, Tripadvisor & Whole Foods",2015-02-11,NVDA
"Gun, Security Stocks Trade Higher After Weekend Protests Turn Violent And Destructive",2020-06-01,AAPL
"Stock Watch List for Thursday May 10, 2012",2012-05-09,NVDA
"Morgan Stanley Maintains Equal-Weight on NVIDIA, Raises Price Target to $180",2019-08-16,NVDA
7 Technology Stocks Moving In Tuesday's Pre-Market Session,2019-11-12,NVDA
Stocks That Hit 52-Week Highs On Thursday,2020-01-09,NVDA
"Hearing CalPERS Reduced Holdings In Apple, Amazon, Microsoft, Exxon Mobil, JP Morgan, Facebook And NVIDIA In Q4",2019-02-08,NVDA
Shares of several companies in the semiconductor and microchip sector are trading lower after Xilinx reported Q4 earnings. Xilinx reported weakness in the data center and TME end markets.,2019-04-25,NVDA
"Apple To Let Users Trade In Their Mac Computers For Credit At US, Canada Stores: Report",2020-06-10,AAPL
Sony's $399 PlayStation 4 Costs $381 To Produce,2013-11-19,NVDA
"Benzinga Pro's Top 10 Most-Searched Tickers For Morning Of Mon., May 7",2018-05-07,NVDA
"Nvidia, Advanced Micro Devices To Present At 2017 Game Developers Conference",2017-02-24,NVDA
"Evercore Partners Upgrades NVIDIA Corporation to Equal-weight, Announces $16.00 PT",2014-01-21,NVDA
Earnings Expectations for the Week of September 5,2011-09-04,NVDA
"MKM Partners Raising PT From $87 To $106 On NVIDIA, Says Thematic Attention Is Heating Up As Large Suppliers Crowding Into AI As An Investment Theme With Non-GPU Solutions",2016-11-22,NVDA
"NVIDIA Reports Pricing of $1.3B of Convertible Senior Notes, Says Net Proceeds Will Be Used Primarily to Fund Capital Return",2013-11-26,NVDA
Shares of many semiconductor companies are trading lower on continued US-China tension after the Trump administration said it would add up to 5 more Chinese surveillance companies to the blacklist.,2019-05-23,NVDA
"UPDATE: Mizuho On NVIDIA Notes 'Looking into JanQ, NVDA noted weakness from PCs and gaming offset by continued Data Center growth and strong GM driven by product mix'",2019-11-15,NVDA
Stocks That Hit 52-Week Highs On Friday,2020-02-14,NVDA
"BMO Capital Maintains Market Perform on NVIDIA, Raises price target to $225.00",2018-02-09,NVDA
A Peek Into The Markets: U.S. Stock Futures Rise; Crude Oil Up Over 1%,2017-02-10,NVDA
Xiaomi Takes On Another Tech Behemoth With 2 New Launches,2016-07-27,NVDA
A Peek Into The Markets: U.S. Stock Futures Rise; Twitter Sales Miss Views,2017-02-09,NVDA
"Alphabet Soup, Revisited: 'FAANG,' Not 'FAANGSTN'",2017-05-16,NVDA
NVIDIA shares are trading higher after Piper Jaffray initiated coverage on the stock with an Overweight rating and announced a $200 price target.,2019-03-26,NVDA
"Alibaba, Tesla Among Cramer's Stay-At-Home Stock Ideas",2020-04-16,NVDA
"Apple CEO Writes To Employees About George Floyd Death, Urges For 'Better, More Just World For Everyone'",2020-06-01,AAPL
"Benchmark Maintains Buy on NVIDIA, Raises Price Target to $240",2019-11-15,NVDA
Chinese OEMs Will Use Nvidia's HGX Reference Architecture For Data Centers,2017-09-26,NVDA
Morning Market Gainers,2015-11-06,NVDA
NVIDIA Late Tuesday Announced Partnership With Japanese Construction Co. Komatsu,2017-12-13,NVDA
"UPDATE: Morgan Stanley On NVIDIA Also Notes 'We have been surprised at the strength in the stock, and valuation leaves little room for error, but the company is back in growth mode'",2019-11-15,NVDA
Autonomous Driving Startup Drivent Comes Out Of Stealth Mode,2019-05-08,NVDA
Pro: Nvidia's Stock At A Tipping Point,2019-03-14,NVDA
Barclays Issues A Rare Post-Earnings Upgrade On NVIDIA,2016-11-11,NVDA
"NVIDIA Reports Q3 Adj. EPS $1.33 vs $0.94 Est., Sales $2.64B vs $2.36B Est.",2017-11-09,NVDA
"Nomura On Semiconductors: Analyst Eyes Data Center, PC Trends",2019-08-20,NVDA
UPDATE: Chowdhry Says 'For every 1 INTC Chip 7 NVDA Chips are deployed in Machine Learning Fabric',2016-03-23,NVDA
"UPDATE: Apple Previously Announced Closing Of Retail Locations Til Mar. 27, Now Says 'Until Further Notice'",2020-03-17,AAPL
"Anadarko, NVIDIA, Royal Dutch Shell: Fast Money Picks For October 6",2016-10-06,NVDA
Jim Cramer: NVIDIA Will Prove Its Worth,2017-02-07,NVDA
"ESPAÑOL • Cannabis en Argentina, Blockchain Uruguayo, Elon Musk, Warren Buffett, Jeff Bezos, Isiah Thomas, y Canopy Growth",2020-06-05,AAPL
"Craig-Hallum Maintains Buy on NVIDIA, Raises Price Target to $325",2020-02-14,NVDA
"Zoom Initially Slips Despite Strong Earnings, Then Reverses Course In Pre-Market Trading",2020-06-03,AAPL
Pacific Crest Upgrades NVIDIA Ahead Of Earnings,2014-11-03,NVDA
"Why ""Wintel"" is Going To Be ""WinArm""",2011-11-11,NVDA
"Roth Capital Downgrades NVIDIA to Neutral, Lowers PT to $22.00",2015-05-08,NVDA
"BMO Turns Bullish On Nvidia, Says It's Uniquely Positioned For Computing Shift",2020-05-18,NVDA
"Mizuho Maintains Buy on NVIDIA, Raises Target from $80 to $115.00",2016-12-20,NVDA
Shares of several semiconductor companies are trading higher after President Trump made positive remarks on the U.S.-China trade talks. Trump is scheduled to meet with Chinese Vice Premier Liu He at the White House today.,2019-10-11,NVDA
"NVIDIA Announces TITAN V, World's Most Powerful GPU for the PC",2017-12-08,NVDA
6 Technical Levels Discussed During Friday's PreMarket Prep,2017-11-10,NVDA
Another Nvidia Analyst Boosts Price Target Ahead Of Q1 Report,2020-05-13,NVDA
Stocks Hitting 52-Week Highs,2015-10-05,NVDA
A Look at AMD's New Gaming APUs,2018-02-12,NVDA
What Nokia's Implosion Means for Microsoft's Smartphone Assault,2011-06-01,NVDA
NVIDIA Says Will Begin Licensing GPU Technology,2013-06-18,NVDA
"Apple Acknowledges Security Flaw in iPhone, iPads That Hackers May Have Used To Steal Data For Years",2020-04-23,AAPL
Stocks That Hit 52-Week Highs On Monday,2019-12-23,NVDA
IBM And NVIDIA Collaborate To Expand Open Source Machine Learning Tools For Data Scientists,2018-10-10,NVDA
Big Tech Is Leading The Stock Market Higher Today,2016-11-07,NVDA
"DA Davidson Maintains Buy on Apple, Lowers Price Target to $355",2020-05-01,AAPL
Benzinga's Top Upgrades,2014-04-01,NVDA
"Stocks That Made New 52-Wk Highs This Morning Include: Edward Lifesciences, Raymond James, NVIDIA, Goldman Sachs, Fastenal, Intercontinental Exchange, Xilinx, CBRE, Bank of America, Oracle, KeyCorp, Intuit, and IHS Markit",2018-03-12,NVDA
Option Alert: Nvidia Apr 2 $22 Call; 2070 Contract Trade at Ask @$1.22,2015-03-17,NVDA
Shares of several technology companies are trading higher as markets look to rebound from Monday's selloff. The technology sector has been highly impacted by the coronavirus due to its China exposure and sensitivity to economic conditions.,2020-03-10,NVDA
NVIDIA's Deal With Alibaba Highlights Cloud Opportunity,2016-01-22,NVDA
"Benzinga's Top ETF Gainers, August 23rd (SOXL, TNA, ERX, TQQQ)",2011-08-23,NVDA
"Stocks Which Set New 52-Week Low Yesterday, Thurs., Nov. 16, 2018",2018-11-16,NVDA
A Look Into NVIDIA's Price Over Earnings,2020-04-21,NVDA
Auriga Still Not Sure Where Reality Lies For NVidia,2011-03-07,NVDA
"ICYMI: Nvidia, Qorvo, Bitcoin Breaks Down",2018-02-01,NVDA
"AMD, Fitbit Top List Of Robinhood Broker's 'Most Traded' Stocks Of The Year",2017-12-23,NVDA
Nvidia Takes 3% Stake in China Self-driving Startup Tusimple,2017-08-09,NVDA
"A Low-Cost, FAAMNG-Heavy ETF For May",2020-05-06,AAPL
"Fast Money Pops & Drops, April 4th (NVDA, MOS, MCP, S, F)",2011-04-04,NVDA
Watch These 4 Huge Put Purchases In Monday Trade,2017-09-18,NVDA
Needham Upgrades NVIDIA Corporation to Buy,2014-08-08,NVDA
What Analysts Have To Say About Nvidia Following Earnings Beat,2019-08-16,NVDA
"Technology Executives Sue Goldman Sachs Over Margin Fraud (GS, MRVL)",2011-04-12,NVDA
Apple CEO Tim Cook: Apple News Had 125M Users,2020-04-30,AAPL
"Nomura Initiates Coverage On Semi Stocks, Picks AMD And Intel As Winners",2019-04-03,NVDA
26 Stocks Moving in Friday's Pre-Market Session,2019-08-16,NVDA
NVIDIA shares are trading higher after the company reported better-than-expected Q4 EPS and sales results.,2020-02-14,NVDA
"Google Nexus 7 iFixit Teardown Shows NVIDIA, NXP Semi, Broadcom, InvenSense Chips",2012-07-03,NVDA
"Needham Upgrades NVIDIA to Buy, Announces $270 Price Target",2020-03-24,NVDA
"Apple CEO, On TV+, Says Have Seen A Significant Uptick In Number Of People Who Are Viewing The Content As Well As The Engagement With Content",2020-04-30,AAPL
Apple At A 'Fork In The Road' As Disney+ Reports 50M Subscribers,2020-04-09,AAPL
"Jim Cramer Gives His Opinion On Acushnet, Nvidia And Realty Income",2016-11-02,NVDA
"Earnings Expectations for the Week of May 7 (DIS, M, CSCO)",2012-05-06,NVDA
Shares of several semiconductor stocks are trading lower after the FTC opposed Qualcomm's antitrust request.,2019-06-12,NVDA
"IBM, Mastercard, Nike and Four Other Stocks Worth a Look Now",2011-12-01,NVDA
NVIDIA Announces Resignation of CFO David White,2011-03-15,NVDA
NVIDIA to Work with TomTom On a Self Driving Car System,2016-09-28,NVDA
"Boomerang Seems To Continue As Caterpillar, Nvidia, Apple Among Early Gainers",2019-06-05,NVDA
18 Stocks Moving In Friday's Pre-Market Session,2016-11-11,NVDA
4 Big Takeaways From Nvidia's Sell-Side Meeting,2017-05-12,NVDA
"UBS Upgrades NVIDIA to Buy, Lowers Price Target to $180",2019-01-29,NVDA
Apple Gets Patent For Socially-Distanced Group Selfies,2020-06-08,AAPL
Nvidia Partners up with Goldman to Repurchase $750 Million Worth of its Shares,2013-05-14,NVDA
Goldman Sachs Maintains Neutral on NVIDIA Corp. (NVDA),2011-03-29,NVDA
"Needham Maintains Buy on NVIDIA, Raises Price Target to $360",2020-05-11,NVDA
Stocks That Hit 52-Week Highs On Wednesday,2020-02-19,NVDA
UPDATE: NVIDIA Says Supply Situation Improving,2012-09-13,NVDA
UPDATE: Macquarie Downgraded Intel and NVIDIA Based on Thundering Cloud Computing,2013-10-11,NVDA
"Benzinga's Upgrade Summary for June 25, 2012",2012-06-25,NVDA
"The Week Ahead: Nvidia, Retailer Earnings In Focus",2018-08-13,NVDA
27 Technology Stocks Moving In Tuesday's Pre-Market Session,2019-09-03,NVDA
Will NVIDIA's Tegra X1 Dethrone The PlayStation 4 And Xbox One?,2015-01-06,NVDA
"Applied Materials, L Brands, NVIDIA: Fast Money Picks For February 23",2017-02-23,NVDA
Stocks That Hit 52-Week Highs On Friday,2019-12-13,NVDA
Morning Market Stats in 5 Minutes,2020-04-27,AAPL
NVIDIA Shares Down 1% After Hours As Traders Circulate After-Hours Publication Of Seeking Alpha Article 'Nvidia: A Short Watch Is On',2017-07-31,NVDA
Uber Selects NVIDIA Technology for AI Computer System to Power Its Self-Driving Fleets; Announcement Made at CES#2018,2018-01-08,NVDA
Technical Alert: Nvidia Corp Finally Has A Bad Day,2016-12-01,NVDA
Nvidia Buy Expands Product Portfolio (NVDA),2011-05-09,NVDA
"These Trends Bode Well For Nvidia, Microsoft",2017-03-20,NVDA
AMD Shares Volatile But Largely Unaffected As Traders Circulating Fudzilla Article Speculating 'The mid-range graphics card shortage...is probably at its end...'; BZ NOTE: Article Does Not Appear To Include Any New Information,2017-07-18,NVDA
"Citi Names Intel A Top Pick, Calls Stock 'The Micron Of 2018'",2018-02-27,NVDA
"Morgan Stanley Upgrades NVIDIA to Equal-weight, Raises PT to $28.00",2015-10-30,NVDA
"Wedbush Initiates Coverage On NVIDIA with Outperform Rating, Announces $184 Price Target",2019-06-27,NVDA
Shares of several technology companies are trading higher on continued volatility despite market weakness. The sector sold off recently as other sectors gained amid US economic reopening and appears to be rebounding.,2020-06-10,NVDA
IHS Says Chip Sales Fell ~14% in H1 2019,2019-09-05,NVDA
"Morgan Stanley Discontinues Coverage Of ONNN, NVDA, MCHP, MXIM, INTC",2011-04-06,NVDA
EARLIER: Jefferies' Mark Lipacis on NVIDIA's Partnership with Alibaba: 'Big Data Partnership Highlights Cloud Opportunity'; Reiterate Buy,2016-01-21,NVDA
NVIDIA Continues Slide,2011-08-12,NVDA
Department Of Correction: Both DJIA And SPX On Verge Of 10% Decline From Peaks,2020-02-27,NVDA
Four Stocks for Apple's Secret Project,2012-04-13,NVDA
"Bernstein Downgrades NVIDIA to Market Perform, Lowers Price Target to $175",2019-02-11,NVDA
Samsung CEO Sees Intensified Competition in Chip Market Due to Oversupply,2019-03-20,NVDA
AMD's Stock Off To Rough October Start Following Best Quarter In Decades,2018-10-03,NVDA
"Barclays Maintains Nvidia at Equal-weight, Raises PT from $15 to $16",2012-08-10,NVDA
NVIDIA Option Alert: Jul 20 $220 Puts Sweep (51) below Bid!: 1725 @ $2.601 vs 5202 OI; Earnings 8/9 After Close [est] Ref=$236.12,2018-07-02,NVDA
"Evercore Initiates NVIDIA At Underweight, $12 PT",2011-06-30,NVDA
"RBC Capital Maintains Outperform on NVIDIA, Lowers Price Target from $260 to $230",2018-12-12,NVDA
Taiwan Semiconductor Raising Prices on Products on Vanilla Wafers - SemiAccurate,2011-09-08,NVDA
Cramer Versus Citron: The Ambarella Debate Rages On,2015-07-29,NVDA
"Barclays Upgrades Nvidia, Says AI Opportunity Is Too Big To Ignore",2018-05-03,NVDA
10 Biggest Price Target Changes For Friday,2020-05-01,AAPL
"Chip Stocks Lower Premarket: Micron Shares Down 1.6%, Western Digital Down 1.5%, AMD Down 0.9%, NVIDIA Down 0.6%; Traders Attributing Weakness To Nikkei Report 'Apple in talks for first order from a Chinese chipmaker'",2018-02-14,NVDA
These Are The Leveraged ETFs At Play When Trade War Worries Strike,2019-09-04,NVDA
NVIDIA Now Presenting at ThinkEquity,2012-09-13,NVDA
Nvidia Falls Short...And Wall Street Reacts,2015-05-11,NVDA
Benzinga's Top Pre-Market Losers,2011-07-26,NVDA
"UPDATE: Deutsche Bank Maintains Hold On NVIDIA, Raises Target To $190 Notes 'while we expect a solid print/guide that may deliver incremental upside to estimates, we believe much of this goodness is already reflected in the shares'",2019-11-11,NVDA
No One Compares To Intel In Global Semiconductor Market Share,2017-11-07,NVDA
UPDATE: Potentinal EU Investigation Comes Four Years After Nvidia's Icera Unit Filed Complaint Against Qualcomm,2014-08-26,NVDA
Nvidia's Q3 Success Dampens Fear Of Gaming Growth Slowdown,2017-11-10,NVDA
Intel Has Reportedly Ditched Nvidia For Advanced Micro Devices,2017-05-16,NVDA
A Peek Into The Markets: US Stock Futures Up Ahead Of Economic Reports,2020-05-15,AAPL
Premarket: Cray Lands $188 Million Contract,2011-11-14,NVDA
6 Stocks Which Plummeted Three Days On Increasing Volume,2016-10-07,NVDA
Wednesday January 9th Watchlist,2013-01-09,NVDA
Apple Shares Spike 1.5% Amid Nikkei Report Co. Aiming To Increase iPhone Output By 4% Through Mar.,2020-04-21,AAPL
"'Apple's computerized glasses won't be ready until 2022 'at the earliest,' top analyst says' -CNBC Article",2020-05-14,AAPL
Have You Tried The New Benzinga Pro Chat Beta Yet? We Often Discuss Hot Stocks And The Recent Breaking News Items Over The Last Few Mins.; Check It Out At https://pro.benzinga.com/popout/widget/chat/,2018-08-23,NVDA
The Hot Chips 2018 Conference: Morgan Stanley's Takeaways,2018-08-24,NVDA
Analyst: Bitmain's New Ethereum Mining Chip Could Spell A Little Bit Of Trouble For AMD And Nvidia,2018-04-04,NVDA
Shares of several semiconductor and chip companies are trading lower amid overall equity weakness. Macro disruption as a result of the coronavirus pandemic has affected businesses across sectors.,2020-04-03,NVDA
Here's How Much Investing $100 In Adobe Stock Back In 2010 Would Be Worth Today,2020-03-09,NVDA
"ICYMI: Wayfair's Q4, Snapchat Gets Dissed, Cryptos And Semiconductors",2018-02-22,NVDA
Short Term Trading Ideas for Christmas Week,2012-12-26,NVDA
Semiconductor Companies Expected To Fuel Growth In Tech Sector Earnings This Quarter,2017-07-11,NVDA
"Advanced Micro Devices Sharply Higher Amid Intel Chatter, Analyst Day",2017-05-16,NVDA
"Jefferies Reiterates Buy on Apple, Lowers Price Target to $320",2020-03-17,AAPL
Shares of several semiconductor stocks are trading higher after Micron reported better-than-expected Q2 EPS and revenue; the company's CEO also stated they expect NAND bit supply growth in FY20 to be below industry demand.,2019-03-21,NVDA
"Goldman Starts Advanced Micro Devices At Sell, Sees 20% Downside",2017-04-06,NVDA
Nomura Downgrades NVIDIA to Neutral,2015-06-10,NVDA
NVIDIA Tells Benzinga It Declines To Comment On Earlier Digitimes Article Suggesting The Company Is Planning For A Slowdown In Demand For Cryptocurrency Mining Chips,2018-03-13,NVDA
NVIDIA Corporation Sees Q1 Sales $940.0M +/- 2% vs $1.07B Est,2013-02-13,NVDA
"NVIDIA Shares Down Nearly $1 Over Last Few Mins. On Heavy Volume, Citron Research's Andrew Left Says He Shorted Stock Into This Afternoon's Earnings Report",2017-08-10,NVDA
"Earnings Scheduled For November 7, 2013",2013-11-07,NVDA
Earnings Scheduled For November 10,2011-11-10,NVDA
"Short Sellers Jump on ARM Holdings, Broadcom (AMAT, ARMH, BRCM)",2013-06-26,NVDA
Only Technology Can Save And Lead The Automotive Industry Forward,2020-03-11,AAPL
GeForce Awakens: Nvidia Just Launched its Newest Graphics Card,2017-03-01,NVDA
Exane BNP Paribas Downgrades NVIDIA to Underperform,2018-11-20,NVDA
"Option Alert: Nvidia Nov 14 $19 Call; 2,000 Contract Trade at Ask @$1.54; Currently $20.15",2014-11-06,NVDA
22 Stocks Moving In Friday's Pre-Market Session,2017-08-11,NVDA
"Deutsche Bank Maintains Hold on NVIDIA, Raises Price Target to $190",2019-11-11,NVDA
"Jefferies Initiates NVIDIA At Hold, $16 PT",2011-07-19,NVDA
"Despite Volatility, FANG Continues to Prove Its Popularity",2020-03-11,NVDA
Investor Movement Index (IMX) for December 2016,2017-01-09,NVDA
Nvidia Rises 7% Pre-Market on Earnings Beat,2012-05-11,NVDA
"Bank Of America On AMD, Nvidia, And Intel's 'Processor-Gate'",2018-01-12,NVDA
"Gene Munster Dismisses Goldman's Apple Downgrade, Says Cupertino Has Long-Term Earnings Power",2020-04-17,AAPL
25 Stocks Moving In Tuesday's Mid-Day Session,2018-04-10,NVDA
"Stocks That Made New 52-Week Highs Today Include: FLIR Systems, Textron, Darden Restaurants, United Continental, Intuitive Surgical, TJX, NetApp, Illumina, First Energy, NVIDIA, Microsoft, Visa, and Paypal",2018-08-30,NVDA
Marc Chaikin's Bullish Thesis On 3 Small-Cap Tech Stocks,2017-05-16,NVDA
"Tech Stock Roundup: MSFT, NVDA, TSLA, INTC and More",2017-10-05,NVDA
7 Biggest Price Target Changes For Friday,2016-11-11,NVDA
"Barron's Picks And Pans: FedEx, Intel, Caterpillar And More",2018-01-06,NVDA
"Shares of companies in the software, technology and semiconductor spaces are trading lower as continued coronavirus fears cause weakness across sectors.",2020-02-27,NVDA
"US Stock Futures Down, Economic Data In Focus; Japan's Nikkei Ends 5.7% Higher",2011-03-16,NVDA
"In Honor Of Friday The 13th, Here Are Some Of The Unluckiest Trades Of 2016",2017-01-13,NVDA
"Nvidia Beats Earnings And Revenue Estimates, Uplifting Forecasts",2016-08-11,NVDA
"Sterne Agee Retains Neutral on NVIDIA, Tweaks Estimates",2011-11-11,NVDA
4 Semiconductor Stocks Fund Managers Are Buying Most,2017-10-10,NVDA
NVIDIA Corporation Sees Q3 Sales $1.20B +/- 2% vs $1.16B Est,2014-08-07,NVDA
"Moderna, NVIDIA, Deere Form Bright Spots Amid Worries Over U.S.-China Relationship",2020-05-22,NVDA
"Rotation, Rotation, Rotation: Value Is The New Tech",2017-12-05,NVDA
Nvidia Caps Record Year With Big Q4 Earnings Beat,2018-02-08,NVDA
7 Risks Deutsche Bank Sees At NVIDIA,2015-02-12,NVDA
The Week Ahead: More Earnings and the U.S. Election,2012-11-02,NVDA
"Amazon, Exxon Mobil Earnings Weigh On Market To Start New Month As Caution Steers The Wheel",2020-05-01,AAPL
Bank Of America Raises AMD Target On Market Share Optimism,2018-06-25,NVDA
AMD Sells Off As Tesla Rumor Cools Down; Analyst Calls Partnership 'Completely False',2017-09-22,NVDA
NVIDIA Sees Q4 Sales $2.7B +/- 2% vs $3.4B Estimate,2018-11-15,NVDA
Technical Alert: Nvidia Higher For Tenth Day In A Row,2016-12-27,NVDA
Positive Rumors About Nvidia Corp Circulate (NVDA),2011-05-17,NVDA
"ISI Bullish on Semi-Conductors, Offers Top Picks",2014-04-11,NVDA
Nvidia Might Be The Best Way To Play Virtual Realty That's 'Just Around The Corner',2015-09-23,NVDA
NVIDIA shares are trading higher after Bernstein upgraded the stock from Market Perform to Outperform and raised its price target from $300 to $360 per share.,2020-02-19,NVDA
"The Market In 5 Minutes: Bitcoin ETFs, GoPro Downgrade, Nvidia Partners With Uber And Volkswagen",2018-01-08,NVDA
Trip Chowdhry's Top 4 Stock Picks,2016-11-11,NVDA
Apple CFO Says Liquidity Has Not Been Issue,2020-04-30,AAPL
"Benzinga's Top Upgrades, Downgrades For March 26, 2019",2019-03-26,NVDA
UPDATE: Google's Tegra 3 Chipset is Manufactured by Nvidia,2012-06-27,NVDA
"Why BofA Says AMD, Nvidia Are High-Quality, High-Beta Stocks In A Volatile Market",2020-03-20,NVDA
10 Industries That Could Be Impacted by Driverless Cars,2017-05-18,NVDA
The Street's Take On Advanced Micro Devices' Earnings Report,2015-10-16,NVDA
"Nikkei Asian Review Reports NVIDIA CEO Huang Sees Fully Driverless Cars By 2021, But 'Has No Appetite For AI CHips For Mobile and Connected Devices'",2017-10-26,NVDA
"B. Riley & Co. Upgrades NVIDIA Corporation to Buy, Raises PT to $21.00",2014-02-13,NVDA
"Apple Q2 iPhone Sales $28.962B, Mac Sales $5.351B, iPad $4.368B, Wearables, Home, Accessories $6.284B",2020-04-30,AAPL
Benzinga's Top Upgrades,2014-12-19,NVDA
22 Stocks Moving In Thursday's Pre-Market Session,2017-02-23,NVDA
Apple Reportedly Planning Major iPhone Design Overhaul For Fall Launches,2020-04-13,AAPL
Needham Upgrades NVIDIA to Hold,2020-01-13,NVDA
Hearing Apple To Close All Retail Stores Until Further Notice,2020-03-17,AAPL
"Apple Says Social-Distancing Guidelines Will Limit Number Of Customers In Stores, May Create Delays For Walk-In Customers",2020-05-08,AAPL
"Stocks To Watch For August 10, 2012",2012-08-10,NVDA
"Watching Apple Shares Decline At Least 1% Head Of Earnings, Expected At 4:30",2020-04-30,AAPL
"UPDATE: Raymond James Reiterates Outperform On NVIDIA, Raises Target To $240 Notes 'incremental strength appears to secular - coming from AI inferencing (driven by speech recognition), something bulls had been waiting on for several quarters'",2019-11-15,NVDA
Benzinga's Option Alert Recap From March 6,2017-03-06,NVDA
"Stocks Which Set New 52-Week High Yesterday, August 29th",2018-08-30,NVDA
"From NVIDIA Q4 Earnings Conference Call: CFO Colette Kress Says While Overall Contribution From Crypto Is Difficult To Quantify, Segment Was Higher As A Percentage Of Sales This Qtr. vs Last Qtr.",2018-02-08,NVDA
"Cyclical Fears For Semis Are Rising, Says Deutsche Bank",2018-02-24,NVDA
3 Stocks With Recent Dividend Boosts,2011-06-09,NVDA
44 Biggest Movers From Friday,2018-02-12,NVDA
"Fast Money Picks For August 2nd (TTM, LLL, TKR, NVDA)",2011-08-02,NVDA
Light Goes From Green To Red As Weak European Data Puts Brakes On U.S. Rally,2019-03-22,NVDA
"Adobe, NVIDIA Report Partnership to Deliver New AI Services for Creativity and Digital Experiences",2018-03-28,NVDA
10 Biggest Mid-Day Losers For Wednesday,2016-12-28,NVDA
"Benzinga's Top ETF Decliners, December 22nd (SOXS, FAZ, DRV, EDZ)",2011-12-23,NVDA
Aquantia Shares Seeing Continued Upside From Monday's Announcement Co. Will Partner With NVIDIA On Autonomous Cars; Since News Of Partnership Stock Has Gained 26%,2018-02-01,NVDA
"Mizuho Maintains Buy on NVIDIA, Raises Price Target to $230",2019-11-15,NVDA
'NYTimes.com blames crypto miners for shortages of my chips but that is so yesterday's news. This quarter will show a big drop off in crypto sales. Everyone knows that. At least I thought they did. Nvidia',2018-05-09,NVDA
Guy Adami And Pete Najarian Share Their Thoughts On Nvidia And Allergan,2017-03-30,NVDA
Shares of several semiconductor companies are trading higher. Not seeing any news to justify the price action.,2020-02-26,NVDA
10 Biggest Price Target Changes For Wednesday,2020-06-10,AAPL
20 Stocks Moving In Friday's Pre-Market Session,2017-06-09,NVDA
30 Stocks Moving in Friday's Pre-Market Session,2020-02-14,NVDA
Nvidia Falling Again (NVDA),2011-05-16,NVDA
NVIDIA Announces Q1 2015 Results Early After 'Inadvertent' Internal Email,2014-05-06,NVDA
Morgan Stanley Upgrades Nvidia As The Data Era Is Now 'Investable',2018-04-10,NVDA
Did NVIDIA Steal Apple's Retina Display?,2013-01-07,NVDA
"Intel, NVIDIA, and Advanced Micro Devices are trading lower in sympathy with Micron after the company issued concerning Q2 guidance and cut its DRAM bit output growth forecasts.",2018-12-19,NVDA
Can Apple and Amazon Save Christmas?,2011-10-05,NVDA
Vetr Crowd Thinks AMD Is Running Hot,2016-11-22,NVDA
"Morgan Stanley: Nvidia 'The Cleanest Growth Story In Semis,' With New Products Ahead",2018-07-17,NVDA
Is It Time To Remove General Electric From The Dow 30?,2017-12-03,NVDA
Ad Revenue Another Big Catalyst For The Esports ETF,2019-04-11,NVDA
Today's Movers and Shakers,2012-05-25,NVDA
Nvidia Spiking Higher After Earnings Release,2011-08-11,NVDA
Forget Crypto: eSports Might Be Where It's At For Nvidia And AMD,2018-04-11,NVDA
Vetr Crowd Downgrades Nvidia,2017-09-18,NVDA
"A Peek Into The Markets: US Stock Futures Up Ahead Of Economic Data, Fed Minutes",2020-02-19,NVDA
Travel Stocks May Stay In Focus As Coronavirus Fears Linger,2020-02-14,NVDA
Hearing Jefferies Removes NVIDIA From Franchise Pick List; Unconfirmed,2019-01-25,NVDA
Apple Swapping GSU Supplier to Nvidia -Semiaccurate,2011-11-21,NVDA
Investor Movement Index Summary: March 2020,2020-04-06,AAPL
"Rough Start To New Week As Apple, Chip Stocks, Travel And Leisure Sector Hit Hard By Virus",2020-02-24,NVDA
"BofA: Latest Steam Gaming Data Good News For Nvidia, AMD",2018-09-10,NVDA
Oppenheimer Upgrades NVIDIA to Outperform,2018-08-17,NVDA
10 Biggest Price Target Changes For Thursday,2020-02-13,NVDA
Tech stocks shares are trading lower after Apple cut Q1 sales guidance drastically.,2019-01-02,NVDA
NVIDIA To Report Q4 Results Feb. 8 After Hours Approximately 4:20pm ET,2018-01-25,NVDA
"Graphics Card Market to See Heated Competition between Nvidia, AMD, Intel in 2021",2019-08-20,NVDA
"Roth Upgrades NVIDIA To Buy, Encouraged By 'Deep Learning' Growth",2016-05-13,NVDA
NVIDIA Sees Q2 Sales $1.35B +/- 2%,2016-05-12,NVDA
Nvidia shares trading up 2.7% after IHS reported worldwide semiconductor revenue hit a record of $129.8B in Q3.,2018-11-30,NVDA
NVIDIA Shares Down 1.3% Over Last Few Mins.; Not Seeing News To Justify Move Lower; Stock Down 5% Over Last Hour Since Price Broke Below Important Technical Level At $200; Stock Down 4.5% For Session,2018-10-29,NVDA
Volvo Selects AI-Based NVIDIA DRIVE Computer For Production Cars,2018-10-10,NVDA
"FBR Capital Markets Lowers PT on NVIDIA from $20 to $18, Maintains Outperform",2012-06-07,NVDA
Signs The Desktop GPU Market Is Oversaturated Keep Analyst Underweight On Nvidia,2017-05-08,NVDA
Nvidia Spokesperson Would Not Comment on Note from Nomura Saying the Company is a Possible Takeover Target of Intel,2012-05-29,NVDA
"13F From David Tepper's Appaloosa Late Tuesday Showed Exited Stake In Applied Materials, NVIDIA; New 219.272K Share Stake In NXP Semiconductors",2018-08-15,NVDA
AMD Unveils New Radeon RX Vega GPUs,2017-08-14,NVDA
Analyst Says Nvidia's Second-Half Outlook Is Promising,2018-06-27,NVDA
"From NVIDIA's GPU Conference: CEO, Pres Jensen Hsun Huang Says Investment In Self-Driving Technology Will Rise Following Uber Fatality",2018-03-27,NVDA
"Benzinga's Top Upgrades, Downgrades For November 16, 2018",2018-11-16,NVDA
"Benzinga's Top ETF Decliners, June 23rd (DRN, AGQ, UCO, SOXS)",2011-06-23,NVDA
Sterne Agee Maintains Neutral Rating On NVIDIA,2011-05-13,NVDA
"Benzinga's Top Upgrades, Downgrades For April 5, 2018",2018-04-05,NVDA
"Shares of several semiconductor companies are trading higher after President Trump said he spoke with China's Xi and announced they will have an extended meeting at G20, renewing trade optimism. NOTE: Semis have major China exposure.",2019-06-18,NVDA
Tencent Games Partners with NVIDIA to Launch START Cloud Gaming Service,2019-12-18,NVDA
Stocks Hitting 52-Week Highs,2016-04-04,NVDA
NVIDIA Corporation Sees Q4 Sales $1.05B +/- 2% vs $1.05B Est; Reports Added $1B Buyback Plan,2013-11-07,NVDA
"Benzinga's Bulls & Bears Of The Week: Apple, Alibaba, Spotify, 3M And More",2018-05-06,NVDA
10 Must Watch Stocks for Today,2016-08-11,NVDA
"10 Stocks To Watch For February 17, 2016",2016-02-17,NVDA
12 Stocks Moving In Friday's Pre-Market Session,2016-07-15,NVDA
"Jim Cramer Advises His Viewers On Groupon, Buckle And More",2017-12-21,NVDA
8 Stocks On Watch For Monday,2013-03-04,NVDA
Nvidia Jumps 7% After Q1 Results,2012-05-11,NVDA
5 Biggest Price Target Changes For Friday,2018-02-09,NVDA
"7 Stocks To Watch For March 11, 2019",2019-03-11,NVDA
"Mobileye Is A $10 Stock That's 'Hyper-Inflated', Could Collapse In 6 Months: Chowdhry",2016-09-16,NVDA
"As Oil Prices Jump, Energy Shares Help Fuel Market Rally",2019-06-13,NVDA
2 Options Strategies For Nvidia Ahead Of Earnings,2020-05-12,NVDA
Will Microsoft Really Sell Surface for $199?,2012-08-15,NVDA
"ICYMI: Nvidia, Apple Supplier Sinks, AT&T In Court",2018-03-19,NVDA
US Stock Futures Edge Higher Ahead Economic Data,2015-10-30,NVDA
"Key Takeaways From Dell, HP Recent Earnings Reports",2011-05-18,NVDA
NVIDIA Sees Q4 Sales $2.1B +/- 2%,2016-11-10,NVDA
The Companies Behind The Chips That Power Cryptocurrency Mining,2018-02-02,NVDA
An Intel Core Processor With Custom AMD Graphics Is Coming,2017-11-06,NVDA
Quick Retreat: Impressive Thursday Turnaround Halted in Its Tracks Amid Fresh Trade Tiff,2020-05-15,AAPL
Semiconductor Equipment Billings Stay above $2B in June,2019-07-26,NVDA
"Nvidia Reportedly Eyeing 5nm Chips Even As Apple, AMD Ramp Up Orders",2020-04-24,NVDA
"Jefferies & Company Maintains Nvidia at Hold, Lowers PT from $16 to $15",2012-05-14,NVDA
"Earnings Scheduled For November 5, 2015",2015-11-05,NVDA
Nvidia Posts Big Q3 Earnings Beat,2019-11-14,NVDA
"From NVIDIA's Q2 CFO Commentary, Co. Says It Previously Anticipated Crypto to Be 'Meaningful for the year, we are now projecting no contributions going forward.'",2018-08-16,NVDA
"All Quiet On The Market Front: Dow, S&P 500, Nasdaq Virtually Flat",2014-11-12,NVDA
35 Stocks Moving In Friday's Mid-Day Session,2017-11-10,NVDA
AMD Reportedly Slashes Prices On Graphics Card Ahead Of Launch,2019-07-05,NVDA
"Benzinga Pro's Top 5 Stocks To Watch For Thurs., Apr. 30, 2020: AAPL, LVS, MRNA, IMKTA, CAPR",2020-04-30,AAPL
Apple Limits Online iPhone Purchases To Two After Closing All Stores Outside China,2020-03-20,AAPL
"Earnings Scheduled For August 6, 2015",2015-08-06,NVDA
"Earnings Scheduled For November 14, 2019",2019-11-14,NVDA
"Shares of several technology, software and semiconductor companies are trading lower as equities sell off amid continued global coronavirus concerns. The virus has caused global economic disruption and negatively impacted stocks across sectors.",2020-03-18,AAPL
Benzinga's Top Upgrades,2015-09-17,NVDA
Can Support Hold? 08-11-2011,2011-08-15,NVDA
New Nvidia Chip to Appear in New Apple Macbook Pro,2012-06-11,NVDA
UPDATE: Cassidy Also Tells Benzinga 'Japan / Korea trade issues may drive up the prices of memory devices following a year of memory prices in free fall. Prices for memory increased w/w for the first time in over a year.',2019-07-12,NVDA
10 Stocks Moving In Wednesday's Pre-Market Session,2016-04-06,NVDA
"From NVIDIA's Q2 CFO Commentary, Co. Says GPU Sales Up 40% YoY, Down 4% Sequentially; Adds Co. Had Anticipated Crypto-product Sales Declining To ~$100M, But Actual Crypto Sales Were Only $18M",2018-08-16,NVDA
Mid-Afternoon Market Update: Dow Tumbles 1%; Nordstrom Shares Down Following Earnings Miss,2016-05-13,NVDA
AMD Desktop GPU Shipments Overtake Nvidia's For First Time In 5 Years,2019-08-30,NVDA
5 Biggest Price Target Changes For Friday,2018-05-11,NVDA
Stocks Hitting 52-Week Highs,2015-11-06,NVDA
"Morgan Stanley Maintains Equal-Weight on NVIDIA, Raises Price Target to $222.00",2017-11-10,NVDA
Option Alert: NVDA Jun16 21.0 Puts: 10000 @ ASK $1.20: 10k traded vs 126 OI: Earnings 2/17 After Close $25.52 Ref,2016-02-12,NVDA
"NVIDIA Shares Up 2.4% Premarket Despite No News; After Falling 10% On Friday Amid Tech Weakness And A Short Call From Citron's Andrew Left, Shares Rebounded Off $143 Level Monday",2017-06-13,NVDA
"Shares of semiconductor companies are trading higher following positive US-China trade reports from earlier, offsetting the sector-wide effects of weak earnings and guidance from Marvell.",2019-12-04,NVDA
"Amazon, Nvidia, And 3 Other Stocks In A Bullish Technical Trend",2018-02-05,NVDA
18 Stocks Moving In Tuesday's Pre-Market Session,2016-12-20,NVDA
"SunTrust Robinson Humphrey Maintains Buy on NVIDIA, Raises Price Target to $384",2020-05-22,NVDA
NVIDIA Begins Taking Orders for Shielf Portable-Gaming Device,2013-05-14,NVDA
"Short Sellers Jump on KLA-Tencor, Marvell Technology (ARMH, KLAC, MRVL)",2013-07-11,NVDA
NVIDIA Corporation Reports Q2 EPS of $0.30 vs $0.20 Est; Revenue of $1.10B vs $1.10B Est,2014-08-07,NVDA
8 Biggest Price Target Changes For Tuesday,2019-12-31,NVDA
Why Nvidia Will Play An 'Integral' Role In The Future Of Tech,2017-11-27,NVDA
"Apple CEO Tim Cook ""Despite COVID-19's unprecedented global impact, we're proud to report that Apple grew for the quarter, driven by an all-time record in Services and a quarterly record for Wearables""",2020-04-30,AAPL
How The Top Institutional Investors Are Handling 2017's Most Popular Stocks,2017-05-22,NVDA
Wells Fargo Downgrades NVIDIA Corporation to Market Perform,2013-07-31,NVDA
"The Most Bought And Sold Stocks Of The First Half Of 2017, According To TD Ameritrade Clients",2017-07-17,NVDA
Apple Says New Mac Pro Desktop Has AMD Firepro Graphics,2013-10-22,NVDA
M Science Negative on NVIDIA,2017-03-17,NVDA
NVIDIA Announces Big Format Gaming Displays at #CES2018,2018-01-08,NVDA
75 Stocks Moving In Tuesday's Mid-Day Session,2020-03-24,AAPL
5 Misguided Valentine's Day Gifts For Stock Traders,2017-02-14,NVDA
Apple shares are trading lower following a report suggesting the company was fined €1.1B by the French Competition Authority for anti-competitive behavior in its distribution network.,2020-03-16,AAPL
"Chip Stocks Higher Tues. Despite Seeing Some Notable Bearish Option Activity: NVIDIA Up 2%, AMD Up 1.6%, Micron Up 1.3% (See Body Of This Headline For Details On Option Activity",2018-02-20,NVDA
"Shares of several technology companies are trading higher. Market strength has been attributed to strong containment measures taken by California, rebound in oil, central bank actions and expectations of increased technology usage amid the virus outbreak.",2020-03-20,AAPL
Should NVIDIA Be Trading At A Premium To Its Peers?,2016-06-16,NVDA
"NVIDIA Shares Fall Off The Open, Down 1.34% As Traders Circulate A Mixed Bluefin Note From July 12th; Bluefin Says That While Crypto Demand Is Weak And Graphics Card Sales Are Sluggish, They Believe Data Center Momentum Will Be A Near-Term Primary Driver",2018-07-13,NVDA
Analysts Dissect Nvidia's Product Announcements: 'Evolutionary Rather Than Game-Changing',2019-03-19,NVDA
"NVIDIA to Increase Share Buyback, Will Add $750M by Q4 -Bloomberg",2013-04-11,NVDA
Upcoming Earnings: Tech Giant Nvidia Unveils New GPUs Ahead Of Q2 Results,2018-08-15,NVDA
"Jefferies Maintains Buy on NVIDIA, Raises PT to $42.00",2016-04-04,NVDA
Credit Suisse Is 'Most Positive' On Micron Following Semiconductor Conference,2017-08-29,NVDA
The Place To Be With Israel ETFs,2019-03-22,NVDA
NVIDIA Adds $7B To Buyback,2018-11-15,NVDA
"Susquehanna Initiates Coverage on NVIDIA at Neutral, Announces $66.00 PT",2016-09-20,NVDA
Same Old Leadership Song Lifts These Leveraged ETFs,2020-05-27,AAPL
"Earnings Scheduled For August 10, 2017",2017-08-10,NVDA
Nvidia To Buy Mellanox Technologies For $6.9B,2019-03-11,NVDA
One Simple Measure for Investing in a Volatile Market,2013-06-18,NVDA
NVIDIA shares are trading higher after the company reported better-than-expected Q1 EPS and sales results.,2020-05-22,NVDA
"Rise In Semiconductor, Cloud Computing Stocks Could Set Tone For Broader Economy",2020-03-24,AAPL
"12 Stocks To Watch For May 9, 2017",2017-05-09,NVDA
Nvidia Analyst Says Chipmaker Lacks Earnings Potential To Justify Lofty Valuation,2020-01-13,NVDA
Pacific Crest Downgrades NVIDIA To Underweight,2017-04-04,NVDA
"NVIDIA shares are trading higher in sympathy with Micron, which reported Q1 results and issued guidance late Wednesday, including sector-wide trend outlook.",2019-12-19,NVDA
Rosenblatt: AMD Will Be 'Much Bigger Player In High-End GPU Gaming',2019-05-28,NVDA
"UPDATE: UBS Maintains Buy NVIDIA, Raises Target To $240 As Firm Notes 'Proof points are about to start playing out in':",2019-11-11,NVDA
"A Peek Into The Markets: US Stock Futures Tumble Ahead Of ADP, Manufacturing Reports",2020-04-01,AAPL
"Canaccord Genuity Upgrades NVIDIA to Buy, Raises to $35.00",2015-11-16,NVDA
Mid-Day Market Update: Infinera Surges On Earnings Beat; ChannelAdvisor Shares Plunge,2017-02-10,NVDA
"What To Watch In August: Retail Earnings, IPOs, Fed Moves",2019-07-31,NVDA
Credit Suisse Sounds Alarm On Risks To Nvidia Estimates,2019-01-08,NVDA
"Hearing B of A Securities Maintains Buy On Apple, Lowers Target From $350 to $320",2020-03-11,AAPL
Nvidia Guides Q1 Revenue $900-930M vs $940.40M Est,2012-02-15,NVDA
Stocks That Hit 52-Week Highs On Monday,2019-11-25,NVDA
Double Downgrade Sinks Nvidia's Stock,2017-02-23,NVDA
5 Stocks Moving In Thursday's After-Hours Session,2019-08-15,NVDA
Intel Shares Spiking Higher Amid Report Tesla Is Shifting From NVIDIA To Intel Related To Infotainment,2017-09-26,NVDA
"Apple Q2 EPS $2.550 Beats $2.260 Estimate, Sales $58.300B Beat $54.540B Estimate",2020-04-30,AAPL
"B of A Securities Reiterates Buy on Apple, Raises Price Target to $320",2020-05-01,AAPL
NVIDIA Sees Q2 Sales $3.1B vs $2.95B Est.,2018-05-10,NVDA
"UPDATE: MKM Upgrades NVIDIA, Calls 'Expensive,' But 'Worth It'; Sees Opportunities as 'Never Greater'",2015-11-06,NVDA
Mid-Day Market Update: Crude Oil Up Over 1%; Endologix Shares Slide,2016-12-27,NVDA
"8 Stocks To Watch For February 14, 2020",2020-02-14,NVDA
"Wells Fargo Upgrades NVIDIA to Outperform, Raises Price Target to $315",2018-08-15,NVDA
NVIDIA Option Alert: May 3 $187.5 Calls Sweep (3) near the Ask: 814 @ $3.951 vs 2432 OI; Earnings 5/9 After Close [est] Ref=$186.44,2019-04-25,NVDA
"Walt Disney, Alibaba On Deck For Earnings Announcements",2016-08-07,NVDA
"Nvidia is Trading Up over 13% in Pre-Market Trading, After Reporting Earnings Thursday After the Close",2011-08-12,NVDA
NVIDIA shares trading lower despite no company news. Note that shares of NVIDIA have rallied about 8% over the last 2 weeks and over 32% since the beginning of June.,2019-07-25,NVDA
"Rising Short Interest For Broadcom And Other Semiconductor Stocks (BRCM, KLAC, MRVL)",2013-09-27,NVDA
"News Summary for August 12, 2011",2011-08-12,NVDA
Benzinga Pro's 5 Stocks To Watch Today,2018-05-10,NVDA
"The Market In 5 Minutes: Alibaba's Expansion, Uber's Warning",2017-10-11,NVDA
Benzinga's Top Pre-Market Losers,2013-03-11,NVDA
"Benzinga's Top Picks Of The Week: Disney, Netflix, BlackBerry And More",2017-04-09,NVDA
A Look Into Apple's Price Over Earnings,2020-06-03,AAPL
12 Technology Stocks Moving In Monday's Pre-Market Session,2020-01-06,NVDA
Electrek Reports Tesla is about to increase its lead in semi-autonomous driving w/ 'Tesla Vision': computer vision based on NVIDIA's parallel computing,2016-10-10,NVDA
"Benzinga's Top ETF Gainers, June 23rd (ZSL, DRV, SCO, SOXL)",2011-06-23,NVDA
"Cisco, Macy's, Nvidia, TLT: 'Fast Money' Picks For August 17",2018-08-17,NVDA
ISI Initiates Coverage on Semi/Semi Equip. Stocks,2014-04-10,NVDA
"BlueFin Offers Q4 Update On PC Space: Oct. OEM Shipments Surprisingly Strong, Signaling A Strong Outlook For Dec. Qtr.; However, Uncertainty Surrounding Tariffs Creates Lack Of Clarity On Demand For Suppliers",2018-11-07,NVDA
"Boeing, Mattel, Monsanto, Nvidia: Fast Money Picks For June 16",2017-06-16,NVDA
"NVIDIA shares down 18% following mixed Q3 reports, concerning Q4 sales guidance; AMD shares were down 6% in sympathy",2018-11-15,NVDA
"Earning, Economic & IPO Calendar for Thursday November 6, 2014",2014-11-06,NVDA
Watch These 5 Huge Put Purchases In Monday Trade,2016-08-08,NVDA
Oppenheimer Publishes 3Q Earnings Preview for Semiconductors,2011-10-11,NVDA
Unusual Option Opportunity In Nvidia,2015-08-11,NVDA
"Analyst: Nvidia's Sell-Off Was Overdone, Time To Establish Or Add To A Position",2017-08-14,NVDA
"Apple Reportedly Shifting Away From Intel, Will Make Its Own Mac Chips",2020-04-23,AAPL
"10 Stocks To Watch For August 10, 2017",2017-08-10,NVDA
"Earnings Scheduled For February 9, 2017",2017-02-09,NVDA
"UPDATE: Needham Upgrades NVIDIA To Buy, Announces $270 Target Notes 'During this uncertain time, superior balance sheets remain supreme'; Firm Believes 'GPUs for medical applications will ramp in light of the COVID-19 pandemic'",2020-03-24,NVDA
Looking To Get Some Automotive Exposure Ahead Of CES 2017? Here Are 9 Stocks To Consider,2016-12-28,NVDA
Nvidia Bounces Back After News Of Potential SoftBank Sale,2018-12-12,NVDA
20 Biggest Mid-Day Gainers For Wednesday,2017-05-10,NVDA
NVIDIA Announces Will Wind Down Icera Modem Operations,2015-05-05,NVDA
Nvidia Option Alert: Mar 16 $150 Puts at the Bid: 1000 @ $12.401 vs 129 OI; Ref=$170.6725,2017-08-08,NVDA
"Shares of several semiconductor companies are trading higher as markets partially rebound from Monday's dip. NOTE: While some markets recover, coronavirus fears still persist globally.",2020-02-25,NVDA
"Tablet Roundup: iPad Mini, Surface, Nexus 10 and More",2012-11-18,NVDA
Trade Spat's A Boon For This Bearish Chip ETF,2018-06-28,NVDA
7 Stocks You Should Be Watching Today,2015-05-08,NVDA
Shares of semiconductor stocks are trading higher potentially due to renewed optimism in US-China relations.,2019-01-18,NVDA
A Peek Into The Markets: U.S. Stock Futures Decline Ahead Of J C Penney Earnings,2017-11-10,NVDA
NVIDIA Completes Acquisition of Mellanox,2020-04-27,NVDA
Goldman Sachs Neutral On Nvidia Corp. (NVDA),2011-04-29,NVDA
Nvidia Details New Partnership With Alibaba's Alicloud,2016-01-21,NVDA
UPDATE: Nvidia Spokesperson Says Company Does Not Comment on Who They Meet With,2014-04-03,NVDA
Apple CEO Tim Cook: Apple To Work With Google To Improve COVID-19 Contact Tracing,2020-04-30,AAPL
"ICYMI: Intel's Issues Impact AMD, Nvidia A Favorite At BofA, Citron Calls Out Cannabis Company",2018-01-03,NVDA
27 Technology Stocks Moving In Monday's Pre-Market Session,2019-08-19,NVDA
"Fast Money Halftime Report Traders Share Their Thoughts On NVIDIA, Microsoft, Walt Disney, GoPro And Fitbit",2016-01-05,NVDA
Sterne Agee Gives Earnings Preview On NVIDIA Corporation,2011-05-09,NVDA
"With Nvidia Down 13% This Week, Jefferies Says 'Buy On Weakness'",2017-08-11,NVDA
Expect Pressure On Semi Stocks Amid Terminated KLA-Tencor/Lam Deal,2016-10-06,NVDA
"A Look At Benzinga Pro's 10 Most-Searched Tickers For May 17, 2019",2019-05-17,NVDA
Shares of some technology companies are trading lower despite market strength. The sector has performed well this year to date and appears to be giving back some gains following run up.,2020-06-08,NVDA
Stocks Hitting 52-Week Highs,2015-03-10,NVDA
"UBS Maintains Buy on NVIDIA, Raises Price Target to $300",2020-01-23,NVDA
"Game Developers Conference Continues Today, Day 4 Of 5",2017-03-02,NVDA
"Airlines, Casino Stocks Getting A Lift In Pre-Market Trading as Surprising Jobs Report Gets Digested",2020-06-05,AAPL
Choppy Action 11-14-2011,2011-11-14,NVDA
Morning Market Stats In 5 Minutes,2020-03-10,AAPL
Nvidia Near Deal to Acquire Mellanox Technologies for $7B+ in Cash,2019-03-10,NVDA
"Benzinga's Top Upgrades, Downgrades For February 23, 2017",2017-02-23,NVDA
Shares of many semiconductor companies are trading higher as Hong Kong tensions ease on the withdrawal of the extradition bill that has caused mass protesting. The protests are seen as a potential disruption to the global economy and U.S.-China trade talks.,2019-09-04,NVDA
"Benzinga's Top Upgrades, Downgrades For February 11, 2019",2019-02-11,NVDA
NVIDIA's Pullback Might Not Last Very Long,2016-12-28,NVDA
MediaTek Declines Comment on Rumor of Merger With Nvidia -DigiTimes,2015-07-02,NVDA
Tuesday's Mid-Day Options Volume Leaders,2011-08-02,NVDA
TechRadar Reports 'Nvidia GeForce GTX 1180 rumored again to release in August',2018-07-23,NVDA
Traders Passing Around The Information Article Published ~4 Hours Ago 'CES Proves Carmakers Still Confused About Autonomous'; Traders Mentioning NVIDIA,2017-01-10,NVDA
"BofA Names Nvidia, Inphi Its Top Semiconductor Stock Picks For 2020",2020-01-10,NVDA
"Needham Upgrades Nvidia to Buy, $18 PT",2011-11-22,NVDA
Nvidia Said to be Taking Steps to Offset Drop in Cryptocurrency Mining Demand -DigiTimes,2018-03-13,NVDA
'Microsoft is releasing its new AirPods rival after months of delays — and it's even cheaper than expected' -Recent Business Insider Article,2020-05-06,AAPL
"Earnings Scheduled For February 11, 2015",2015-02-11,NVDA
NVIDIA Corporation Reports Q4 EPS of $0.35 vs $0.24 Est; Revenue of $1.11B vs $1.10B Est,2013-02-13,NVDA
The Long ARM Of The Law Of Portfolio Gains,2011-08-23,NVDA
Pacific Crest Upgrades NVIDIA to Sector Weight,2017-06-20,NVDA
"7 Stocks To Watch For August 17, 2018",2018-08-17,NVDA
"A Peek Into The Markets: US Stock Futures Gain, Jobless Claims In Focus",2020-04-02,AAPL
"Benzinga's Top Upgrades, Downgrades For January 29, 2019",2019-01-29,NVDA
Crude Awakening: Energy Sector Takes A 20% Spill As Crude Price War Sends Oil To 4-Year Low,2020-03-09,AAPL
Why Is Advanced Micro Devices Slashing Prices Of Ryzen 7 Chips?,2017-06-02,NVDA
"NVIDIA Shares Up ~2% After Hours, Hearing Morgan Stanley Has Upgraded From Equal-Weight To Overweight With a $258 Price Target",2018-04-09,NVDA
"Earnings Scheduled For August 8, 2013",2013-08-08,NVDA
NVIDIA shares are trading higher after the company reported better-than-expected Q1 EPS and sales results; the company issued inline Q2 sales guidance.,2019-05-16,NVDA
Shares of several microchip and semiconductor stocks are trading higher after Texas Instruments and Silicon Laboratories reported strong quarterly results.,2019-04-24,NVDA
"UPDATE: Citi On NVIDIA Being Added To 'Shopping List,' Cites 'Post Crypto Reset'",2018-12-13,NVDA
"Wells Fargo Maintains Outperform on NVIDIA, Raises Price Target to $240",2019-11-15,NVDA
"Auriga Upgrades NVIDIA To Buy, Raises PT To $24",2011-05-31,NVDA
US Stock Futures Higher Ahead Of Retail Sales Data,2013-02-13,NVDA
