Date,Year,Month,Month_Name,Day,Weekday,Quarter,Transaction Description,Category,Category_Code,Amount,Type,Is_Income
2023-09-21,2023,9,September,21,Thursday,3,throughout leader bag.,Utilities,9,633.69,Expense,0
2024-07-29,2024,7,July,29,Monday,3,future congress.,Health & Fitness,2,1603.7,Expense,0
2021-05-31,2021,5,May,31,Monday,2,up federal nor note.,Entertainment,0,649.84,Expense,0
2021-05-24,2021,5,May,24,Monday,2,people education great.,Health & Fitness,2,1729.85,Expense,0
2021-07-07,2021,7,July,7,Wednesday,3,general agency bit.,Shopping,7,1010.78,Expense,0
2022-12-05,2022,12,December,5,Monday,4,magazine join.,Utilities,9,113.06,Expense,0
2023-07-19,2023,7,July,19,Wednesday,3,rest or.,Travel,8,1948.7,Expense,0
2022-07-17,2022,7,July,17,Sunday,3,main board population.,Shopping,7,379.62,Expense,0
2024-03-26,2024,3,March,26,Tuesday,1,leader both rest challenge.,Food & Drink,1,1404.76,Expense,0
2020-11-26,2020,11,November,26,Thursday,4,heavy class story side speak.,Entertainment,0,1422.47,Expense,0
2023-01-19,2023,1,January,19,Thursday,1,society common stay ready.,Shopping,7,737.17,Expense,0
2024-10-10,2024,10,October,10,Thursday,4,wish current.,Health & Fitness,2,727.01,Expense,0
2022-06-11,2022,6,June,11,Saturday,2,begin determine degree forward.,Other,4,597.0,Income,1
2024-08-14,2024,8,August,14,Wednesday,3,yourself successful defense subject.,Entertainment,0,1040.31,Expense,0
2020-04-27,2020,4,April,27,Monday,2,paper memory history office.,Entertainment,0,1730.65,Expense,0
2024-03-13,2024,3,March,13,Wednesday,1,new type pm.,Entertainment,0,1822.86,Expense,0
2024-12-19,2024,12,December,19,Thursday,4,democratic recent student specific political.,Food & Drink,1,406.37,Expense,0
2022-02-17,2022,2,February,17,Thursday,1,full soldier.,Salary,6,960.12,Expense,0
2021-06-15,2021,6,June,15,Tuesday,2,feeling manage as.,Utilities,9,1834.33,Expense,0
2020-03-21,2020,3,March,21,Saturday,1,citizen street region.,Rent,5,503.33,Expense,0
2024-01-04,2024,1,January,4,Thursday,1,man care resource.,Investment,3,2036.0,Income,1
2023-10-08,2023,10,October,8,Sunday,4,employee continue none alone.,Salary,6,1458.39,Expense,0
2023-12-25,2023,12,December,25,Monday,4,event smile popular hundred live.,Salary,6,1901.21,Expense,0
2024-02-24,2024,2,February,24,Saturday,1,difference way type positive phone.,Health & Fitness,2,668.82,Expense,0
2024-09-26,2024,9,September,26,Thursday,3,right know during someone.,Travel,8,947.98,Expense,0
2021-06-14,2021,6,June,14,Monday,2,occur college herself.,Utilities,9,673.39,Expense,0
2024-11-11,2024,11,November,11,Monday,4,national back everybody direction budget.,Rent,5,216.82,Expense,0
2024-11-20,2024,11,November,20,Wednesday,4,day fact modern.,Health & Fitness,2,385.26,Expense,0
2024-02-10,2024,2,February,10,Saturday,1,little happy final population.,Salary,6,1661.67,Expense,0
2024-04-07,2024,4,April,7,Sunday,2,natural own.,Other,4,4900.0,Income,1
2023-08-17,2023,8,August,17,Thursday,3,computer prove amount population.,Travel,8,1428.35,Expense,0
2022-02-18,2022,2,February,18,Friday,1,rock painting become.,Investment,3,4883.0,Income,1
2024-04-09,2024,4,April,9,Tuesday,2,fear song save.,Utilities,9,330.3,Expense,0
2023-06-30,2023,6,June,30,Friday,2,side mind question year finish.,Food & Drink,1,1009.18,Expense,0
2020-10-16,2020,10,October,16,Friday,4,scientist will begin.,Rent,5,1646.01,Expense,0
2021-03-05,2021,3,March,5,Friday,1,heavy what least mouth national.,Food & Drink,1,110.65,Expense,0
2021-06-02,2021,6,June,2,Wednesday,2,forward sense cause write right.,Utilities,9,1915.87,Expense,0
2021-06-06,2021,6,June,6,Sunday,2,first blood accept final.,Shopping,7,823.45,Expense,0
2023-09-12,2023,9,September,12,Tuesday,3,section agency lawyer sign them.,Utilities,9,1894.38,Expense,0
2020-05-05,2020,5,May,5,Tuesday,2,expert involve oil.,Health & Fitness,2,123.76,Expense,0
2024-08-27,2024,8,August,27,Tuesday,3,good spend still.,Salary,6,1542.23,Expense,0
2021-06-24,2021,6,June,24,Thursday,2,fact reason make office.,Entertainment,0,690.05,Expense,0
2024-06-21,2024,6,June,21,Friday,2,land day name small.,Food & Drink,1,1758.23,Expense,0
2022-12-12,2022,12,December,12,Monday,4,happen a point here control.,Rent,5,274.07,Expense,0
2023-08-10,2023,8,August,10,Thursday,3,mission include visit.,Investment,3,2313.0,Income,1
2021-03-19,2021,3,March,19,Friday,1,across nothing.,Food & Drink,1,1997.19,Expense,0
2021-03-27,2021,3,March,27,Saturday,1,lawyer writer health.,Health & Fitness,2,1907.65,Expense,0
2021-01-26,2021,1,January,26,Tuesday,1,by field move.,Food & Drink,1,624.78,Expense,0
2022-07-04,2022,7,July,4,Monday,3,maintain former campaign pretty beyond.,Food & Drink,1,204.39,Expense,0
2023-05-14,2023,5,May,14,Sunday,2,stage someone for power.,Utilities,9,762.98,Expense,0
2022-03-07,2022,3,March,7,Monday,1,after sister should across treatment.,Entertainment,0,359.23,Expense,0
2021-11-21,2021,11,November,21,Sunday,4,enter build citizen rather.,Investment,3,1794.0,Income,1
2023-10-27,2023,10,October,27,Friday,4,respond into history.,Utilities,9,418.93,Expense,0
2024-04-22,2024,4,April,22,Monday,2,space game truth special decision.,Travel,8,1681.82,Expense,0
2021-12-09,2021,12,December,9,Thursday,4,people early far include nearly.,Other,4,4585.0,Income,1
2022-05-07,2022,5,May,7,Saturday,2,include news a before.,Salary,6,1830.33,Expense,0
2020-03-15,2020,3,March,15,Sunday,1,available defense.,Entertainment,0,1428.77,Expense,0
2021-08-29,2021,8,August,29,Sunday,3,buy tax.,Food & Drink,1,1732.94,Expense,0
2021-02-05,2021,2,February,5,Friday,1,wish candidate have no.,Health & Fitness,2,1610.42,Expense,0
2023-01-26,2023,1,January,26,Thursday,1,add really born.,Other,4,1467.0,Income,1
2022-03-26,2022,3,March,26,Saturday,1,oil per line create build.,Entertainment,0,1526.1,Expense,0
2021-12-15,2021,12,December,15,Wednesday,4,yourself wind beyond prevent entire.,Other,4,3496.0,Income,1
2021-08-23,2021,8,August,23,Monday,3,play recently sure somebody.,Entertainment,0,1772.72,Expense,0
2020-04-26,2020,4,April,26,Sunday,2,go meeting quickly.,Investment,3,914.0,Income,1
2022-09-26,2022,9,September,26,Monday,3,evidence conference capital office.,Rent,5,374.26,Expense,0
2021-09-09,2021,9,September,9,Thursday,3,bar professor power.,Shopping,7,684.68,Expense,0
2021-01-27,2021,1,January,27,Wednesday,1,option oil commercial.,Health & Fitness,2,1467.4,Expense,0
2023-09-01,2023,9,September,1,Friday,3,detail far church some.,Shopping,7,1324.46,Expense,0
2024-02-23,2024,2,February,23,Friday,1,reach step son.,Utilities,9,837.7,Expense,0
2020-09-07,2020,9,September,7,Monday,3,hand so add mr lawyer.,Rent,5,1188.27,Expense,0
2021-01-19,2021,1,January,19,Tuesday,1,item treat area.,Travel,8,1553.72,Expense,0
2022-11-21,2022,11,November,21,Monday,4,program decade home which view.,Travel,8,682.13,Expense,0
2022-09-04,2022,9,September,4,Sunday,3,sort what.,Health & Fitness,2,143.68,Expense,0
2020-12-31,2020,12,December,31,Thursday,4,ready goal amount.,Rent,5,892.92,Expense,0
2022-06-01,2022,6,June,1,Wednesday,2,cultural right cover large work.,Rent,5,1890.92,Expense,0
2024-06-13,2024,6,June,13,Thursday,2,soon including important.,Health & Fitness,2,1443.31,Expense,0
2022-04-03,2022,4,April,3,Sunday,2,inside big minute.,Shopping,7,169.7,Expense,0
2021-10-22,2021,10,October,22,Friday,4,effort bill off.,Other,4,4328.0,Income,1
2021-07-14,2021,7,July,14,Wednesday,3,big the cost for leader.,Entertainment,0,778.47,Expense,0
2023-02-22,2023,2,February,22,Wednesday,1,allow share address.,Investment,3,3939.0,Income,1
2023-06-22,2023,6,June,22,Thursday,2,apply less.,Food & Drink,1,310.75,Expense,0
2020-02-16,2020,2,February,16,Sunday,1,method everything.,Shopping,7,730.37,Expense,0
2020-11-09,2020,11,November,9,Monday,4,follow wife firm key light.,Salary,6,881.14,Expense,0
2022-09-11,2022,9,September,11,Sunday,3,human see.,Utilities,9,380.91,Expense,0
2022-10-02,2022,10,October,2,Sunday,4,stuff benefit seat employee.,Salary,6,281.7,Expense,0
2020-04-23,2020,4,April,23,Thursday,2,develop staff least figure.,Utilities,9,849.54,Expense,0
2022-02-10,2022,2,February,10,Thursday,1,onto site both change note.,Utilities,9,227.36,Expense,0
2023-02-15,2023,2,February,15,Wednesday,1,she they.,Health & Fitness,2,1187.46,Expense,0
2022-07-28,2022,7,July,28,Thursday,3,might good test.,Other,4,1888.0,Income,1
2023-02-18,2023,2,February,18,Saturday,1,single blood continue.,Entertainment,0,309.63,Expense,0
2023-09-07,2023,9,September,7,Thursday,3,almost most look something.,Salary,6,1813.99,Expense,0
2020-11-14,2020,11,November,14,Saturday,4,yard model particular hair.,Salary,6,1938.42,Expense,0
2020-12-18,2020,12,December,18,Friday,4,name skill medical after them.,Utilities,9,995.7,Expense,0
2024-09-06,2024,9,September,6,Friday,3,guess service this different.,Entertainment,0,1003.01,Expense,0
2023-07-21,2023,7,July,21,Friday,3,brother southern project learn.,Shopping,7,1484.48,Expense,0
2021-08-15,2021,8,August,15,Sunday,3,go exactly much food region.,Food & Drink,1,720.62,Expense,0
2021-06-06,2021,6,June,6,Sunday,2,wait it quickly produce beat.,Salary,6,1982.06,Expense,0
2020-06-30,2020,6,June,30,Tuesday,2,call animal approach factor want.,Travel,8,98.33,Expense,0
2023-11-27,2023,11,November,27,Monday,4,candidate bad real.,Salary,6,370.71,Expense,0
2021-05-02,2021,5,May,2,Sunday,2,source onto provide.,Utilities,9,267.08,Expense,0
2023-04-23,2023,4,April,23,Sunday,2,customer expert mother significant.,Salary,6,1088.83,Expense,0
2022-06-12,2022,6,June,12,Sunday,2,truth during always those high.,Shopping,7,1614.27,Expense,0
2023-10-14,2023,10,October,14,Saturday,4,rule too.,Investment,3,1508.0,Income,1
2023-08-17,2023,8,August,17,Thursday,3,apply both chance.,Investment,3,569.0,Income,1
2021-09-11,2021,9,September,11,Saturday,3,local director become.,Utilities,9,1095.49,Expense,0
2020-03-11,2020,3,March,11,Wednesday,1,attention attack technology.,Rent,5,180.45,Expense,0
2020-04-06,2020,4,April,6,Monday,2,along hard need involve among.,Shopping,7,388.92,Expense,0
2023-11-21,2023,11,November,21,Tuesday,4,carry example.,Salary,6,1910.63,Expense,0
2020-02-08,2020,2,February,8,Saturday,1,around there water.,Food & Drink,1,465.81,Expense,0
2023-01-04,2023,1,January,4,Wednesday,1,american audience fight war whether.,Entertainment,0,1259.88,Expense,0
2021-08-18,2021,8,August,18,Wednesday,3,yeah term.,Health & Fitness,2,275.49,Expense,0
2024-06-06,2024,6,June,6,Thursday,2,remain seven marriage.,Food & Drink,1,1008.66,Expense,0
2022-07-19,2022,7,July,19,Tuesday,3,president chance hotel through.,Utilities,9,1481.91,Expense,0
2020-10-29,2020,10,October,29,Thursday,4,office of remember individual.,Utilities,9,15.32,Expense,0
2020-07-02,2020,7,July,2,Thursday,3,their off.,Entertainment,0,734.8,Expense,0
2021-06-06,2021,6,June,6,Sunday,2,require bank child.,Utilities,9,734.16,Expense,0
2022-10-03,2022,10,October,3,Monday,4,newspaper special general in go.,Salary,6,824.18,Expense,0
2020-08-19,2020,8,August,19,Wednesday,3,company participant him.,Other,4,1988.0,Income,1
2020-06-19,2020,6,June,19,Friday,2,something future they red.,Entertainment,0,453.62,Expense,0
2023-08-23,2023,8,August,23,Wednesday,3,citizen ahead method.,Travel,8,1357.62,Expense,0
2023-04-24,2023,4,April,24,Monday,2,chance event address.,Investment,3,1239.0,Income,1
2024-08-30,2024,8,August,30,Friday,3,woman whose already.,Entertainment,0,1602.32,Expense,0
2024-10-02,2024,10,October,2,Wednesday,4,gas with policy cut.,Travel,8,1610.13,Expense,0
2021-05-25,2021,5,May,25,Tuesday,2,wrong difficult range.,Travel,8,1594.7,Expense,0
2020-07-22,2020,7,July,22,Wednesday,3,million kind everything young.,Food & Drink,1,1786.39,Expense,0
2024-02-07,2024,2,February,7,Wednesday,1,nation little east everyone.,Other,4,2163.0,Income,1
2024-04-18,2024,4,April,18,Thursday,2,one shoulder administration.,Other,4,3091.0,Income,1
2022-08-06,2022,8,August,6,Saturday,3,these road.,Health & Fitness,2,886.04,Expense,0
2024-01-11,2024,1,January,11,Thursday,1,boy college mrs.,Salary,6,1849.5,Expense,0
2021-07-15,2021,7,July,15,Thursday,3,month police others particularly.,Investment,3,730.0,Income,1
2024-02-21,2024,2,February,21,Wednesday,1,law agree appear political.,Food & Drink,1,1549.59,Expense,0
2020-05-06,2020,5,May,6,Wednesday,2,exist professional.,Utilities,9,146.36,Expense,0
2023-05-19,2023,5,May,19,Friday,2,management produce bed stage.,Rent,5,483.61,Expense,0
2024-12-16,2024,12,December,16,Monday,4,child group describe.,Shopping,7,1544.74,Expense,0
2022-01-03,2022,1,January,3,Monday,1,company why really up.,Investment,3,3186.0,Income,1
2020-01-31,2020,1,January,31,Friday,1,much section investment on gun.,Rent,5,1712.08,Expense,0
2021-09-09,2021,9,September,9,Thursday,3,personal rise sense investment.,Other,4,3509.0,Income,1
2021-03-16,2021,3,March,16,Tuesday,1,sense expert experience.,Investment,3,4401.0,Income,1
2023-05-15,2023,5,May,15,Monday,2,leave opportunity draw during city.,Travel,8,263.42,Expense,0
2020-12-16,2020,12,December,16,Wednesday,4,place offer.,Shopping,7,474.79,Expense,0
2023-12-26,2023,12,December,26,Tuesday,4,memory challenge lawyer business.,Food & Drink,1,1635.01,Expense,0
2020-12-13,2020,12,December,13,Sunday,4,vote participant institution simply down.,Salary,6,696.8,Expense,0
2024-11-24,2024,11,November,24,Sunday,4,western tend candidate day.,Rent,5,850.26,Expense,0
2020-11-04,2020,11,November,4,Wednesday,4,bill eight community.,Rent,5,128.68,Expense,0
2022-01-18,2022,1,January,18,Tuesday,1,threat church big day couple.,Food & Drink,1,1414.49,Expense,0
2024-05-22,2024,5,May,22,Wednesday,2,discussion detail training fund.,Utilities,9,1474.48,Expense,0
2022-05-23,2022,5,May,23,Monday,2,tv car report window.,Salary,6,937.35,Expense,0
2023-05-16,2023,5,May,16,Tuesday,2,skin name door production back.,Food & Drink,1,372.34,Expense,0
2021-02-11,2021,2,February,11,Thursday,1,good anything manager think pressure.,Health & Fitness,2,225.61,Expense,0
2022-08-29,2022,8,August,29,Monday,3,likely outside because.,Shopping,7,1933.95,Expense,0
2024-07-25,2024,7,July,25,Thursday,3,give that individual of not.,Health & Fitness,2,823.6,Expense,0
2024-01-10,2024,1,January,10,Wednesday,1,and student give score agree.,Rent,5,1546.57,Expense,0
2023-04-01,2023,4,April,1,Saturday,2,leg sport until argue.,Food & Drink,1,1978.91,Expense,0
2024-11-18,2024,11,November,18,Monday,4,woman daughter hospital move.,Utilities,9,694.33,Expense,0
2021-10-27,2021,10,October,27,Wednesday,4,focus indicate result.,Rent,5,259.4,Expense,0
2024-10-02,2024,10,October,2,Wednesday,4,country little reality level.,Shopping,7,400.17,Expense,0
2023-11-27,2023,11,November,27,Monday,4,affect machine.,Health & Fitness,2,1226.6,Expense,0
2020-08-27,2020,8,August,27,Thursday,3,account ten sing.,Food & Drink,1,1899.73,Expense,0
2021-03-22,2021,3,March,22,Monday,1,purpose cover particularly police if.,Other,4,3620.0,Income,1
2020-03-09,2020,3,March,9,Monday,1,me system church whether.,Travel,8,486.51,Expense,0
2021-05-25,2021,5,May,25,Tuesday,2,behavior here.,Health & Fitness,2,1019.6,Expense,0
2021-03-09,2021,3,March,9,Tuesday,1,explain research.,Utilities,9,1975.18,Expense,0
2023-06-13,2023,6,June,13,Tuesday,2,employee picture official of prevent.,Salary,6,407.35,Expense,0
2024-09-05,2024,9,September,5,Thursday,3,item yet ever quite.,Travel,8,373.74,Expense,0
2020-06-07,2020,6,June,7,Sunday,2,difference attention whatever american.,Food & Drink,1,232.63,Expense,0
2020-06-11,2020,6,June,11,Thursday,2,recent feeling.,Shopping,7,1947.94,Expense,0
2024-12-15,2024,12,December,15,Sunday,4,beyond family movement hospital back.,Rent,5,1949.45,Expense,0
2023-07-10,2023,7,July,10,Monday,3,shoulder despite poor tree resource.,Investment,3,1365.0,Income,1
2023-03-27,2023,3,March,27,Monday,1,son yourself increase.,Investment,3,2033.0,Income,1
2021-04-13,2021,4,April,13,Tuesday,2,easy get every.,Shopping,7,148.47,Expense,0
2020-11-12,2020,11,November,12,Thursday,4,training occur could painting.,Travel,8,1156.73,Expense,0
2023-09-04,2023,9,September,4,Monday,3,its develop until watch.,Food & Drink,1,1170.22,Expense,0
2021-09-11,2021,9,September,11,Saturday,3,most across.,Salary,6,709.58,Expense,0
2022-05-29,2022,5,May,29,Sunday,2,style real far.,Entertainment,0,1003.61,Expense,0
2020-07-06,2020,7,July,6,Monday,3,newspaper indicate other.,Travel,8,1113.28,Expense,0
2020-11-07,2020,11,November,7,Saturday,4,senior service large under.,Travel,8,1402.47,Expense,0
2023-09-16,2023,9,September,16,Saturday,3,money but report question.,Salary,6,295.02,Expense,0
2022-05-08,2022,5,May,8,Sunday,2,box service develop game.,Rent,5,1845.23,Expense,0
2021-08-20,2021,8,August,20,Friday,3,economic represent stock.,Health & Fitness,2,1628.88,Expense,0
2024-05-04,2024,5,May,4,Saturday,2,notice street anything.,Salary,6,1311.28,Expense,0
2020-12-16,2020,12,December,16,Wednesday,4,investment pass drive.,Food & Drink,1,643.17,Expense,0
2022-01-16,2022,1,January,16,Sunday,1,end bit game thousand.,Entertainment,0,47.69,Expense,0
2020-09-29,2020,9,September,29,Tuesday,3,make travel.,Salary,6,1295.35,Expense,0
2020-02-19,2020,2,February,19,Wednesday,1,interest level rock pull.,Investment,3,3958.0,Income,1
2024-06-01,2024,6,June,1,Saturday,2,southern front.,Travel,8,1671.4,Expense,0
2022-09-29,2022,9,September,29,Thursday,3,task cultural son school.,Other,4,3965.0,Income,1
2023-05-14,2023,5,May,14,Sunday,2,should page camera.,Health & Fitness,2,454.24,Expense,0
2021-04-18,2021,4,April,18,Sunday,2,special information.,Food & Drink,1,192.6,Expense,0
2023-08-01,2023,8,August,1,Tuesday,3,building range national focus.,Entertainment,0,555.22,Expense,0
2024-07-07,2024,7,July,7,Sunday,3,better republican stock bank.,Rent,5,195.45,Expense,0
2022-01-09,2022,1,January,9,Sunday,1,answer just.,Entertainment,0,1445.59,Expense,0
2023-01-19,2023,1,January,19,Thursday,1,begin hundred truth.,Utilities,9,779.81,Expense,0
2024-06-07,2024,6,June,7,Friday,2,positive free case.,Investment,3,2384.0,Income,1
2024-06-09,2024,6,June,9,Sunday,2,wide shoulder according strong.,Other,4,2232.0,Income,1
2023-03-07,2023,3,March,7,Tuesday,1,bed food possible represent.,Entertainment,0,280.86,Expense,0
2020-08-13,2020,8,August,13,Thursday,3,system teacher here first.,Salary,6,67.76,Expense,0
2023-01-29,2023,1,January,29,Sunday,1,home even.,Health & Fitness,2,323.05,Expense,0
2021-01-12,2021,1,January,12,Tuesday,1,customer career available common.,Other,4,2856.0,Income,1
2022-07-29,2022,7,July,29,Friday,3,thought according think key.,Other,4,2698.0,Income,1
2021-05-14,2021,5,May,14,Friday,2,contain threat wrong whatever.,Health & Fitness,2,450.93,Expense,0
2023-03-31,2023,3,March,31,Friday,1,pattern ahead compare form full.,Utilities,9,844.28,Expense,0
2022-02-14,2022,2,February,14,Monday,1,peace race i.,Rent,5,1365.57,Expense,0
2021-05-30,2021,5,May,30,Sunday,2,another avoid understand.,Salary,6,1164.86,Expense,0
2021-07-19,2021,7,July,19,Monday,3,try opportunity public.,Utilities,9,283.82,Expense,0
2023-12-21,2023,12,December,21,Thursday,4,mission put budget house.,Food & Drink,1,214.26,Expense,0
2023-03-05,2023,3,March,5,Sunday,1,stop later reveal both.,Shopping,7,1404.44,Expense,0
2020-09-18,2020,9,September,18,Friday,3,between rate name within.,Travel,8,1235.67,Expense,0
2022-05-03,2022,5,May,3,Tuesday,2,poor church.,Salary,6,103.3,Expense,0
2021-03-17,2021,3,March,17,Wednesday,1,present discussion.,Health & Fitness,2,1031.34,Expense,0
2022-12-01,2022,12,December,1,Thursday,4,art green child movie blue.,Utilities,9,1765.47,Expense,0
2020-04-18,2020,4,April,18,Saturday,2,agent say forward us.,Health & Fitness,2,1603.18,Expense,0
2023-11-29,2023,11,November,29,Wednesday,4,turn day top.,Other,4,601.0,Income,1
2022-08-13,2022,8,August,13,Saturday,3,process enough right garden law.,Other,4,3114.0,Income,1
2024-10-19,2024,10,October,19,Saturday,4,take family chance.,Utilities,9,1284.76,Expense,0
2020-11-27,2020,11,November,27,Friday,4,doctor dream whole six.,Investment,3,4280.0,Income,1
2021-03-08,2021,3,March,8,Monday,1,night various return explain.,Entertainment,0,663.83,Expense,0
2024-01-22,2024,1,January,22,Monday,1,five store ask data.,Shopping,7,1351.74,Expense,0
2021-08-06,2021,8,August,6,Friday,3,ever mrs.,Salary,6,134.99,Expense,0
2024-06-17,2024,6,June,17,Monday,2,information though red.,Investment,3,2615.0,Income,1
2020-09-23,2020,9,September,23,Wednesday,3,produce ago.,Utilities,9,980.22,Expense,0
2024-02-06,2024,2,February,6,Tuesday,1,design blood degree ever.,Other,4,3674.0,Income,1
2023-02-07,2023,2,February,7,Tuesday,1,charge today prevent.,Other,4,1478.0,Income,1
2022-07-18,2022,7,July,18,Monday,3,baby away affect medical all.,Entertainment,0,1429.09,Expense,0
2022-01-01,2022,1,January,1,Saturday,1,wish run join.,Salary,6,1043.47,Expense,0
2020-10-15,2020,10,October,15,Thursday,4,congress reflect.,Salary,6,962.64,Expense,0
2021-07-09,2021,7,July,9,Friday,3,find lay deal lot.,Utilities,9,1747.27,Expense,0
2020-02-16,2020,2,February,16,Sunday,1,much rich think.,Utilities,9,1023.96,Expense,0
2020-04-01,2020,4,April,1,Wednesday,2,analysis four capital.,Travel,8,1341.27,Expense,0
2024-01-15,2024,1,January,15,Monday,1,market specific property coach.,Entertainment,0,554.46,Expense,0
2024-08-22,2024,8,August,22,Thursday,3,there decision measure.,Entertainment,0,1216.66,Expense,0
2023-07-20,2023,7,July,20,Thursday,3,already argue.,Rent,5,383.99,Expense,0
2021-06-11,2021,6,June,11,Friday,2,mention billion bed never others.,Rent,5,666.08,Expense,0
2022-06-21,2022,6,June,21,Tuesday,2,hope brother.,Investment,3,1177.0,Income,1
2023-10-30,2023,10,October,30,Monday,4,structure our century.,Investment,3,2815.0,Income,1
2023-05-20,2023,5,May,20,Saturday,2,serious produce.,Utilities,9,1276.01,Expense,0
2023-07-10,2023,7,July,10,Monday,3,western enough key.,Food & Drink,1,1575.24,Expense,0
2024-07-06,2024,7,July,6,Saturday,3,research visit program suddenly doctor.,Shopping,7,1654.76,Expense,0
2024-02-10,2024,2,February,10,Saturday,1,need finally when.,Entertainment,0,1554.53,Expense,0
2024-02-10,2024,2,February,10,Saturday,1,real small.,Health & Fitness,2,1512.66,Expense,0
2024-11-01,2024,11,November,1,Friday,4,nearly care base.,Travel,8,1881.47,Expense,0
2022-03-07,2022,3,March,7,Monday,1,positive question especially.,Food & Drink,1,1475.87,Expense,0
2023-07-23,2023,7,July,23,Sunday,3,scientist do author.,Health & Fitness,2,1643.82,Expense,0
2022-11-04,2022,11,November,4,Friday,4,nature country.,Rent,5,279.82,Expense,0
2020-06-05,2020,6,June,5,Friday,2,seven here sell story.,Utilities,9,1277.86,Expense,0
2021-11-06,2021,11,November,6,Saturday,4,character usually agency.,Entertainment,0,698.59,Expense,0
2021-11-03,2021,11,November,3,Wednesday,4,development middle animal.,Health & Fitness,2,265.39,Expense,0
2024-07-07,2024,7,July,7,Sunday,3,project spring of.,Utilities,9,956.98,Expense,0
2023-11-28,2023,11,November,28,Tuesday,4,arrive budget education at property.,Shopping,7,886.97,Expense,0
2023-12-09,2023,12,December,9,Saturday,4,turn surface listen.,Shopping,7,305.82,Expense,0
2022-03-20,2022,3,March,20,Sunday,1,identify say on yes.,Food & Drink,1,1338.89,Expense,0
2023-06-15,2023,6,June,15,Thursday,2,agree machine camera baby six.,Investment,3,2890.0,Income,1
2020-12-12,2020,12,December,12,Saturday,4,large accept bad eight.,Salary,6,1731.87,Expense,0
2024-06-23,2024,6,June,23,Sunday,2,strategy fight institution.,Utilities,9,1451.13,Expense,0
2022-03-18,2022,3,March,18,Friday,1,technology end represent throughout.,Salary,6,1509.98,Expense,0
2023-07-01,2023,7,July,1,Saturday,3,story activity.,Utilities,9,249.36,Expense,0
2023-04-10,2023,4,April,10,Monday,2,even beautiful.,Health & Fitness,2,1536.02,Expense,0
2021-04-03,2021,4,April,3,Saturday,2,car indeed nor next.,Travel,8,1204.82,Expense,0
2022-01-22,2022,1,January,22,Saturday,1,best deal point.,Other,4,4975.0,Income,1
2023-03-31,2023,3,March,31,Friday,1,box four.,Salary,6,131.35,Expense,0
2023-11-26,2023,11,November,26,Sunday,4,type look find.,Salary,6,1601.8,Expense,0
2023-11-05,2023,11,November,5,Sunday,4,according police.,Investment,3,2654.0,Income,1
2020-11-02,2020,11,November,2,Monday,4,town glass road.,Utilities,9,1817.74,Expense,0
2022-02-06,2022,2,February,6,Sunday,1,too song quality per build.,Health & Fitness,2,1909.67,Expense,0
2023-03-23,2023,3,March,23,Thursday,1,space this discussion fact.,Other,4,3735.0,Income,1
2024-10-23,2024,10,October,23,Wednesday,4,listen ok point so.,Salary,6,1564.14,Expense,0
2023-11-23,2023,11,November,23,Thursday,4,somebody next ready.,Rent,5,807.55,Expense,0
2022-01-24,2022,1,January,24,Monday,1,politics hold.,Investment,3,2785.0,Income,1
2020-10-07,2020,10,October,7,Wednesday,4,indeed believe interview professor.,Travel,8,510.29,Expense,0
2023-08-04,2023,8,August,4,Friday,3,or friend.,Shopping,7,1274.47,Expense,0
2023-01-24,2023,1,January,24,Tuesday,1,both including.,Other,4,1450.0,Income,1
2021-03-18,2021,3,March,18,Thursday,1,small control see the.,Travel,8,921.5,Expense,0
2020-04-06,2020,4,April,6,Monday,2,away third.,Salary,6,493.56,Expense,0
2021-01-15,2021,1,January,15,Friday,1,huge response long.,Travel,8,53.66,Expense,0
2024-10-28,2024,10,October,28,Monday,4,fill thousand number.,Investment,3,1524.0,Income,1
2022-11-10,2022,11,November,10,Thursday,4,laugh red man fly charge.,Travel,8,1259.35,Expense,0
2024-03-06,2024,3,March,6,Wednesday,1,effect people.,Food & Drink,1,1257.6,Expense,0
2024-10-08,2024,10,October,8,Tuesday,4,group never.,Food & Drink,1,438.78,Expense,0
2024-01-14,2024,1,January,14,Sunday,1,space beyond.,Health & Fitness,2,1013.18,Expense,0
2021-03-29,2021,3,March,29,Monday,1,land region back nor article.,Rent,5,869.43,Expense,0
2024-07-23,2024,7,July,23,Tuesday,3,democratic standard major.,Investment,3,3572.0,Income,1
2024-01-02,2024,1,January,2,Tuesday,1,himself fire heavy.,Rent,5,101.1,Expense,0
2024-05-04,2024,5,May,4,Saturday,2,white likely teacher one.,Entertainment,0,1813.54,Expense,0
2024-02-07,2024,2,February,7,Wednesday,1,television argue mouth.,Health & Fitness,2,1932.01,Expense,0
2022-05-31,2022,5,May,31,Tuesday,2,approach season data than team.,Salary,6,376.26,Expense,0
2020-10-31,2020,10,October,31,Saturday,4,join black.,Travel,8,1408.95,Expense,0
2022-03-04,2022,3,March,4,Friday,1,study else store.,Investment,3,3208.0,Income,1
2020-09-22,2020,9,September,22,Tuesday,3,only spend do.,Salary,6,1144.0,Expense,0
2024-03-05,2024,3,March,5,Tuesday,1,believe arrive.,Entertainment,0,647.42,Expense,0
2020-05-12,2020,5,May,12,Tuesday,2,sure authority increase picture create.,Shopping,7,1318.17,Expense,0
2024-09-08,2024,9,September,8,Sunday,3,wrong difficult.,Entertainment,0,1671.53,Expense,0
2022-02-08,2022,2,February,8,Tuesday,1,we cold deep.,Travel,8,93.71,Expense,0
2023-11-14,2023,11,November,14,Tuesday,4,evening information.,Investment,3,823.0,Income,1
2020-06-15,2020,6,June,15,Monday,2,safe whole establish.,Entertainment,0,540.94,Expense,0
2024-03-30,2024,3,March,30,Saturday,1,ago race quite hour.,Food & Drink,1,953.24,Expense,0
2022-08-26,2022,8,August,26,Friday,3,democrat hundred.,Rent,5,227.65,Expense,0
2023-04-22,2023,4,April,22,Saturday,2,level animal minute probably.,Other,4,1664.0,Income,1
2022-09-11,2022,9,September,11,Sunday,3,never condition.,Shopping,7,68.09,Expense,0
2024-03-07,2024,3,March,7,Thursday,1,finish without.,Utilities,9,57.27,Expense,0
2023-11-09,2023,11,November,9,Thursday,4,what strong line.,Entertainment,0,15.45,Expense,0
2022-10-12,2022,10,October,12,Wednesday,4,security minute late cold.,Investment,3,2694.0,Income,1
2021-04-19,2021,4,April,19,Monday,2,deal beyond almost.,Shopping,7,845.47,Expense,0
2021-11-18,2021,11,November,18,Thursday,4,card star avoid nothing.,Food & Drink,1,171.63,Expense,0
2024-12-21,2024,12,December,21,Saturday,4,up hear draw.,Salary,6,784.35,Expense,0
2023-09-15,2023,9,September,15,Friday,3,that reflect send set fly.,Shopping,7,117.58,Expense,0
2021-02-13,2021,2,February,13,Saturday,1,shake hand hundred now.,Health & Fitness,2,1831.36,Expense,0
2021-03-23,2021,3,March,23,Tuesday,1,few reveal activity president.,Investment,3,4023.0,Income,1
2024-12-12,2024,12,December,12,Thursday,4,leave bar prevent require.,Rent,5,1090.95,Expense,0
2023-06-16,2023,6,June,16,Friday,2,company option character land space.,Shopping,7,947.18,Expense,0
2022-06-04,2022,6,June,4,Saturday,2,while same budget.,Food & Drink,1,830.66,Expense,0
2021-02-27,2021,2,February,27,Saturday,1,on someone rise read.,Shopping,7,1878.72,Expense,0
2021-06-09,2021,6,June,9,Wednesday,2,bill beautiful issue.,Food & Drink,1,1580.56,Expense,0
2024-02-19,2024,2,February,19,Monday,1,recognize media goal.,Utilities,9,89.48,Expense,0
2021-06-03,2021,6,June,3,Thursday,2,ahead event yeah make.,Investment,3,820.0,Income,1
2022-03-18,2022,3,March,18,Friday,1,race return pretty young.,Travel,8,1310.83,Expense,0
2023-09-15,2023,9,September,15,Friday,3,wonder draw box.,Investment,3,3626.0,Income,1
2022-05-06,2022,5,May,6,Friday,2,stage bad know of.,Utilities,9,1511.29,Expense,0
2022-05-22,2022,5,May,22,Sunday,2,team republican very plan cut.,Health & Fitness,2,623.76,Expense,0
2022-07-31,2022,7,July,31,Sunday,3,church own stage.,Travel,8,973.62,Expense,0
2020-11-20,2020,11,November,20,Friday,4,position interest.,Shopping,7,117.87,Expense,0
2023-08-30,2023,8,August,30,Wednesday,3,dark camera realize.,Travel,8,384.84,Expense,0
2023-02-06,2023,2,February,6,Monday,1,election hit yourself wrong want.,Health & Fitness,2,549.8,Expense,0
2023-12-18,2023,12,December,18,Monday,4,thus sort.,Salary,6,185.16,Expense,0
2022-04-24,2022,4,April,24,Sunday,2,consider here grow agreement.,Food & Drink,1,288.87,Expense,0
2022-11-07,2022,11,November,7,Monday,4,possible mother especially.,Investment,3,3138.0,Income,1
2022-09-19,2022,9,September,19,Monday,3,develop office approach son.,Shopping,7,1226.5,Expense,0
2024-11-13,2024,11,November,13,Wednesday,4,across federal state.,Investment,3,734.0,Income,1
2020-05-17,2020,5,May,17,Sunday,2,store natural today season.,Rent,5,155.79,Expense,0
2024-09-27,2024,9,September,27,Friday,3,on must certainly.,Shopping,7,1404.42,Expense,0
2020-12-05,2020,12,December,5,Saturday,4,surface expect several evening town.,Shopping,7,389.31,Expense,0
2020-12-28,2020,12,December,28,Monday,4,song risk bad.,Travel,8,1994.88,Expense,0
2024-12-05,2024,12,December,5,Thursday,4,short for late education.,Shopping,7,630.04,Expense,0
2023-01-21,2023,1,January,21,Saturday,1,him fight american music change.,Shopping,7,1018.16,Expense,0
2024-12-28,2024,12,December,28,Saturday,4,quite as when.,Rent,5,514.09,Expense,0
2023-04-15,2023,4,April,15,Saturday,2,size sing tree kitchen.,Travel,8,1072.04,Expense,0
2021-11-10,2021,11,November,10,Wednesday,4,billion morning draw.,Travel,8,259.09,Expense,0
2023-05-15,2023,5,May,15,Monday,2,at decade really issue.,Shopping,7,1703.01,Expense,0
2020-10-16,2020,10,October,16,Friday,4,heavy law church.,Rent,5,1158.27,Expense,0
2020-06-18,2020,6,June,18,Thursday,2,everything late.,Other,4,2322.0,Income,1
2022-05-02,2022,5,May,2,Monday,2,believe product eat generation put.,Entertainment,0,832.98,Expense,0
2022-01-16,2022,1,January,16,Sunday,1,natural together.,Utilities,9,831.79,Expense,0
2020-08-26,2020,8,August,26,Wednesday,3,yeah far within.,Rent,5,1564.65,Expense,0
2021-11-15,2021,11,November,15,Monday,4,win central.,Rent,5,1010.12,Expense,0
2023-08-09,2023,8,August,9,Wednesday,3,religious order.,Travel,8,1500.43,Expense,0
2023-12-06,2023,12,December,6,Wednesday,4,attention standard shake more respond.,Rent,5,871.37,Expense,0
2023-09-12,2023,9,September,12,Tuesday,3,smile have less.,Rent,5,452.28,Expense,0
2023-04-21,2023,4,April,21,Friday,2,about usually.,Health & Fitness,2,1828.82,Expense,0
2020-12-25,2020,12,December,25,Friday,4,event son join hundred.,Salary,6,1746.04,Expense,0
2022-12-16,2022,12,December,16,Friday,4,important focus benefit probably.,Utilities,9,960.62,Expense,0
2021-04-08,2021,4,April,8,Thursday,2,all important shoulder she.,Rent,5,1527.59,Expense,0
2024-01-02,2024,1,January,2,Tuesday,1,gas teacher national weight all.,Travel,8,1099.9,Expense,0
2020-02-18,2020,2,February,18,Tuesday,1,drug list imagine behind.,Investment,3,1398.0,Income,1
2021-12-03,2021,12,December,3,Friday,4,walk anything.,Shopping,7,504.06,Expense,0
2020-10-07,2020,10,October,7,Wednesday,4,it season.,Investment,3,2069.0,Income,1
2023-07-06,2023,7,July,6,Thursday,3,to receive education.,Shopping,7,411.82,Expense,0
2023-02-13,2023,2,February,13,Monday,1,attack mouth rest contain.,Travel,8,1481.76,Expense,0
2022-09-23,2022,9,September,23,Friday,3,party employee nature down.,Travel,8,1838.18,Expense,0
2022-03-02,2022,3,March,2,Wednesday,1,whether listen necessary.,Other,4,2735.0,Income,1
2023-02-26,2023,2,February,26,Sunday,1,term majority foot leader.,Other,4,1262.0,Income,1
2022-03-05,2022,3,March,5,Saturday,1,agree anyone take.,Other,4,2607.0,Income,1
2020-09-11,2020,9,September,11,Friday,3,doctor mr.,Health & Fitness,2,147.22,Expense,0
2022-06-07,2022,6,June,7,Tuesday,2,past product make of group.,Food & Drink,1,1239.49,Expense,0
2023-03-03,2023,3,March,3,Friday,1,worker always hold share.,Shopping,7,158.91,Expense,0
2023-11-26,2023,11,November,26,Sunday,4,task central dinner.,Rent,5,837.9,Expense,0
2024-01-20,2024,1,January,20,Saturday,1,leg drive second she.,Salary,6,1169.78,Expense,0
2023-09-03,2023,9,September,3,Sunday,3,wife talk beat tax majority.,Food & Drink,1,1314.25,Expense,0
2023-01-24,2023,1,January,24,Tuesday,1,pattern wrong kind certainly.,Utilities,9,247.69,Expense,0
2020-05-14,2020,5,May,14,Thursday,2,despite sound receive let.,Health & Fitness,2,484.99,Expense,0
2022-05-29,2022,5,May,29,Sunday,2,grow laugh.,Health & Fitness,2,522.08,Expense,0
2020-03-14,2020,3,March,14,Saturday,1,upon very act perform.,Shopping,7,1929.08,Expense,0
2024-04-09,2024,4,April,9,Tuesday,2,clear single expect.,Health & Fitness,2,431.36,Expense,0
2020-08-04,2020,8,August,4,Tuesday,3,your majority chance mrs generation.,Other,4,3210.0,Income,1
2023-11-09,2023,11,November,9,Thursday,4,conference trade population agreement.,Rent,5,1672.11,Expense,0
2023-10-27,2023,10,October,27,Friday,4,general final knowledge.,Food & Drink,1,609.22,Expense,0
2023-04-09,2023,4,April,9,Sunday,2,worker phone success number.,Investment,3,740.0,Income,1
2023-07-15,2023,7,July,15,Saturday,3,difficult his ready sister building.,Other,4,817.0,Income,1
2022-09-19,2022,9,September,19,Monday,3,allow girl team simply lead.,Health & Fitness,2,710.45,Expense,0
2024-01-30,2024,1,January,30,Tuesday,1,wear use edge this draw.,Entertainment,0,1026.74,Expense,0
2024-11-29,2024,11,November,29,Friday,4,believe recognize analysis those citizen.,Investment,3,2811.0,Income,1
2024-10-15,2024,10,October,15,Tuesday,4,very figure drive special.,Utilities,9,1958.95,Expense,0
2020-08-31,2020,8,August,31,Monday,3,bed far section.,Health & Fitness,2,343.9,Expense,0
2024-07-22,2024,7,July,22,Monday,3,face mission brother figure hear.,Other,4,2611.0,Income,1
2024-02-22,2024,2,February,22,Thursday,1,rate society floor long same.,Entertainment,0,1914.41,Expense,0
2023-06-26,2023,6,June,26,Monday,2,pressure hospital significant.,Travel,8,167.12,Expense,0
2023-03-13,2023,3,March,13,Monday,1,part management.,Health & Fitness,2,798.53,Expense,0
2022-10-01,2022,10,October,1,Saturday,4,real art.,Food & Drink,1,1732.39,Expense,0
2021-03-25,2021,3,March,25,Thursday,1,rather type thousand show.,Shopping,7,837.82,Expense,0
2023-12-08,2023,12,December,8,Friday,4,top mr wind.,Salary,6,698.04,Expense,0
2024-01-04,2024,1,January,4,Thursday,1,allow news.,Investment,3,3852.0,Income,1
2021-03-12,2021,3,March,12,Friday,1,receive case past only drug.,Utilities,9,39.57,Expense,0
2023-05-22,2023,5,May,22,Monday,2,reflect star.,Shopping,7,991.23,Expense,0
2022-02-25,2022,2,February,25,Friday,1,student economic lead.,Other,4,806.0,Income,1
2023-03-29,2023,3,March,29,Wednesday,1,night point action cut.,Salary,6,1768.01,Expense,0
2024-03-27,2024,3,March,27,Wednesday,1,data exist.,Investment,3,2874.0,Income,1
2022-01-23,2022,1,January,23,Sunday,1,such final however major.,Travel,8,1224.05,Expense,0
2024-04-13,2024,4,April,13,Saturday,2,us money positive.,Investment,3,2117.0,Income,1
2022-03-22,2022,3,March,22,Tuesday,1,feel color price next.,Travel,8,1383.68,Expense,0
2020-11-12,2020,11,November,12,Thursday,4,order his oil west school.,Food & Drink,1,1999.15,Expense,0
2024-08-02,2024,8,August,2,Friday,3,sell only manage.,Shopping,7,1231.79,Expense,0
2024-11-03,2024,11,November,3,Sunday,4,doctor population grow bar.,Food & Drink,1,62.47,Expense,0
2022-08-12,2022,8,August,12,Friday,3,color store over some.,Entertainment,0,963.23,Expense,0
2023-04-25,2023,4,April,25,Tuesday,2,bill my near even wall.,Investment,3,663.0,Income,1
2021-05-23,2021,5,May,23,Sunday,2,within admit spend purpose south.,Salary,6,933.27,Expense,0
2024-09-27,2024,9,September,27,Friday,3,find job where.,Health & Fitness,2,375.99,Expense,0
2024-01-26,2024,1,January,26,Friday,1,compare system white magazine after.,Travel,8,1369.95,Expense,0
2021-01-24,2021,1,January,24,Sunday,1,suffer economy play.,Other,4,1620.0,Income,1
2023-01-15,2023,1,January,15,Sunday,1,drive nation heart nearly season.,Travel,8,418.84,Expense,0
2021-05-07,2021,5,May,7,Friday,2,focus executive letter possible final.,Rent,5,1725.6,Expense,0
2021-04-02,2021,4,April,2,Friday,2,together knowledge.,Shopping,7,1737.5,Expense,0
2020-03-24,2020,3,March,24,Tuesday,1,example decision garden.,Entertainment,0,144.13,Expense,0
2024-06-23,2024,6,June,23,Sunday,2,already free.,Salary,6,1735.93,Expense,0
2023-12-13,2023,12,December,13,Wednesday,4,news american foreign.,Health & Fitness,2,1940.59,Expense,0
2021-01-27,2021,1,January,27,Wednesday,1,short indicate police.,Utilities,9,409.58,Expense,0
2023-02-09,2023,2,February,9,Thursday,1,finally relate model.,Travel,8,661.33,Expense,0
2020-06-12,2020,6,June,12,Friday,2,support state.,Utilities,9,1764.02,Expense,0
2022-06-17,2022,6,June,17,Friday,2,way cold.,Health & Fitness,2,541.98,Expense,0
2022-05-20,2022,5,May,20,Friday,2,huge garden family.,Shopping,7,1831.1,Expense,0
2020-06-06,2020,6,June,6,Saturday,2,like see.,Salary,6,1107.84,Expense,0
2023-10-06,2023,10,October,6,Friday,4,good lay coach.,Health & Fitness,2,631.06,Expense,0
2022-04-24,2022,4,April,24,Sunday,2,turn both in animal.,Entertainment,0,1633.41,Expense,0
2024-08-02,2024,8,August,2,Friday,3,we especially five network.,Food & Drink,1,1891.97,Expense,0
2020-12-06,2020,12,December,6,Sunday,4,begin treat stage this.,Utilities,9,1729.41,Expense,0
2022-05-07,2022,5,May,7,Saturday,2,language budget market president.,Entertainment,0,608.47,Expense,0
2021-01-11,2021,1,January,11,Monday,1,hit no energy employee land.,Salary,6,518.1,Expense,0
2021-11-04,2021,11,November,4,Thursday,4,theory tend.,Utilities,9,1537.89,Expense,0
2023-03-08,2023,3,March,8,Wednesday,1,analysis color friend the.,Health & Fitness,2,1929.62,Expense,0
2023-05-29,2023,5,May,29,Monday,2,nation production little could.,Investment,3,2915.0,Income,1
2023-03-13,2023,3,March,13,Monday,1,process law kind over according.,Other,4,2631.0,Income,1
2021-04-11,2021,4,April,11,Sunday,2,president girl condition.,Travel,8,67.62,Expense,0
2020-12-26,2020,12,December,26,Saturday,4,fund cost reality happen.,Investment,3,2423.0,Income,1
2024-10-17,2024,10,October,17,Thursday,4,some court her.,Salary,6,1780.37,Expense,0
2022-06-26,2022,6,June,26,Sunday,2,network never.,Food & Drink,1,366.92,Expense,0
2020-07-04,2020,7,July,4,Saturday,3,state husband.,Rent,5,1442.31,Expense,0
2021-02-19,2021,2,February,19,Friday,1,voice sense current meeting matter.,Investment,3,804.0,Income,1
2021-01-06,2021,1,January,6,Wednesday,1,call door.,Entertainment,0,1067.02,Expense,0
2021-12-01,2021,12,December,1,Wednesday,4,cup hundred rather.,Health & Fitness,2,491.06,Expense,0
2022-06-25,2022,6,June,25,Saturday,2,she join house.,Entertainment,0,430.72,Expense,0
2023-01-29,2023,1,January,29,Sunday,1,smile peace apply.,Food & Drink,1,1004.22,Expense,0
2021-03-20,2021,3,March,20,Saturday,1,expect writer myself management.,Shopping,7,1375.33,Expense,0
2020-08-21,2020,8,August,21,Friday,3,together let.,Health & Fitness,2,681.63,Expense,0
2023-03-30,2023,3,March,30,Thursday,1,so film media.,Investment,3,2917.0,Income,1
2023-10-14,2023,10,October,14,Saturday,4,son rock two.,Utilities,9,430.27,Expense,0
2022-04-02,2022,4,April,2,Saturday,2,perhaps order answer blue structure.,Utilities,9,1540.25,Expense,0
2020-10-07,2020,10,October,7,Wednesday,4,rather listen before.,Investment,3,3084.0,Income,1
2024-09-02,2024,9,September,2,Monday,3,management necessary process not.,Other,4,2533.0,Income,1
2020-07-22,2020,7,July,22,Wednesday,3,week yourself public especially american.,Shopping,7,495.53,Expense,0
2023-08-16,2023,8,August,16,Wednesday,3,gun seven music despite show.,Food & Drink,1,953.45,Expense,0
2023-05-03,2023,5,May,3,Wednesday,2,approach interview condition other.,Other,4,987.0,Income,1
2022-04-01,2022,4,April,1,Friday,2,mean but represent society heart.,Other,4,759.0,Income,1
2023-12-22,2023,12,December,22,Friday,4,ask window full.,Food & Drink,1,1653.56,Expense,0
2024-12-29,2024,12,December,29,Sunday,4,discussion black follow.,Shopping,7,655.78,Expense,0
2021-08-22,2021,8,August,22,Sunday,3,wear force able similar.,Salary,6,83.6,Expense,0
2021-10-30,2021,10,October,30,Saturday,4,number budget.,Rent,5,905.45,Expense,0
2020-09-25,2020,9,September,25,Friday,3,so draw food company.,Travel,8,687.27,Expense,0
2023-01-19,2023,1,January,19,Thursday,1,organization feel.,Salary,6,1909.36,Expense,0
2022-11-13,2022,11,November,13,Sunday,4,control bill.,Rent,5,1270.92,Expense,0
2023-07-25,2023,7,July,25,Tuesday,3,president likely truth animal.,Utilities,9,140.58,Expense,0
2024-01-11,2024,1,January,11,Thursday,1,doctor fine be.,Investment,3,4045.0,Income,1
2023-07-13,2023,7,July,13,Thursday,3,affect marriage present a.,Health & Fitness,2,1757.01,Expense,0
2020-01-25,2020,1,January,25,Saturday,1,play move each left establish.,Health & Fitness,2,1211.41,Expense,0
2020-07-30,2020,7,July,30,Thursday,3,kind appear environment capital explain.,Utilities,9,1489.87,Expense,0
2022-06-19,2022,6,June,19,Sunday,2,section child.,Rent,5,1310.93,Expense,0
2020-12-23,2020,12,December,23,Wednesday,4,fall analysis.,Travel,8,683.74,Expense,0
2021-01-13,2021,1,January,13,Wednesday,1,specific whose.,Utilities,9,156.99,Expense,0
2022-02-22,2022,2,February,22,Tuesday,1,career surface these ahead.,Shopping,7,1578.04,Expense,0
2021-01-06,2021,1,January,6,Wednesday,1,message seek civil all.,Travel,8,723.34,Expense,0
2022-04-01,2022,4,April,1,Friday,2,difference world deep.,Food & Drink,1,1869.82,Expense,0
2022-02-08,2022,2,February,8,Tuesday,1,amount bad raise.,Rent,5,699.26,Expense,0
2023-07-02,2023,7,July,2,Sunday,3,billion land detail exist cover.,Utilities,9,1898.63,Expense,0
2021-12-08,2021,12,December,8,Wednesday,4,start house ahead raise.,Utilities,9,1628.82,Expense,0
2024-04-25,2024,4,April,25,Thursday,2,pretty least if.,Health & Fitness,2,1551.79,Expense,0
2020-07-06,2020,7,July,6,Monday,3,herself training father open investment.,Other,4,1925.0,Income,1
2023-07-17,2023,7,July,17,Monday,3,receive to piece.,Travel,8,567.89,Expense,0
2021-02-24,2021,2,February,24,Wednesday,1,majority none little admit former.,Shopping,7,1313.29,Expense,0
2021-02-11,2021,2,February,11,Thursday,1,mr suggest issue.,Food & Drink,1,1242.9,Expense,0
2022-05-07,2022,5,May,7,Saturday,2,none pressure lay future stay.,Shopping,7,1119.0,Expense,0
2021-08-13,2021,8,August,13,Friday,3,pattern size spend.,Shopping,7,1962.27,Expense,0
2021-12-16,2021,12,December,16,Thursday,4,offer work home.,Health & Fitness,2,100.03,Expense,0
2020-07-17,2020,7,July,17,Friday,3,boy different chance enter.,Health & Fitness,2,195.84,Expense,0
2021-09-19,2021,9,September,19,Sunday,3,position six soldier.,Investment,3,3500.0,Income,1
2021-10-01,2021,10,October,1,Friday,4,base bad tv.,Salary,6,437.0,Expense,0
2024-07-30,2024,7,July,30,Tuesday,3,arrive which consider.,Salary,6,1852.46,Expense,0
2021-06-20,2021,6,June,20,Sunday,2,result many pattern.,Rent,5,626.07,Expense,0
2023-01-03,2023,1,January,3,Tuesday,1,sea three state some around.,Investment,3,4105.0,Income,1
2024-11-17,2024,11,November,17,Sunday,4,wall act special.,Travel,8,1818.76,Expense,0
2022-07-27,2022,7,July,27,Wednesday,3,plant event score official now.,Rent,5,1452.44,Expense,0
2022-04-21,2022,4,April,21,Thursday,2,even history surface son.,Investment,3,4157.0,Income,1
2020-08-05,2020,8,August,5,Wednesday,3,history professional star wonder.,Food & Drink,1,1714.9,Expense,0
2024-02-27,2024,2,February,27,Tuesday,1,course technology site.,Entertainment,0,1918.2,Expense,0
2024-04-17,2024,4,April,17,Wednesday,2,including let result spend.,Travel,8,1389.98,Expense,0
2022-01-05,2022,1,January,5,Wednesday,1,determine not view cell seat.,Food & Drink,1,743.03,Expense,0
2021-03-17,2021,3,March,17,Wednesday,1,individual study value.,Investment,3,855.0,Income,1
2023-03-03,2023,3,March,3,Friday,1,fact huge fight.,Shopping,7,1328.26,Expense,0
2024-04-21,2024,4,April,21,Sunday,2,finish right serious.,Entertainment,0,1427.28,Expense,0
2024-08-28,2024,8,August,28,Wednesday,3,concern should recent across.,Salary,6,1366.37,Expense,0
2024-04-26,2024,4,April,26,Friday,2,because career course.,Travel,8,1718.84,Expense,0
2022-01-28,2022,1,January,28,Friday,1,hard knowledge enjoy let.,Entertainment,0,1883.56,Expense,0
2022-04-18,2022,4,April,18,Monday,2,environmental run head garden box.,Food & Drink,1,488.93,Expense,0
2020-09-22,2020,9,September,22,Tuesday,3,during call north attention.,Rent,5,565.07,Expense,0
2024-02-16,2024,2,February,16,Friday,1,smile ever bag single.,Other,4,2664.0,Income,1
2023-07-07,2023,7,July,7,Friday,3,realize property show either.,Rent,5,183.18,Expense,0
2021-06-23,2021,6,June,23,Wednesday,2,carry fly water cut fire.,Health & Fitness,2,46.28,Expense,0
2024-10-12,2024,10,October,12,Saturday,4,story case.,Entertainment,0,1157.94,Expense,0
2022-03-29,2022,3,March,29,Tuesday,1,throughout series.,Salary,6,1619.3,Expense,0
2020-05-31,2020,5,May,31,Sunday,2,try wonder move trade.,Travel,8,1015.76,Expense,0
2022-01-18,2022,1,January,18,Tuesday,1,order party lot all.,Salary,6,1746.91,Expense,0
2024-01-17,2024,1,January,17,Wednesday,1,somebody prepare few sound.,Entertainment,0,409.77,Expense,0
2020-08-04,2020,8,August,4,Tuesday,3,help usually thank wonder draw.,Shopping,7,133.91,Expense,0
2021-05-29,2021,5,May,29,Saturday,2,deep test thought.,Rent,5,1233.87,Expense,0
2021-05-22,2021,5,May,22,Saturday,2,administration mother in admit.,Rent,5,362.52,Expense,0
2024-01-24,2024,1,January,24,Wednesday,1,draw change agree someone.,Food & Drink,1,1050.23,Expense,0
2021-08-13,2021,8,August,13,Friday,3,specific onto go.,Food & Drink,1,787.0,Expense,0
2021-10-07,2021,10,October,7,Thursday,4,force only shake power poor.,Salary,6,408.35,Expense,0
2024-04-10,2024,4,April,10,Wednesday,2,capital program story mention majority.,Travel,8,396.71,Expense,0
2024-11-11,2024,11,November,11,Monday,4,national free.,Rent,5,1313.12,Expense,0
2023-09-24,2023,9,September,24,Sunday,3,many themselves minute.,Utilities,9,1156.8,Expense,0
2021-07-04,2021,7,July,4,Sunday,3,point be shoulder price great.,Entertainment,0,1939.48,Expense,0
2020-08-30,2020,8,August,30,Sunday,3,best physical always small almost.,Entertainment,0,935.42,Expense,0
2021-04-27,2021,4,April,27,Tuesday,2,none whose.,Entertainment,0,796.57,Expense,0
2024-04-16,2024,4,April,16,Tuesday,2,life bad soon.,Salary,6,1903.56,Expense,0
2024-05-05,2024,5,May,5,Sunday,2,say other never fact.,Travel,8,276.42,Expense,0
2024-07-28,2024,7,July,28,Sunday,3,ever day.,Entertainment,0,898.72,Expense,0
2023-07-07,2023,7,July,7,Friday,3,police two.,Utilities,9,1669.88,Expense,0
2023-10-29,2023,10,October,29,Sunday,4,democratic thousand.,Travel,8,1249.37,Expense,0
2022-03-24,2022,3,March,24,Thursday,1,development the inside thought.,Health & Fitness,2,837.53,Expense,0
2022-12-13,2022,12,December,13,Tuesday,4,task simply draw return probably.,Salary,6,28.48,Expense,0
2022-09-02,2022,9,September,2,Friday,3,college already dream a church.,Investment,3,2920.0,Income,1
2022-07-18,2022,7,July,18,Monday,3,if operation trade necessary myself.,Investment,3,3612.0,Income,1
2022-12-03,2022,12,December,3,Saturday,4,first next popular.,Travel,8,195.75,Expense,0
2021-01-10,2021,1,January,10,Sunday,1,know baby case happen.,Other,4,2472.0,Income,1
2021-11-23,2021,11,November,23,Tuesday,4,structure foreign before.,Salary,6,934.24,Expense,0
2024-07-26,2024,7,July,26,Friday,3,position tend religious.,Salary,6,365.65,Expense,0
2020-05-20,2020,5,May,20,Wednesday,2,phone ever back experience.,Rent,5,1759.75,Expense,0
2023-06-17,2023,6,June,17,Saturday,2,whose other.,Utilities,9,748.33,Expense,0
2024-08-09,2024,8,August,9,Friday,3,world site mr interest treatment.,Health & Fitness,2,486.12,Expense,0
2022-01-06,2022,1,January,6,Thursday,1,word collection those become.,Shopping,7,1171.57,Expense,0
2023-01-27,2023,1,January,27,Friday,1,nature performance yeah.,Rent,5,533.27,Expense,0
2024-08-25,2024,8,August,25,Sunday,3,decision where foreign trial.,Shopping,7,1017.41,Expense,0
2023-08-30,2023,8,August,30,Wednesday,3,heart determine likely.,Rent,5,968.66,Expense,0
2023-03-08,2023,3,March,8,Wednesday,1,religious risk window partner civil.,Other,4,3072.0,Income,1
2021-01-01,2021,1,January,1,Friday,1,your ever woman way avoid.,Food & Drink,1,101.52,Expense,0
2024-09-26,2024,9,September,26,Thursday,3,smile cover of pm eight.,Travel,8,382.43,Expense,0
2023-06-04,2023,6,June,4,Sunday,2,difficult interesting account marriage.,Salary,6,1411.96,Expense,0
2021-03-15,2021,3,March,15,Monday,1,race case.,Other,4,929.0,Income,1
2021-12-26,2021,12,December,26,Sunday,4,against only.,Health & Fitness,2,1512.38,Expense,0
2024-09-18,2024,9,September,18,Wednesday,3,artist sort area.,Salary,6,1879.91,Expense,0
2023-07-15,2023,7,July,15,Saturday,3,four field area young.,Health & Fitness,2,1384.12,Expense,0
2022-02-09,2022,2,February,9,Wednesday,1,challenge organization floor road southern.,Travel,8,1497.2,Expense,0
2021-07-11,2021,7,July,11,Sunday,3,discussion if continue policy.,Shopping,7,192.51,Expense,0
2021-04-08,2021,4,April,8,Thursday,2,year him thank trade.,Shopping,7,1691.86,Expense,0
2021-02-28,2021,2,February,28,Sunday,1,listen whose situation simply officer.,Health & Fitness,2,442.37,Expense,0
2022-07-30,2022,7,July,30,Saturday,3,method exactly.,Rent,5,342.74,Expense,0
2024-06-04,2024,6,June,4,Tuesday,2,among black picture that treat.,Health & Fitness,2,978.85,Expense,0
2022-06-07,2022,6,June,7,Tuesday,2,detail contain attention measure indeed.,Salary,6,1321.98,Expense,0
2024-08-25,2024,8,August,25,Sunday,3,including time reflect.,Other,4,4906.0,Income,1
2021-12-24,2021,12,December,24,Friday,4,future concern sort.,Other,4,3277.0,Income,1
2021-02-20,2021,2,February,20,Saturday,1,case four.,Salary,6,241.08,Expense,0
2021-02-08,2021,2,February,8,Monday,1,face his.,Shopping,7,1934.87,Expense,0
2024-05-02,2024,5,May,2,Thursday,2,success teach mrs beat.,Rent,5,1457.58,Expense,0
2023-03-15,2023,3,March,15,Wednesday,1,challenge president already.,Salary,6,1116.35,Expense,0
2020-01-29,2020,1,January,29,Wednesday,1,source husband.,Shopping,7,166.81,Expense,0
2020-08-21,2020,8,August,21,Friday,3,citizen kid generation onto police.,Travel,8,1506.5,Expense,0
2020-11-27,2020,11,November,27,Friday,4,analysis hair rest wide.,Food & Drink,1,1108.98,Expense,0
2022-10-04,2022,10,October,4,Tuesday,4,office power company sister great.,Salary,6,982.51,Expense,0
2024-12-23,2024,12,December,23,Monday,4,instead writer.,Health & Fitness,2,325.64,Expense,0
2022-09-08,2022,9,September,8,Thursday,3,son include good.,Investment,3,3211.0,Income,1
2020-07-21,2020,7,July,21,Tuesday,3,matter management ball.,Other,4,1096.0,Income,1
2021-12-02,2021,12,December,2,Thursday,4,only true avoid young cup.,Other,4,2530.0,Income,1
2022-02-27,2022,2,February,27,Sunday,1,ever statement measure.,Investment,3,3244.0,Income,1
2022-11-14,2022,11,November,14,Monday,4,resource road do.,Rent,5,811.67,Expense,0
2022-08-23,2022,8,August,23,Tuesday,3,sense including six lot.,Shopping,7,1073.39,Expense,0
2021-12-13,2021,12,December,13,Monday,4,conference five despite.,Salary,6,578.64,Expense,0
2020-07-22,2020,7,July,22,Wednesday,3,same page ago director.,Entertainment,0,1439.51,Expense,0
2024-05-15,2024,5,May,15,Wednesday,2,research month instead.,Entertainment,0,1697.48,Expense,0
2023-06-09,2023,6,June,9,Friday,2,something fine apply gas sing.,Rent,5,108.77,Expense,0
2020-10-23,2020,10,October,23,Friday,4,democratic mention generation.,Shopping,7,1216.57,Expense,0
2023-03-24,2023,3,March,24,Friday,1,brother let.,Shopping,7,1369.59,Expense,0
2021-05-19,2021,5,May,19,Wednesday,2,health pay project pattern.,Investment,3,1921.0,Income,1
2021-02-16,2021,2,February,16,Tuesday,1,network available mean share.,Rent,5,1274.45,Expense,0
2021-01-13,2021,1,January,13,Wednesday,1,remember nearly face feel.,Travel,8,1281.49,Expense,0
2023-05-05,2023,5,May,5,Friday,2,financial popular short like.,Shopping,7,1176.17,Expense,0
2023-06-19,2023,6,June,19,Monday,2,sell include himself produce.,Utilities,9,897.09,Expense,0
2022-04-29,2022,4,April,29,Friday,2,actually than modern season.,Health & Fitness,2,1159.17,Expense,0
2024-11-26,2024,11,November,26,Tuesday,4,eat tonight run leader.,Investment,3,4882.0,Income,1
2023-03-10,2023,3,March,10,Friday,1,finally shoulder land.,Rent,5,323.65,Expense,0
2024-03-15,2024,3,March,15,Friday,1,country approach.,Salary,6,1264.13,Expense,0
2022-01-03,2022,1,January,3,Monday,1,concern ability reduce.,Travel,8,1191.51,Expense,0
2021-09-16,2021,9,September,16,Thursday,3,white fire cause everybody.,Health & Fitness,2,1031.04,Expense,0
2023-06-25,2023,6,June,25,Sunday,2,eye something.,Food & Drink,1,1683.19,Expense,0
2020-01-05,2020,1,January,5,Sunday,1,information last everything thank serve.,Investment,3,2291.0,Income,1
2024-11-19,2024,11,November,19,Tuesday,4,bit need allow.,Salary,6,606.22,Expense,0
2021-07-24,2021,7,July,24,Saturday,3,never majority cell.,Rent,5,47.82,Expense,0
2021-02-09,2021,2,February,9,Tuesday,1,age war measure whom.,Travel,8,1173.27,Expense,0
2020-01-14,2020,1,January,14,Tuesday,1,benefit suggest page southern.,Shopping,7,448.68,Expense,0
2023-04-08,2023,4,April,8,Saturday,2,wide exactly.,Shopping,7,548.17,Expense,0
2021-11-28,2021,11,November,28,Sunday,4,economic left sound cause activity.,Other,4,4718.0,Income,1
2024-11-25,2024,11,November,25,Monday,4,space moment travel these least.,Utilities,9,281.88,Expense,0
2020-03-03,2020,3,March,3,Tuesday,1,world enter.,Rent,5,1742.33,Expense,0
2021-11-21,2021,11,November,21,Sunday,4,image movie who debate.,Shopping,7,601.89,Expense,0
2020-11-10,2020,11,November,10,Tuesday,4,also hard expert popular.,Food & Drink,1,191.74,Expense,0
2020-07-20,2020,7,July,20,Monday,3,arrive society.,Entertainment,0,1348.86,Expense,0
2022-02-10,2022,2,February,10,Thursday,1,understand none.,Entertainment,0,492.49,Expense,0
2022-08-19,2022,8,August,19,Friday,3,exist theory.,Rent,5,1639.74,Expense,0
2022-11-14,2022,11,November,14,Monday,4,management game.,Health & Fitness,2,914.84,Expense,0
2023-08-27,2023,8,August,27,Sunday,3,discover body direction down.,Other,4,2815.0,Income,1
2024-07-27,2024,7,July,27,Saturday,3,build view.,Utilities,9,1711.45,Expense,0
2022-01-14,2022,1,January,14,Friday,1,later son almost.,Food & Drink,1,1149.41,Expense,0
2024-11-24,2024,11,November,24,Sunday,4,city offer financial data.,Travel,8,576.51,Expense,0
2022-09-03,2022,9,September,3,Saturday,3,good house only military.,Rent,5,240.98,Expense,0
2024-08-25,2024,8,August,25,Sunday,3,participant above.,Travel,8,686.53,Expense,0
2021-04-09,2021,4,April,9,Friday,2,radio product.,Food & Drink,1,1221.9,Expense,0
2021-01-29,2021,1,January,29,Friday,1,law read citizen.,Utilities,9,521.37,Expense,0
2021-06-28,2021,6,June,28,Monday,2,well left.,Rent,5,1020.3,Expense,0
2021-02-08,2021,2,February,8,Monday,1,while total spend.,Health & Fitness,2,189.7,Expense,0
2024-11-25,2024,11,November,25,Monday,4,red republican father party.,Salary,6,383.7,Expense,0
2022-09-05,2022,9,September,5,Monday,3,economic kind help low during.,Investment,3,685.0,Income,1
2023-10-13,2023,10,October,13,Friday,4,positive far time wide.,Other,4,656.0,Income,1
2021-06-02,2021,6,June,2,Wednesday,2,approach join stuff future.,Health & Fitness,2,1964.95,Expense,0
2021-12-09,2021,12,December,9,Thursday,4,democrat cost evidence third.,Health & Fitness,2,387.77,Expense,0
2022-02-05,2022,2,February,5,Saturday,1,dinner article hit mission whole.,Travel,8,582.7,Expense,0
2023-01-22,2023,1,January,22,Sunday,1,check purpose young.,Shopping,7,852.91,Expense,0
2024-11-30,2024,11,November,30,Saturday,4,project at risk.,Salary,6,1456.94,Expense,0
2024-01-19,2024,1,January,19,Friday,1,material produce station visit environmental.,Utilities,9,1012.75,Expense,0
2023-11-23,2023,11,November,23,Thursday,4,republican reduce sort individual trouble.,Travel,8,1673.06,Expense,0
2020-10-27,2020,10,October,27,Tuesday,4,daughter war.,Shopping,7,617.71,Expense,0
2022-06-12,2022,6,June,12,Sunday,2,boy generation.,Food & Drink,1,1009.41,Expense,0
2022-09-26,2022,9,September,26,Monday,3,gas contain interest industry sell.,Utilities,9,633.24,Expense,0
2023-04-16,2023,4,April,16,Sunday,2,toward child future low.,Food & Drink,1,1530.46,Expense,0
2023-08-05,2023,8,August,5,Saturday,3,center indeed recent.,Investment,3,2481.0,Income,1
2020-04-25,2020,4,April,25,Saturday,2,age cover foreign.,Entertainment,0,1750.23,Expense,0
2021-04-30,2021,4,April,30,Friday,2,help painting always.,Rent,5,25.38,Expense,0
2022-01-13,2022,1,January,13,Thursday,1,this manage her.,Utilities,9,1053.22,Expense,0
2023-05-02,2023,5,May,2,Tuesday,2,likely push.,Utilities,9,688.11,Expense,0
2020-10-08,2020,10,October,8,Thursday,4,news only no.,Salary,6,560.23,Expense,0
2023-11-18,2023,11,November,18,Saturday,4,step rate feeling rate.,Food & Drink,1,29.25,Expense,0
2022-08-28,2022,8,August,28,Sunday,3,pass range appear home player.,Health & Fitness,2,341.01,Expense,0
2021-11-16,2021,11,November,16,Tuesday,4,analysis discuss.,Investment,3,1902.0,Income,1
2022-08-21,2022,8,August,21,Sunday,3,brother according pressure reach firm.,Other,4,2482.0,Income,1
2022-04-10,2022,4,April,10,Sunday,2,anyone spend them system.,Health & Fitness,2,318.69,Expense,0
2020-05-16,2020,5,May,16,Saturday,2,write other wear through partner.,Rent,5,28.54,Expense,0
2024-07-07,2024,7,July,7,Sunday,3,thousand live land hard.,Food & Drink,1,1794.97,Expense,0
2024-01-19,2024,1,January,19,Friday,1,thing physical might.,Utilities,9,1962.86,Expense,0
2023-02-03,2023,2,February,3,Friday,1,you without every.,Shopping,7,456.79,Expense,0
2022-04-10,2022,4,April,10,Sunday,2,popular lead with.,Shopping,7,1648.49,Expense,0
2024-07-13,2024,7,July,13,Saturday,3,open million house enough.,Shopping,7,1048.87,Expense,0
2022-03-20,2022,3,March,20,Sunday,1,risk develop movement size.,Utilities,9,816.78,Expense,0
2023-06-21,2023,6,June,21,Wednesday,2,official success approach.,Salary,6,534.17,Expense,0
2024-09-05,2024,9,September,5,Thursday,3,talk thing rock ever summer.,Rent,5,1113.56,Expense,0
2023-08-30,2023,8,August,30,Wednesday,3,three certain.,Travel,8,1284.78,Expense,0
2020-12-14,2020,12,December,14,Monday,4,book toward.,Entertainment,0,1961.74,Expense,0
2022-06-20,2022,6,June,20,Monday,2,also available concern edge.,Food & Drink,1,196.07,Expense,0
2021-03-24,2021,3,March,24,Wednesday,1,property let.,Entertainment,0,833.49,Expense,0
2022-03-12,2022,3,March,12,Saturday,1,song difference part wall require.,Shopping,7,1655.71,Expense,0
2020-01-04,2020,1,January,4,Saturday,1,instead ahead despite measure ago.,Rent,5,1185.08,Expense,0
2020-01-18,2020,1,January,18,Saturday,1,by two bad fall pick.,Food & Drink,1,1520.03,Expense,0
2021-01-27,2021,1,January,27,Wednesday,1,american tell ball we side.,Other,4,3176.0,Income,1
2023-11-26,2023,11,November,26,Sunday,4,report agreement sport.,Food & Drink,1,1963.32,Expense,0
2023-03-05,2023,3,March,5,Sunday,1,coach family try ready.,Other,4,2638.0,Income,1
2024-11-25,2024,11,November,25,Monday,4,say explain.,Other,4,4209.0,Income,1
2020-10-10,2020,10,October,10,Saturday,4,suggest glass news.,Investment,3,946.0,Income,1
2024-06-02,2024,6,June,2,Sunday,2,dinner no main year size.,Utilities,9,759.55,Expense,0
2020-02-13,2020,2,February,13,Thursday,1,building different full open.,Salary,6,294.31,Expense,0
2024-11-17,2024,11,November,17,Sunday,4,with yes nothing.,Investment,3,500.0,Income,1
2023-06-10,2023,6,June,10,Saturday,2,mention light safe inside.,Salary,6,315.64,Expense,0
2022-08-31,2022,8,August,31,Wednesday,3,keep cut prevent sound.,Entertainment,0,897.1,Expense,0
2022-03-28,2022,3,March,28,Monday,1,throughout would century television congress.,Health & Fitness,2,165.42,Expense,0
2022-10-20,2022,10,October,20,Thursday,4,easy exist phone.,Salary,6,533.0,Expense,0
2022-10-13,2022,10,October,13,Thursday,4,cold billion as.,Salary,6,1097.24,Expense,0
2022-03-17,2022,3,March,17,Thursday,1,station however bill memory production.,Investment,3,4411.0,Income,1
2022-11-17,2022,11,November,17,Thursday,4,consider time economic high.,Health & Fitness,2,1701.71,Expense,0
2020-11-23,2020,11,November,23,Monday,4,way main difficult case.,Entertainment,0,541.44,Expense,0
2020-02-09,2020,2,February,9,Sunday,1,close month parent who up.,Entertainment,0,1827.14,Expense,0
2021-03-02,2021,3,March,2,Tuesday,1,kid industry.,Health & Fitness,2,130.49,Expense,0
2022-01-03,2022,1,January,3,Monday,1,program sport her.,Health & Fitness,2,333.38,Expense,0
2020-03-12,2020,3,March,12,Thursday,1,enter capital population.,Utilities,9,537.46,Expense,0
2020-06-10,2020,6,June,10,Wednesday,2,walk cup option store.,Health & Fitness,2,1562.43,Expense,0
2021-03-16,2021,3,March,16,Tuesday,1,imagine various there.,Other,4,4809.0,Income,1
2020-03-28,2020,3,March,28,Saturday,1,major town suffer begin.,Other,4,1080.0,Income,1
2022-09-21,2022,9,September,21,Wednesday,3,least ready activity decision ok.,Utilities,9,1629.34,Expense,0
2020-10-10,2020,10,October,10,Saturday,4,why outside.,Travel,8,462.69,Expense,0
2020-06-22,2020,6,June,22,Monday,2,edge building court.,Travel,8,86.13,Expense,0
2022-12-22,2022,12,December,22,Thursday,4,all politics.,Other,4,3511.0,Income,1
2022-11-26,2022,11,November,26,Saturday,4,plan foot cold.,Salary,6,42.4,Expense,0
2020-04-30,2020,4,April,30,Thursday,2,hair attorney professional.,Travel,8,1853.77,Expense,0
2024-08-11,2024,8,August,11,Sunday,3,a let.,Investment,3,1211.0,Income,1
2022-06-18,2022,6,June,18,Saturday,2,day stock.,Entertainment,0,1980.56,Expense,0
2020-03-11,2020,3,March,11,Wednesday,1,walk now often.,Rent,5,1956.19,Expense,0
2024-03-06,2024,3,March,6,Wednesday,1,college manage fund.,Rent,5,419.1,Expense,0
2021-10-24,2021,10,October,24,Sunday,4,scientist able teach.,Utilities,9,1227.78,Expense,0
2022-12-18,2022,12,December,18,Sunday,4,condition all blood.,Rent,5,1464.22,Expense,0
2023-09-13,2023,9,September,13,Wednesday,3,audience throw four allow international.,Travel,8,846.74,Expense,0
2024-03-28,2024,3,March,28,Thursday,1,state none production defense your.,Travel,8,1217.07,Expense,0
2022-09-15,2022,9,September,15,Thursday,3,strong student green.,Rent,5,1158.92,Expense,0
2021-11-07,2021,11,November,7,Sunday,4,player really act friend.,Travel,8,1693.41,Expense,0
2023-10-16,2023,10,October,16,Monday,4,sit short cultural.,Investment,3,661.0,Income,1
2022-02-10,2022,2,February,10,Thursday,1,test they there.,Entertainment,0,1279.51,Expense,0
2021-07-23,2021,7,July,23,Friday,3,draw bring health.,Salary,6,1395.18,Expense,0
2024-01-09,2024,1,January,9,Tuesday,1,wife pay good within fly.,Other,4,880.0,Income,1
2024-03-30,2024,3,March,30,Saturday,1,child ball store process.,Utilities,9,1496.04,Expense,0
2024-10-21,2024,10,October,21,Monday,4,meet seem population.,Health & Fitness,2,640.59,Expense,0
2023-05-02,2023,5,May,2,Tuesday,2,each author party full kitchen.,Food & Drink,1,670.15,Expense,0
2020-04-10,2020,4,April,10,Friday,2,together decide.,Other,4,3402.0,Income,1
2023-01-19,2023,1,January,19,Thursday,1,memory number occur behind leave.,Other,4,1081.0,Income,1
2020-05-28,2020,5,May,28,Thursday,2,task she.,Rent,5,1878.47,Expense,0
2022-04-22,2022,4,April,22,Friday,2,car risk.,Food & Drink,1,497.02,Expense,0
2022-06-01,2022,6,June,1,Wednesday,2,treatment relate positive.,Food & Drink,1,1052.65,Expense,0
2020-09-22,2020,9,September,22,Tuesday,3,begin deep police wife.,Travel,8,651.39,Expense,0
2020-12-20,2020,12,December,20,Sunday,4,and national spend.,Food & Drink,1,1447.66,Expense,0
2022-05-24,2022,5,May,24,Tuesday,2,my pm report set.,Salary,6,1525.64,Expense,0
2021-03-22,2021,3,March,22,Monday,1,foreign husband believe word local.,Travel,8,912.89,Expense,0
2021-10-16,2021,10,October,16,Saturday,4,camera sit environmental though.,Utilities,9,1589.46,Expense,0
2022-09-28,2022,9,September,28,Wednesday,3,result sound.,Shopping,7,842.3,Expense,0
2022-08-15,2022,8,August,15,Monday,3,range step painting concern.,Health & Fitness,2,758.35,Expense,0
2020-09-05,2020,9,September,5,Saturday,3,second full boy.,Travel,8,1155.84,Expense,0
2024-12-11,2024,12,December,11,Wednesday,4,remember carry.,Utilities,9,121.52,Expense,0
2020-06-14,2020,6,June,14,Sunday,2,whether player stock religious.,Other,4,3872.0,Income,1
2020-03-09,2020,3,March,9,Monday,1,security arm.,Rent,5,1858.91,Expense,0
2023-05-20,2023,5,May,20,Saturday,2,factor past language day theory.,Health & Fitness,2,898.79,Expense,0
2020-09-30,2020,9,September,30,Wednesday,3,focus chance.,Food & Drink,1,195.18,Expense,0
2022-10-04,2022,10,October,4,Tuesday,4,simple land bad party.,Investment,3,2306.0,Income,1
2020-03-23,2020,3,March,23,Monday,1,property never.,Investment,3,2385.0,Income,1
2021-11-26,2021,11,November,26,Friday,4,how any federal star.,Utilities,9,632.04,Expense,0
2023-10-11,2023,10,October,11,Wednesday,4,until choose wife national.,Health & Fitness,2,1502.73,Expense,0
2023-11-15,2023,11,November,15,Wednesday,4,face morning.,Health & Fitness,2,1605.18,Expense,0
2024-11-18,2024,11,November,18,Monday,4,board notice later thus.,Food & Drink,1,1378.66,Expense,0
2023-01-30,2023,1,January,30,Monday,1,affect test.,Rent,5,464.52,Expense,0
2020-09-06,2020,9,September,6,Sunday,3,senior difficult put.,Shopping,7,799.34,Expense,0
2020-07-21,2020,7,July,21,Tuesday,3,keep light fight.,Entertainment,0,303.23,Expense,0
2023-11-08,2023,11,November,8,Wednesday,4,fight nice less agree able.,Entertainment,0,1379.53,Expense,0
2020-05-11,2020,5,May,11,Monday,2,southern challenge animal.,Investment,3,825.0,Income,1
2024-01-16,2024,1,January,16,Tuesday,1,degree enter father of source.,Other,4,4696.0,Income,1
2020-06-10,2020,6,June,10,Wednesday,2,blue agent find.,Entertainment,0,1367.31,Expense,0
2021-11-21,2021,11,November,21,Sunday,4,choice clearly.,Other,4,2974.0,Income,1
2024-05-23,2024,5,May,23,Thursday,2,third rich hospital.,Health & Fitness,2,90.44,Expense,0
2021-08-16,2021,8,August,16,Monday,3,environment teach world quickly believe.,Investment,3,1349.0,Income,1
2020-08-16,2020,8,August,16,Sunday,3,within set region beyond.,Utilities,9,1961.64,Expense,0
2020-11-14,2020,11,November,14,Saturday,4,impact full our smile.,Shopping,7,673.28,Expense,0
2021-01-20,2021,1,January,20,Wednesday,1,check clearly follow remember generation.,Health & Fitness,2,445.82,Expense,0
2021-06-29,2021,6,June,29,Tuesday,2,myself so growth time.,Food & Drink,1,827.61,Expense,0
2022-07-20,2022,7,July,20,Wednesday,3,let member however.,Rent,5,192.13,Expense,0
2021-03-02,2021,3,March,2,Tuesday,1,lose modern return simple herself.,Entertainment,0,1712.35,Expense,0
2020-06-01,2020,6,June,1,Monday,2,base investment.,Food & Drink,1,193.67,Expense,0
2022-08-02,2022,8,August,2,Tuesday,3,claim street against amount of.,Salary,6,1191.67,Expense,0
2022-07-05,2022,7,July,5,Tuesday,3,fish late pattern.,Rent,5,687.78,Expense,0
2022-10-31,2022,10,October,31,Monday,4,expert movement reach man.,Utilities,9,654.07,Expense,0
2023-03-08,2023,3,March,8,Wednesday,1,before relationship plant.,Rent,5,319.27,Expense,0
2020-06-08,2020,6,June,8,Monday,2,current after charge.,Utilities,9,1095.72,Expense,0
2021-06-16,2021,6,June,16,Wednesday,2,inside machine baby.,Shopping,7,266.61,Expense,0
2020-05-03,2020,5,May,3,Sunday,2,i fast camera inside.,Salary,6,318.05,Expense,0
2024-06-23,2024,6,June,23,Sunday,2,agreement someone.,Utilities,9,1250.19,Expense,0
2023-10-05,2023,10,October,5,Thursday,4,machine wife show.,Investment,3,2353.0,Income,1
2024-07-26,2024,7,July,26,Friday,3,little result paper seven.,Other,4,2577.0,Income,1
2021-01-15,2021,1,January,15,Friday,1,level work candidate this.,Other,4,3440.0,Income,1
2024-03-06,2024,3,March,6,Wednesday,1,provide car throughout american.,Entertainment,0,1731.25,Expense,0
2024-01-25,2024,1,January,25,Thursday,1,magazine yard instead town.,Investment,3,934.0,Income,1
2022-07-02,2022,7,July,2,Saturday,3,central contain pattern education boy.,Entertainment,0,1137.72,Expense,0
2021-04-23,2021,4,April,23,Friday,2,five indicate chance heavy senior.,Health & Fitness,2,865.53,Expense,0
2020-11-01,2020,11,November,1,Sunday,4,member box.,Entertainment,0,856.03,Expense,0
2024-02-21,2024,2,February,21,Wednesday,1,book economic.,Health & Fitness,2,155.03,Expense,0
2020-12-10,2020,12,December,10,Thursday,4,apply maybe dog yes.,Shopping,7,686.35,Expense,0
2021-01-17,2021,1,January,17,Sunday,1,quite general there sister.,Food & Drink,1,1822.13,Expense,0
2020-06-21,2020,6,June,21,Sunday,2,position make society behavior.,Travel,8,708.78,Expense,0
2024-01-16,2024,1,January,16,Tuesday,1,wide cut player wind.,Travel,8,911.16,Expense,0
2022-05-02,2022,5,May,2,Monday,2,stuff next write.,Utilities,9,1255.73,Expense,0
2020-11-15,2020,11,November,15,Sunday,4,form newspaper.,Utilities,9,666.31,Expense,0
2023-08-30,2023,8,August,30,Wednesday,3,hold carry rest.,Travel,8,1315.68,Expense,0
2023-08-09,2023,8,August,9,Wednesday,3,really society live camera.,Travel,8,64.63,Expense,0
2020-04-29,2020,4,April,29,Wednesday,2,remember ability.,Utilities,9,764.16,Expense,0
2020-05-30,2020,5,May,30,Saturday,2,section national owner determine detail.,Utilities,9,551.97,Expense,0
2022-11-15,2022,11,November,15,Tuesday,4,your less social form.,Food & Drink,1,1739.13,Expense,0
2020-02-20,2020,2,February,20,Thursday,1,i fund.,Shopping,7,769.42,Expense,0
2023-09-04,2023,9,September,4,Monday,3,individual analysis.,Entertainment,0,692.9,Expense,0
2021-07-04,2021,7,July,4,Sunday,3,worker quality hundred sell whole.,Salary,6,475.67,Expense,0
2021-06-28,2021,6,June,28,Monday,2,available wrong look husband.,Investment,3,1856.0,Income,1
2022-08-18,2022,8,August,18,Thursday,3,international effort.,Entertainment,0,882.53,Expense,0
2022-06-12,2022,6,June,12,Sunday,2,either rich agency might.,Rent,5,1836.92,Expense,0
2023-01-19,2023,1,January,19,Thursday,1,enter threat economic.,Food & Drink,1,1973.9,Expense,0
2024-02-21,2024,2,February,21,Wednesday,1,able customer figure.,Travel,8,986.2,Expense,0
2023-01-24,2023,1,January,24,Tuesday,1,couple general pretty show.,Food & Drink,1,625.49,Expense,0
2023-06-22,2023,6,June,22,Thursday,2,live way two.,Rent,5,180.56,Expense,0
2020-05-06,2020,5,May,6,Wednesday,2,kid put memory soldier.,Utilities,9,123.19,Expense,0
2020-05-15,2020,5,May,15,Friday,2,true building card.,Travel,8,919.88,Expense,0
2022-10-28,2022,10,October,28,Friday,4,source kind hand.,Investment,3,2195.0,Income,1
2020-05-13,2020,5,May,13,Wednesday,2,hundred challenge reach throughout.,Health & Fitness,2,1870.07,Expense,0
2021-07-11,2021,7,July,11,Sunday,3,might necessary former.,Travel,8,904.15,Expense,0
2023-02-07,2023,2,February,7,Tuesday,1,minute question their rather.,Food & Drink,1,366.9,Expense,0
2022-05-05,2022,5,May,5,Thursday,2,medical nearly.,Shopping,7,822.44,Expense,0
2023-04-22,2023,4,April,22,Saturday,2,officer fine.,Entertainment,0,1675.03,Expense,0
2024-02-15,2024,2,February,15,Thursday,1,decision three trouble.,Investment,3,3590.0,Income,1
2021-06-20,2021,6,June,20,Sunday,2,career according.,Health & Fitness,2,1628.24,Expense,0
2022-08-17,2022,8,August,17,Wednesday,3,smile high open scientist.,Food & Drink,1,1906.48,Expense,0
2022-03-31,2022,3,March,31,Thursday,1,adult above safe.,Shopping,7,919.03,Expense,0
2023-09-28,2023,9,September,28,Thursday,3,indicate radio use.,Investment,3,1560.0,Income,1
2023-01-27,2023,1,January,27,Friday,1,age decade mrs data.,Food & Drink,1,676.67,Expense,0
2023-12-29,2023,12,December,29,Friday,4,question will him quickly.,Salary,6,1436.15,Expense,0
2021-05-12,2021,5,May,12,Wednesday,2,leave run goal cause.,Rent,5,797.58,Expense,0
2024-05-03,2024,5,May,3,Friday,2,listen against coach.,Food & Drink,1,1627.16,Expense,0
2023-02-26,2023,2,February,26,Sunday,1,if among save herself.,Investment,3,4757.0,Income,1
2024-12-09,2024,12,December,9,Monday,4,gas human create also.,Health & Fitness,2,169.64,Expense,0
2020-06-09,2020,6,June,9,Tuesday,2,paper white responsibility.,Other,4,826.0,Income,1
2022-02-17,2022,2,February,17,Thursday,1,feel season similar.,Food & Drink,1,1816.79,Expense,0
2024-11-13,2024,11,November,13,Wednesday,4,relationship your your.,Salary,6,1256.7,Expense,0
2022-05-14,2022,5,May,14,Saturday,2,save network item one under.,Entertainment,0,1874.95,Expense,0
2023-03-12,2023,3,March,12,Sunday,1,learn talk.,Utilities,9,191.51,Expense,0
2023-02-24,2023,2,February,24,Friday,1,development provide dark daughter.,Food & Drink,1,1945.39,Expense,0
2020-04-17,2020,4,April,17,Friday,2,see understand door class son.,Investment,3,996.0,Income,1
2020-12-22,2020,12,December,22,Tuesday,4,wonder long consider care.,Utilities,9,158.91,Expense,0
2022-08-24,2022,8,August,24,Wednesday,3,never effect fill general relationship.,Shopping,7,1091.85,Expense,0
2024-08-28,2024,8,August,28,Wednesday,3,view know develop after.,Food & Drink,1,969.12,Expense,0
2020-11-06,2020,11,November,6,Friday,4,concern significant.,Travel,8,883.92,Expense,0
2020-10-19,2020,10,October,19,Monday,4,anyone bank kitchen interest parent.,Travel,8,179.51,Expense,0
2020-07-28,2020,7,July,28,Tuesday,3,price my.,Health & Fitness,2,1900.58,Expense,0
2024-09-05,2024,9,September,5,Thursday,3,assume campaign assume.,Shopping,7,1350.66,Expense,0
2021-04-03,2021,4,April,3,Saturday,2,authority interest red must art.,Rent,5,706.73,Expense,0
2024-01-28,2024,1,January,28,Sunday,1,born same usually.,Entertainment,0,1487.4,Expense,0
2020-06-21,2020,6,June,21,Sunday,2,reality fill ok list.,Health & Fitness,2,1879.08,Expense,0
2023-11-26,2023,11,November,26,Sunday,4,stage threat our.,Utilities,9,234.98,Expense,0
2020-11-15,2020,11,November,15,Sunday,4,edge surface who.,Travel,8,1328.54,Expense,0
2024-10-21,2024,10,October,21,Monday,4,material less focus hear.,Travel,8,1214.72,Expense,0
2023-06-09,2023,6,June,9,Friday,2,line score whether.,Travel,8,1324.59,Expense,0
2020-01-25,2020,1,January,25,Saturday,1,have decide environment.,Rent,5,766.06,Expense,0
2021-07-04,2021,7,July,4,Sunday,3,action else.,Salary,6,1808.91,Expense,0
2023-01-16,2023,1,January,16,Monday,1,language however risk work.,Entertainment,0,1498.21,Expense,0
2022-06-04,2022,6,June,4,Saturday,2,evidence enough claim suffer.,Entertainment,0,145.26,Expense,0
2020-11-22,2020,11,November,22,Sunday,4,guy congress.,Salary,6,1254.56,Expense,0
2022-02-02,2022,2,February,2,Wednesday,1,property space.,Salary,6,640.91,Expense,0
2021-04-24,2021,4,April,24,Saturday,2,support feeling remain.,Salary,6,1058.6,Expense,0
2023-08-22,2023,8,August,22,Tuesday,3,bit appear.,Health & Fitness,2,923.41,Expense,0
2024-01-07,2024,1,January,7,Sunday,1,notice make.,Other,4,2266.0,Income,1
2021-12-13,2021,12,December,13,Monday,4,name machine tree maybe.,Health & Fitness,2,106.83,Expense,0
2024-04-11,2024,4,April,11,Thursday,2,control piece behavior message wind.,Rent,5,588.4,Expense,0
2022-11-05,2022,11,November,5,Saturday,4,house clear say hope.,Shopping,7,1838.35,Expense,0
2021-07-13,2021,7,July,13,Tuesday,3,relate day.,Shopping,7,115.98,Expense,0
2022-06-21,2022,6,June,21,Tuesday,2,start treat imagine later identify.,Salary,6,121.67,Expense,0
2024-08-14,2024,8,August,14,Wednesday,3,a value lot.,Shopping,7,712.72,Expense,0
2020-07-28,2020,7,July,28,Tuesday,3,already because education break significant.,Rent,5,918.36,Expense,0
2021-09-15,2021,9,September,15,Wednesday,3,goal defense security turn.,Other,4,4063.0,Income,1
2023-09-04,2023,9,September,4,Monday,3,list leg address into their.,Travel,8,1814.75,Expense,0
2022-07-13,2022,7,July,13,Wednesday,3,size republican political.,Travel,8,1569.26,Expense,0
2024-08-15,2024,8,August,15,Thursday,3,bed recognize store.,Health & Fitness,2,701.48,Expense,0
2022-06-30,2022,6,June,30,Thursday,2,above others.,Food & Drink,1,1923.32,Expense,0
2021-11-18,2021,11,November,18,Thursday,4,door end fire.,Travel,8,1305.75,Expense,0
2020-08-29,2020,8,August,29,Saturday,3,pm per question.,Salary,6,1342.22,Expense,0
2024-10-24,2024,10,October,24,Thursday,4,detail data tell.,Salary,6,833.84,Expense,0
2022-05-25,2022,5,May,25,Wednesday,2,there institution actually.,Entertainment,0,1485.09,Expense,0
2023-03-05,2023,3,March,5,Sunday,1,career including late condition opportunity.,Health & Fitness,2,910.99,Expense,0
2023-07-10,2023,7,July,10,Monday,3,since him four.,Health & Fitness,2,1714.68,Expense,0
2023-02-12,2023,2,February,12,Sunday,1,yet wish certain usually.,Food & Drink,1,744.15,Expense,0
2023-01-24,2023,1,January,24,Tuesday,1,drug entire involve.,Entertainment,0,125.23,Expense,0
2024-12-19,2024,12,December,19,Thursday,4,real know our any.,Rent,5,1047.07,Expense,0
2020-01-19,2020,1,January,19,Sunday,1,court attorney product significant world.,Other,4,3287.0,Income,1
2022-12-05,2022,12,December,5,Monday,4,recent couple cost girl run.,Entertainment,0,864.17,Expense,0
2022-04-22,2022,4,April,22,Friday,2,indeed opportunity.,Other,4,2419.0,Income,1
2023-11-21,2023,11,November,21,Tuesday,4,move goal.,Investment,3,3192.0,Income,1
2021-03-22,2021,3,March,22,Monday,1,responsibility add front.,Investment,3,1038.0,Income,1
2022-08-30,2022,8,August,30,Tuesday,3,he participant right.,Shopping,7,220.83,Expense,0
2022-07-04,2022,7,July,4,Monday,3,popular available public economy.,Rent,5,1006.58,Expense,0
2021-02-21,2021,2,February,21,Sunday,1,lead paper middle foreign party.,Utilities,9,783.41,Expense,0
2023-07-15,2023,7,July,15,Saturday,3,entire record toward off.,Salary,6,1148.33,Expense,0
2023-11-08,2023,11,November,8,Wednesday,4,strategy face make.,Utilities,9,88.42,Expense,0
2023-09-23,2023,9,September,23,Saturday,3,when baby clearly.,Other,4,2740.0,Income,1
2020-11-25,2020,11,November,25,Wednesday,4,product then.,Salary,6,251.64,Expense,0
2023-12-05,2023,12,December,5,Tuesday,4,goal talk sit party.,Health & Fitness,2,1043.01,Expense,0
2021-04-03,2021,4,April,3,Saturday,2,how staff.,Entertainment,0,317.91,Expense,0
2023-09-11,2023,9,September,11,Monday,3,car fast positive.,Utilities,9,594.63,Expense,0
2023-02-16,2023,2,February,16,Thursday,1,field seat start pm.,Entertainment,0,1467.6,Expense,0
2020-07-23,2020,7,July,23,Thursday,3,why like impact fly.,Rent,5,1559.06,Expense,0
2021-10-27,2021,10,October,27,Wednesday,4,need trial.,Salary,6,1056.13,Expense,0
2023-10-17,2023,10,October,17,Tuesday,4,support quality whatever wish hour.,Investment,3,3914.0,Income,1
2023-05-20,2023,5,May,20,Saturday,2,some quickly truth view response.,Entertainment,0,1389.42,Expense,0
2023-10-03,2023,10,October,3,Tuesday,4,strong mind from.,Shopping,7,19.29,Expense,0
2024-10-01,2024,10,October,1,Tuesday,4,price certain down standard nice.,Investment,3,2372.0,Income,1
2021-06-26,2021,6,June,26,Saturday,2,heavy staff hotel box.,Entertainment,0,460.82,Expense,0
2021-11-05,2021,11,November,5,Friday,4,drug happy will young simply.,Travel,8,337.67,Expense,0
2024-01-09,2024,1,January,9,Tuesday,1,occur live take media hot.,Entertainment,0,1436.41,Expense,0
2020-10-26,2020,10,October,26,Monday,4,determine worker.,Salary,6,601.73,Expense,0
2023-06-23,2023,6,June,23,Friday,2,raise hope enjoy most.,Shopping,7,1941.7,Expense,0
2020-10-27,2020,10,October,27,Tuesday,4,face build market.,Rent,5,1895.7,Expense,0
2024-04-04,2024,4,April,4,Thursday,2,water yourself trade someone.,Other,4,591.0,Income,1
2024-11-02,2024,11,November,2,Saturday,4,goal once let perform international.,Rent,5,429.04,Expense,0
2020-10-08,2020,10,October,8,Thursday,4,improve them wait.,Travel,8,1961.22,Expense,0
2020-05-07,2020,5,May,7,Thursday,2,stand seem.,Investment,3,3807.0,Income,1
2020-07-31,2020,7,July,31,Friday,3,ahead picture son.,Travel,8,1506.04,Expense,0
2022-09-29,2022,9,September,29,Thursday,3,computer matter.,Investment,3,1866.0,Income,1
2023-01-25,2023,1,January,25,Wednesday,1,science drug.,Travel,8,342.26,Expense,0
2023-03-21,2023,3,March,21,Tuesday,1,money modern receive partner.,Rent,5,53.38,Expense,0
2022-04-30,2022,4,April,30,Saturday,2,within prove full.,Health & Fitness,2,481.44,Expense,0
2023-11-14,2023,11,November,14,Tuesday,4,floor there career.,Travel,8,535.61,Expense,0
2021-12-11,2021,12,December,11,Saturday,4,evidence case.,Salary,6,56.12,Expense,0
2023-01-28,2023,1,January,28,Saturday,1,on professional analysis color.,Rent,5,997.33,Expense,0
2020-07-12,2020,7,July,12,Sunday,3,discuss religious.,Entertainment,0,1027.24,Expense,0
2023-09-14,2023,9,September,14,Thursday,3,my some skin ball thing.,Health & Fitness,2,528.51,Expense,0
2022-10-10,2022,10,October,10,Monday,4,report painting house.,Salary,6,1103.96,Expense,0
2021-05-17,2021,5,May,17,Monday,2,religious across.,Utilities,9,480.18,Expense,0
2021-03-30,2021,3,March,30,Tuesday,1,dark mr clearly take.,Health & Fitness,2,1625.42,Expense,0
2021-09-19,2021,9,September,19,Sunday,3,history drop point audience.,Food & Drink,1,1214.14,Expense,0
2023-12-11,2023,12,December,11,Monday,4,letter mind many.,Rent,5,1505.35,Expense,0
2021-09-17,2021,9,September,17,Friday,3,network outside parent.,Utilities,9,1906.05,Expense,0
2024-12-12,2024,12,December,12,Thursday,4,likely evidence claim.,Other,4,3625.0,Income,1
2021-03-15,2021,3,March,15,Monday,1,point appear including.,Entertainment,0,1181.82,Expense,0
2021-04-21,2021,4,April,21,Wednesday,2,determine feel article we they.,Shopping,7,976.47,Expense,0
2020-01-02,2020,1,January,2,Thursday,1,score each.,Food & Drink,1,1485.69,Expense,0
2021-03-23,2021,3,March,23,Tuesday,1,end dog.,Rent,5,1588.26,Expense,0
2023-01-23,2023,1,January,23,Monday,1,offer bed it skill challenge.,Utilities,9,562.16,Expense,0
2022-10-19,2022,10,October,19,Wednesday,4,pressure those.,Entertainment,0,602.44,Expense,0
2024-09-23,2024,9,September,23,Monday,3,ten skin perhaps.,Other,4,3085.0,Income,1
2021-08-09,2021,8,August,9,Monday,3,fear yourself last.,Shopping,7,382.75,Expense,0
2024-04-06,2024,4,April,6,Saturday,2,tell soon executive.,Utilities,9,255.24,Expense,0
2020-04-05,2020,4,April,5,Sunday,2,scientist necessary into.,Utilities,9,1449.47,Expense,0
2022-03-27,2022,3,March,27,Sunday,1,fear approach take case customer.,Rent,5,1055.76,Expense,0
2024-06-13,2024,6,June,13,Thursday,2,some gun ahead certainly act.,Salary,6,963.25,Expense,0
2023-07-11,2023,7,July,11,Tuesday,3,authority number.,Rent,5,1573.63,Expense,0
2024-07-29,2024,7,July,29,Monday,3,eight bed fill.,Food & Drink,1,1610.7,Expense,0
2020-08-22,2020,8,August,22,Saturday,3,lead few yourself.,Travel,8,1671.47,Expense,0
2021-07-06,2021,7,July,6,Tuesday,3,newspaper reach determine hear leg.,Other,4,4282.0,Income,1
2020-07-03,2020,7,July,3,Friday,3,key continue anything wait.,Other,4,3071.0,Income,1
2023-12-09,2023,12,December,9,Saturday,4,pull blue strong wonder.,Food & Drink,1,33.17,Expense,0
2021-11-05,2021,11,November,5,Friday,4,beat lead hard factor.,Investment,3,1517.0,Income,1
2022-11-28,2022,11,November,28,Monday,4,choice side eat matter rather.,Other,4,2157.0,Income,1
2022-06-11,2022,6,June,11,Saturday,2,despite sell most.,Other,4,4888.0,Income,1
2020-05-25,2020,5,May,25,Monday,2,ask imagine my.,Travel,8,1227.24,Expense,0
2024-11-03,2024,11,November,3,Sunday,4,important source first him.,Rent,5,136.95,Expense,0
2020-09-05,2020,9,September,5,Saturday,3,tree store either station.,Other,4,1385.0,Income,1
2023-01-04,2023,1,January,4,Wednesday,1,rise mother.,Other,4,4124.0,Income,1
2023-06-17,2023,6,June,17,Saturday,2,machine son television.,Travel,8,191.36,Expense,0
2022-09-01,2022,9,September,1,Thursday,3,almost outside middle.,Utilities,9,696.49,Expense,0
2021-05-24,2021,5,May,24,Monday,2,health image.,Utilities,9,885.13,Expense,0
2020-11-16,2020,11,November,16,Monday,4,bank professional true financial.,Food & Drink,1,915.1,Expense,0
2020-04-27,2020,4,April,27,Monday,2,board its.,Entertainment,0,340.96,Expense,0
2022-09-15,2022,9,September,15,Thursday,3,turn put professional.,Utilities,9,737.93,Expense,0
2020-07-11,2020,7,July,11,Saturday,3,church community.,Travel,8,580.96,Expense,0
2021-01-14,2021,1,January,14,Thursday,1,soldier meeting building.,Travel,8,919.1,Expense,0
2024-10-07,2024,10,October,7,Monday,4,hundred step according.,Food & Drink,1,802.82,Expense,0
2021-02-18,2021,2,February,18,Thursday,1,quite budget window hour some.,Travel,8,1301.99,Expense,0
2024-11-17,2024,11,November,17,Sunday,4,for age size.,Health & Fitness,2,830.29,Expense,0
2023-09-16,2023,9,September,16,Saturday,3,quite everyone as generation.,Utilities,9,1984.77,Expense,0
2021-09-11,2021,9,September,11,Saturday,3,similar send card year.,Salary,6,1209.22,Expense,0
2024-08-03,2024,8,August,3,Saturday,3,push east never size fight.,Travel,8,397.55,Expense,0
2022-10-23,2022,10,October,23,Sunday,4,opportunity lead see.,Health & Fitness,2,1723.49,Expense,0
2021-03-26,2021,3,March,26,Friday,1,happen determine whatever.,Other,4,3060.0,Income,1
2021-09-09,2021,9,September,9,Thursday,3,ability live.,Travel,8,1604.28,Expense,0
2024-08-28,2024,8,August,28,Wednesday,3,course staff personal space.,Shopping,7,1270.99,Expense,0
2021-03-05,2021,3,March,5,Friday,1,million night your.,Rent,5,1328.91,Expense,0
2021-05-31,2021,5,May,31,Monday,2,probably conference sure administration debate.,Food & Drink,1,904.97,Expense,0
2020-08-14,2020,8,August,14,Friday,3,along attention piece tv young.,Shopping,7,1451.12,Expense,0
2020-02-15,2020,2,February,15,Saturday,1,detail audience piece director town.,Other,4,4009.0,Income,1
2021-10-13,2021,10,October,13,Wednesday,4,law participant.,Other,4,1219.0,Income,1
2020-09-18,2020,9,September,18,Friday,3,huge couple.,Salary,6,935.1,Expense,0
2024-06-10,2024,6,June,10,Monday,2,expert commercial entire resource.,Investment,3,3467.0,Income,1
2024-07-26,2024,7,July,26,Friday,3,professor important do house must.,Shopping,7,1512.39,Expense,0
2023-03-08,2023,3,March,8,Wednesday,1,than condition republican.,Travel,8,932.06,Expense,0
2024-07-26,2024,7,July,26,Friday,3,seven project chance road.,Shopping,7,1133.69,Expense,0
2020-08-20,2020,8,August,20,Thursday,3,tree central leave effect.,Other,4,3181.0,Income,1
2020-08-18,2020,8,August,18,Tuesday,3,hear certainly most not.,Rent,5,1289.07,Expense,0
2022-04-02,2022,4,April,2,Saturday,2,indicate herself.,Shopping,7,755.18,Expense,0
2020-08-22,2020,8,August,22,Saturday,3,down occur.,Food & Drink,1,1999.82,Expense,0
2021-10-13,2021,10,October,13,Wednesday,4,well mission situation result.,Travel,8,1783.75,Expense,0
2024-01-16,2024,1,January,16,Tuesday,1,behind front attack song little.,Health & Fitness,2,1426.63,Expense,0
2024-09-05,2024,9,September,5,Thursday,3,pass quite third ability interview.,Other,4,3396.0,Income,1
2023-01-31,2023,1,January,31,Tuesday,1,term mother cost may.,Investment,3,4364.0,Income,1
2021-09-05,2021,9,September,5,Sunday,3,a when dark read.,Rent,5,1600.69,Expense,0
2023-03-15,2023,3,March,15,Wednesday,1,study fear turn any indicate.,Rent,5,929.47,Expense,0
2020-05-01,2020,5,May,1,Friday,2,finish summer rest feel finally.,Travel,8,851.78,Expense,0
2024-02-27,2024,2,February,27,Tuesday,1,significant up still management.,Entertainment,0,1809.95,Expense,0
2022-01-21,2022,1,January,21,Friday,1,approach about because.,Shopping,7,634.37,Expense,0
2022-07-27,2022,7,July,27,Wednesday,3,doctor protect military social.,Investment,3,3157.0,Income,1
2022-04-08,2022,4,April,8,Friday,2,win group important civil nature.,Utilities,9,1458.44,Expense,0
2022-11-09,2022,11,November,9,Wednesday,4,consumer face.,Shopping,7,984.02,Expense,0
2020-11-01,2020,11,November,1,Sunday,4,hundred bad that second develop.,Entertainment,0,1848.58,Expense,0
2022-07-01,2022,7,July,1,Friday,3,water fight security tough gas.,Shopping,7,1858.46,Expense,0
2020-10-10,2020,10,October,10,Saturday,4,official defense.,Investment,3,4875.0,Income,1
2020-08-09,2020,8,August,9,Sunday,3,sit enter perhaps however.,Entertainment,0,981.58,Expense,0
2020-07-12,2020,7,July,12,Sunday,3,able late order.,Health & Fitness,2,935.33,Expense,0
2024-05-20,2024,5,May,20,Monday,2,recently again explain court.,Investment,3,1967.0,Income,1
2020-10-18,2020,10,October,18,Sunday,4,since nothing be apply.,Utilities,9,306.9,Expense,0
2024-01-27,2024,1,January,27,Saturday,1,however style.,Food & Drink,1,723.78,Expense,0
2023-02-26,2023,2,February,26,Sunday,1,particularly score order modern.,Health & Fitness,2,922.33,Expense,0
2020-09-08,2020,9,September,8,Tuesday,3,herself police he push likely.,Entertainment,0,212.78,Expense,0
2020-03-04,2020,3,March,4,Wednesday,1,choice father why often.,Food & Drink,1,1201.9,Expense,0
2022-05-20,2022,5,May,20,Friday,2,include record security.,Travel,8,767.52,Expense,0
2020-06-11,2020,6,June,11,Thursday,2,site girl into have media.,Entertainment,0,1730.57,Expense,0
2020-02-29,2020,2,February,29,Saturday,1,magazine degree husband around.,Travel,8,1944.06,Expense,0
2021-12-28,2021,12,December,28,Tuesday,4,suffer team.,Other,4,4596.0,Income,1
2023-05-07,2023,5,May,7,Sunday,2,technology pay tree.,Health & Fitness,2,281.54,Expense,0
2024-06-23,2024,6,June,23,Sunday,2,rule success.,Salary,6,1197.1,Expense,0
2024-10-19,2024,10,October,19,Saturday,4,picture evidence.,Shopping,7,1266.23,Expense,0
2021-08-21,2021,8,August,21,Saturday,3,central plan physical heart.,Other,4,4420.0,Income,1
2021-07-28,2021,7,July,28,Wednesday,3,people tend weight machine.,Utilities,9,1102.12,Expense,0
2023-01-20,2023,1,January,20,Friday,1,bad argue side girl.,Food & Drink,1,1178.85,Expense,0
2023-03-10,2023,3,March,10,Friday,1,together whether about.,Food & Drink,1,437.89,Expense,0
2020-02-08,2020,2,February,8,Saturday,1,staff within mouth call.,Other,4,3786.0,Income,1
2023-05-22,2023,5,May,22,Monday,2,summer system artist too.,Other,4,3937.0,Income,1
2023-12-27,2023,12,December,27,Wednesday,4,discuss wall ahead scene.,Health & Fitness,2,1124.7,Expense,0
2020-04-26,2020,4,April,26,Sunday,2,voice boy wife condition.,Food & Drink,1,1938.3,Expense,0
2023-01-18,2023,1,January,18,Wednesday,1,sign wall.,Entertainment,0,994.83,Expense,0
2024-07-21,2024,7,July,21,Sunday,3,tv budget system book.,Entertainment,0,1821.07,Expense,0
2021-03-28,2021,3,March,28,Sunday,1,serious soon stay seven.,Salary,6,143.6,Expense,0
2021-09-17,2021,9,September,17,Friday,3,day parent country.,Other,4,785.0,Income,1
2022-11-18,2022,11,November,18,Friday,4,window research his.,Shopping,7,443.48,Expense,0
2024-05-26,2024,5,May,26,Sunday,2,project can.,Food & Drink,1,1340.49,Expense,0
2021-04-19,2021,4,April,19,Monday,2,scientist i doctor.,Health & Fitness,2,630.16,Expense,0
2022-07-04,2022,7,July,4,Monday,3,surface usually.,Health & Fitness,2,773.85,Expense,0
2022-06-13,2022,6,June,13,Monday,2,sort knowledge analysis together court.,Entertainment,0,391.94,Expense,0
2024-06-21,2024,6,June,21,Friday,2,training account evidence month.,Shopping,7,1202.72,Expense,0
2021-07-10,2021,7,July,10,Saturday,3,just recent.,Other,4,3540.0,Income,1
2020-12-05,2020,12,December,5,Saturday,4,appear lose he.,Salary,6,495.02,Expense,0
2020-05-03,2020,5,May,3,Sunday,2,past feeling nature.,Food & Drink,1,1162.57,Expense,0
2023-02-02,2023,2,February,2,Thursday,1,adult range green.,Food & Drink,1,1110.2,Expense,0
2020-10-30,2020,10,October,30,Friday,4,again foot soon peace.,Salary,6,589.61,Expense,0
2021-06-28,2021,6,June,28,Monday,2,cause field education child.,Utilities,9,1198.52,Expense,0
2021-05-04,2021,5,May,4,Tuesday,2,decade trade field training.,Entertainment,0,1005.52,Expense,0
2022-02-21,2022,2,February,21,Monday,1,tree imagine machine.,Food & Drink,1,1827.33,Expense,0
2020-08-27,2020,8,August,27,Thursday,3,seat strategy total simply discover.,Investment,3,1748.0,Income,1
2020-02-04,2020,2,February,4,Tuesday,1,race mr.,Travel,8,1406.62,Expense,0
2024-05-17,2024,5,May,17,Friday,2,as throughout individual list manager.,Utilities,9,1516.84,Expense,0
2024-01-23,2024,1,January,23,Tuesday,1,statement position either.,Travel,8,1756.18,Expense,0
2021-03-07,2021,3,March,7,Sunday,1,relate real major.,Entertainment,0,1176.9,Expense,0
2024-07-07,2024,7,July,7,Sunday,3,mind easy foreign old.,Food & Drink,1,1756.73,Expense,0
2023-01-11,2023,1,January,11,Wednesday,1,move outside value.,Other,4,1190.0,Income,1
2022-02-05,2022,2,February,5,Saturday,1,think live bad total research.,Shopping,7,1792.56,Expense,0
2020-04-17,2020,4,April,17,Friday,2,government nice.,Salary,6,1729.04,Expense,0
2024-03-05,2024,3,March,5,Tuesday,1,likely great paper.,Investment,3,1871.0,Income,1
2020-12-14,2020,12,December,14,Monday,4,draw police.,Shopping,7,916.14,Expense,0
2024-01-13,2024,1,January,13,Saturday,1,onto worry help hope.,Investment,3,1348.0,Income,1
2022-12-31,2022,12,December,31,Saturday,4,life police.,Rent,5,1065.71,Expense,0
2023-09-29,2023,9,September,29,Friday,3,information scene again country.,Shopping,7,812.75,Expense,0
2024-09-13,2024,9,September,13,Friday,3,as personal agreement.,Investment,3,4535.0,Income,1
2020-12-18,2020,12,December,18,Friday,4,wonder effect administration small.,Other,4,1322.0,Income,1
2020-02-28,2020,2,February,28,Friday,1,anything yourself.,Other,4,3286.0,Income,1
2022-04-16,2022,4,April,16,Saturday,2,international break surface three.,Investment,3,763.0,Income,1
2024-07-13,2024,7,July,13,Saturday,3,you ready way rule.,Food & Drink,1,1398.31,Expense,0
2023-08-25,2023,8,August,25,Friday,3,return or for.,Shopping,7,1173.13,Expense,0
2023-04-13,2023,4,April,13,Thursday,2,later week democratic few.,Utilities,9,209.27,Expense,0
2022-07-06,2022,7,July,6,Wednesday,3,charge note space when collection.,Shopping,7,1938.15,Expense,0
2020-09-17,2020,9,September,17,Thursday,3,allow have kitchen.,Salary,6,1417.54,Expense,0
2023-02-08,2023,2,February,8,Wednesday,1,of interview fine.,Food & Drink,1,1908.62,Expense,0
2021-07-11,2021,7,July,11,Sunday,3,support possible.,Rent,5,577.28,Expense,0
2022-05-05,2022,5,May,5,Thursday,2,thank avoid man drive.,Shopping,7,1573.75,Expense,0
2022-08-03,2022,8,August,3,Wednesday,3,picture always occur.,Investment,3,1609.0,Income,1
2024-07-16,2024,7,July,16,Tuesday,3,certain camera represent.,Salary,6,1581.22,Expense,0
2022-06-25,2022,6,June,25,Saturday,2,choose detail section someone.,Salary,6,549.48,Expense,0
2021-05-24,2021,5,May,24,Monday,2,truth modern.,Salary,6,1365.46,Expense,0
2022-10-12,2022,10,October,12,Wednesday,4,road product wait.,Health & Fitness,2,1088.67,Expense,0
2022-03-01,2022,3,March,1,Tuesday,1,drop major.,Salary,6,1779.63,Expense,0
2020-06-18,2020,6,June,18,Thursday,2,particular her agreement surface consider.,Other,4,3364.0,Income,1
2021-05-27,2021,5,May,27,Thursday,2,argue act commercial matter.,Salary,6,84.84,Expense,0
2024-10-04,2024,10,October,4,Friday,4,lose shoulder spring.,Other,4,4486.0,Income,1
2023-04-01,2023,4,April,1,Saturday,2,something population loss physical.,Entertainment,0,1265.2,Expense,0
2022-02-11,2022,2,February,11,Friday,1,pressure occur list common.,Other,4,3205.0,Income,1
2024-10-11,2024,10,October,11,Friday,4,condition again successful.,Health & Fitness,2,1736.06,Expense,0
2020-05-21,2020,5,May,21,Thursday,2,floor music catch discuss.,Utilities,9,881.99,Expense,0
2022-11-17,2022,11,November,17,Thursday,4,entire hotel.,Rent,5,1464.55,Expense,0
2023-11-04,2023,11,November,4,Saturday,4,write moment friend value.,Investment,3,4577.0,Income,1
2024-10-10,2024,10,October,10,Thursday,4,despite energy company.,Travel,8,694.84,Expense,0
2022-07-28,2022,7,July,28,Thursday,3,half president structure might.,Entertainment,0,1148.2,Expense,0
2021-09-11,2021,9,September,11,Saturday,3,finish thing.,Rent,5,662.56,Expense,0
2020-01-26,2020,1,January,26,Sunday,1,range successful simply.,Salary,6,1077.09,Expense,0
2021-05-04,2021,5,May,4,Tuesday,2,while bring yourself.,Health & Fitness,2,153.43,Expense,0
2020-12-24,2020,12,December,24,Thursday,4,list already positive experience television.,Shopping,7,1908.74,Expense,0
2022-05-19,2022,5,May,19,Thursday,2,thing industry participant realize.,Entertainment,0,1394.3,Expense,0
2024-02-01,2024,2,February,1,Thursday,1,forget once hope security.,Travel,8,1388.94,Expense,0
2024-09-07,2024,9,September,7,Saturday,3,mother first hot free.,Investment,3,2674.0,Income,1
2022-05-19,2022,5,May,19,Thursday,2,community spring billion price paper.,Rent,5,1496.29,Expense,0
2022-11-19,2022,11,November,19,Saturday,4,scene almost leave.,Entertainment,0,994.48,Expense,0
2020-08-06,2020,8,August,6,Thursday,3,call whole.,Shopping,7,959.19,Expense,0
2023-01-23,2023,1,January,23,Monday,1,live seat.,Entertainment,0,1948.88,Expense,0
2023-12-23,2023,12,December,23,Saturday,4,do interesting material.,Travel,8,1781.32,Expense,0
2020-11-25,2020,11,November,25,Wednesday,4,such big side.,Other,4,4089.0,Income,1
2021-03-02,2021,3,March,2,Tuesday,1,occur red.,Other,4,4960.0,Income,1
2024-09-15,2024,9,September,15,Sunday,3,or phone.,Food & Drink,1,1697.54,Expense,0
2023-06-25,2023,6,June,25,Sunday,2,particular present evening establish.,Salary,6,1149.7,Expense,0
2021-10-08,2021,10,October,8,Friday,4,role suffer around beat.,Investment,3,4203.0,Income,1
2023-05-30,2023,5,May,30,Tuesday,2,author administration.,Investment,3,3575.0,Income,1
2022-08-16,2022,8,August,16,Tuesday,3,me brother lot candidate owner.,Shopping,7,736.38,Expense,0
2024-05-27,2024,5,May,27,Monday,2,paper beyond indeed.,Health & Fitness,2,782.31,Expense,0
2022-08-04,2022,8,August,4,Thursday,3,election conference when.,Shopping,7,671.11,Expense,0
2023-09-10,2023,9,September,10,Sunday,3,manager bar send really.,Travel,8,1692.38,Expense,0
2021-10-21,2021,10,October,21,Thursday,4,baby lawyer growth matter note.,Entertainment,0,1582.84,Expense,0
2020-02-07,2020,2,February,7,Friday,1,food affect upon these story.,Entertainment,0,1372.38,Expense,0
2021-03-21,2021,3,March,21,Sunday,1,life cover both class.,Salary,6,156.25,Expense,0
2024-03-18,2024,3,March,18,Monday,1,break time manager kid.,Investment,3,1018.0,Income,1
2021-03-07,2021,3,March,7,Sunday,1,machine whatever everything fear walk.,Utilities,9,1576.09,Expense,0
2021-06-11,2021,6,June,11,Friday,2,activity including single right.,Shopping,7,575.45,Expense,0
2021-08-07,2021,8,August,7,Saturday,3,environmental myself.,Investment,3,1676.0,Income,1
2020-10-14,2020,10,October,14,Wednesday,4,participant price.,Rent,5,1746.71,Expense,0
2023-01-31,2023,1,January,31,Tuesday,1,woman meet report.,Food & Drink,1,1718.79,Expense,0
2024-01-11,2024,1,January,11,Thursday,1,best generation group goal.,Utilities,9,1928.07,Expense,0
2023-05-25,2023,5,May,25,Thursday,2,technology tend.,Shopping,7,211.84,Expense,0
2024-11-13,2024,11,November,13,Wednesday,4,dinner rich decide do.,Salary,6,1950.21,Expense,0
2020-05-29,2020,5,May,29,Friday,2,accept goal send table.,Investment,3,1376.0,Income,1
2023-05-22,2023,5,May,22,Monday,2,old particularly.,Rent,5,1443.62,Expense,0
2023-07-27,2023,7,July,27,Thursday,3,lay color.,Food & Drink,1,355.74,Expense,0
2022-05-24,2022,5,May,24,Tuesday,2,old wall report purpose.,Entertainment,0,747.7,Expense,0
2023-05-14,2023,5,May,14,Sunday,2,maintain assume both long.,Utilities,9,1417.29,Expense,0
2020-08-03,2020,8,August,3,Monday,3,significant take future.,Investment,3,2394.0,Income,1
2024-04-26,2024,4,April,26,Friday,2,peace wind guess.,Rent,5,359.78,Expense,0
2024-12-28,2024,12,December,28,Saturday,4,no couple debate must.,Investment,3,1425.0,Income,1
2022-09-03,2022,9,September,3,Saturday,3,near risk.,Utilities,9,703.17,Expense,0
2022-01-13,2022,1,January,13,Thursday,1,big look tell prepare.,Shopping,7,304.07,Expense,0
2022-05-30,2022,5,May,30,Monday,2,unit hold.,Health & Fitness,2,346.84,Expense,0
2024-03-03,2024,3,March,3,Sunday,1,require remain save.,Salary,6,97.26,Expense,0
2021-08-24,2021,8,August,24,Tuesday,3,why station manager.,Travel,8,1035.61,Expense,0
2021-12-15,2021,12,December,15,Wednesday,4,speak line.,Investment,3,4030.0,Income,1
2022-09-14,2022,9,September,14,Wednesday,3,say dog drug enter.,Food & Drink,1,1412.42,Expense,0
2021-09-28,2021,9,September,28,Tuesday,3,policy mrs.,Rent,5,530.94,Expense,0
2022-03-23,2022,3,March,23,Wednesday,1,water tonight pressure.,Utilities,9,961.58,Expense,0
2023-09-14,2023,9,September,14,Thursday,3,hand possible relate night.,Rent,5,949.72,Expense,0
2024-11-22,2024,11,November,22,Friday,4,happy action.,Shopping,7,795.56,Expense,0
2022-09-03,2022,9,September,3,Saturday,3,give white everybody paper create.,Entertainment,0,1047.02,Expense,0
2020-06-19,2020,6,June,19,Friday,2,act way beat result major.,Shopping,7,663.24,Expense,0
2022-07-17,2022,7,July,17,Sunday,3,care run there leg.,Entertainment,0,718.06,Expense,0
2023-08-10,2023,8,August,10,Thursday,3,conference matter wear physical site.,Entertainment,0,545.48,Expense,0
2022-10-21,2022,10,October,21,Friday,4,stuff agreement professional team foot.,Rent,5,883.75,Expense,0
2020-06-22,2020,6,June,22,Monday,2,international second former reflect.,Other,4,1962.0,Income,1
2022-04-05,2022,4,April,5,Tuesday,2,marriage participant.,Utilities,9,1985.77,Expense,0
2022-03-25,2022,3,March,25,Friday,1,one less brother.,Salary,6,1517.13,Expense,0
2021-04-01,2021,4,April,1,Thursday,2,quite response.,Health & Fitness,2,1343.33,Expense,0
2020-12-10,2020,12,December,10,Thursday,4,agreement us stuff.,Travel,8,1642.89,Expense,0
2022-04-04,2022,4,April,4,Monday,2,store bit responsibility brother.,Utilities,9,1310.53,Expense,0
2023-02-28,2023,2,February,28,Tuesday,1,body lead there there early.,Rent,5,1015.8,Expense,0
2022-10-08,2022,10,October,8,Saturday,4,support author class direction.,Salary,6,1135.64,Expense,0
2022-12-15,2022,12,December,15,Thursday,4,couple raise she child.,Rent,5,1976.43,Expense,0
2020-03-12,2020,3,March,12,Thursday,1,bank price north first end.,Utilities,9,265.5,Expense,0
2024-04-17,2024,4,April,17,Wednesday,2,worker range feel.,Entertainment,0,209.09,Expense,0
2023-05-05,2023,5,May,5,Friday,2,green forward cup serve speak.,Investment,3,1408.0,Income,1
2023-01-06,2023,1,January,6,Friday,1,moment eat personal.,Rent,5,1794.22,Expense,0
2022-08-21,2022,8,August,21,Sunday,3,country remember smile.,Shopping,7,1349.23,Expense,0
2024-12-29,2024,12,December,29,Sunday,4,pressure activity defense detail.,Other,4,1480.0,Income,1
2020-01-13,2020,1,January,13,Monday,1,future choice whatever from.,Food & Drink,1,1126.88,Expense,0
2023-05-18,2023,5,May,18,Thursday,2,final image our.,Other,4,1652.0,Income,1
2024-04-30,2024,4,April,30,Tuesday,2,teacher decide possible.,Investment,3,2656.0,Income,1
2020-12-01,2020,12,December,1,Tuesday,4,month whom stage soon.,Travel,8,836.83,Expense,0
2024-06-16,2024,6,June,16,Sunday,2,within woman.,Food & Drink,1,1782.69,Expense,0
2024-10-21,2024,10,October,21,Monday,4,why though decide bank likely.,Rent,5,167.43,Expense,0
2021-06-28,2021,6,June,28,Monday,2,something story attorney summer.,Food & Drink,1,1327.24,Expense,0
2023-05-17,2023,5,May,17,Wednesday,2,boy other foot best.,Entertainment,0,1282.9,Expense,0
2023-08-07,2023,8,August,7,Monday,3,partner sing administration main according.,Health & Fitness,2,695.06,Expense,0
2022-11-03,2022,11,November,3,Thursday,4,across involve fall.,Travel,8,1149.74,Expense,0
2024-06-23,2024,6,June,23,Sunday,2,yeah exist behavior necessary miss.,Other,4,1669.0,Income,1
2021-01-17,2021,1,January,17,Sunday,1,statement available win politics.,Shopping,7,556.22,Expense,0
2023-12-05,2023,12,December,5,Tuesday,4,ahead certainly second everyone.,Entertainment,0,1956.01,Expense,0
2021-01-27,2021,1,January,27,Wednesday,1,nation politics few each southern.,Health & Fitness,2,1066.4,Expense,0
2020-08-01,2020,8,August,1,Saturday,3,nearly need behavior.,Travel,8,1533.97,Expense,0
2022-01-04,2022,1,January,4,Tuesday,1,surface side nothing consider.,Salary,6,1420.39,Expense,0
2020-03-18,2020,3,March,18,Wednesday,1,value thing these.,Health & Fitness,2,881.82,Expense,0
2024-09-22,2024,9,September,22,Sunday,3,sure i pay.,Utilities,9,919.82,Expense,0
2022-06-23,2022,6,June,23,Thursday,2,face rate.,Rent,5,1790.63,Expense,0
2022-10-25,2022,10,October,25,Tuesday,4,model police finally girl.,Shopping,7,340.3,Expense,0
2023-09-21,2023,9,September,21,Thursday,3,later happy pull.,Utilities,9,1560.09,Expense,0
2021-08-02,2021,8,August,2,Monday,3,major bar air set.,Travel,8,252.48,Expense,0
2023-04-04,2023,4,April,4,Tuesday,2,north question new.,Health & Fitness,2,964.57,Expense,0
2022-04-03,2022,4,April,3,Sunday,2,listen check receive.,Salary,6,1740.54,Expense,0
2021-05-07,2021,5,May,7,Friday,2,third letter sort reveal seven.,Shopping,7,1421.9,Expense,0
2021-09-21,2021,9,September,21,Tuesday,3,media pick may indeed.,Investment,3,4588.0,Income,1
2021-02-09,2021,2,February,9,Tuesday,1,couple city you level.,Travel,8,1077.78,Expense,0
2020-02-05,2020,2,February,5,Wednesday,1,born itself law west.,Rent,5,1222.17,Expense,0
2022-05-09,2022,5,May,9,Monday,2,effect cultural.,Food & Drink,1,544.24,Expense,0
2020-02-27,2020,2,February,27,Thursday,1,leg themselves away.,Food & Drink,1,1363.76,Expense,0
2023-01-24,2023,1,January,24,Tuesday,1,current health serious.,Food & Drink,1,336.03,Expense,0
2022-10-19,2022,10,October,19,Wednesday,4,approach side model you billion.,Rent,5,1474.62,Expense,0
2024-07-05,2024,7,July,5,Friday,3,law work.,Investment,3,2157.0,Income,1
2021-05-15,2021,5,May,15,Saturday,2,include successful.,Investment,3,3362.0,Income,1
2023-02-08,2023,2,February,8,Wednesday,1,my deal catch must.,Other,4,2812.0,Income,1
2021-11-17,2021,11,November,17,Wednesday,4,red head window be.,Health & Fitness,2,1686.63,Expense,0
2022-08-02,2022,8,August,2,Tuesday,3,specific result loss long.,Other,4,2520.0,Income,1
2023-07-18,2023,7,July,18,Tuesday,3,be plan same cause.,Rent,5,1945.27,Expense,0
2020-11-14,2020,11,November,14,Saturday,4,whatever late specific.,Utilities,9,946.3,Expense,0
2023-10-08,2023,10,October,8,Sunday,4,draw american first.,Investment,3,2942.0,Income,1
2022-08-31,2022,8,August,31,Wednesday,3,prevent expert white arm similar.,Investment,3,4683.0,Income,1
2021-08-27,2021,8,August,27,Friday,3,thus several animal phone.,Entertainment,0,579.36,Expense,0
2020-08-04,2020,8,August,4,Tuesday,3,star executive fear.,Utilities,9,1415.77,Expense,0
2023-03-23,2023,3,March,23,Thursday,1,pass market role.,Other,4,914.0,Income,1
2022-11-22,2022,11,November,22,Tuesday,4,rock seat near business loss.,Salary,6,1578.72,Expense,0
2022-03-17,2022,3,March,17,Thursday,1,positive participant fear blue as.,Entertainment,0,23.59,Expense,0
2022-05-11,2022,5,May,11,Wednesday,2,democratic station course full.,Food & Drink,1,1748.5,Expense,0
2021-12-31,2021,12,December,31,Friday,4,relate product only from.,Investment,3,1622.0,Income,1
2024-10-03,2024,10,October,3,Thursday,4,not friend federal forget bit.,Utilities,9,951.24,Expense,0
2020-02-02,2020,2,February,2,Sunday,1,as high you more wife.,Health & Fitness,2,333.68,Expense,0
2020-07-05,2020,7,July,5,Sunday,3,picture approach chance none fight.,Travel,8,1337.12,Expense,0
2023-02-20,2023,2,February,20,Monday,1,note discuss discussion reach grow.,Food & Drink,1,473.67,Expense,0
2023-04-20,2023,4,April,20,Thursday,2,simply century the.,Shopping,7,716.06,Expense,0
2024-11-20,2024,11,November,20,Wednesday,4,cost attorney.,Travel,8,1198.04,Expense,0
2020-09-17,2020,9,September,17,Thursday,3,those pressure street.,Rent,5,872.71,Expense,0
2023-10-17,2023,10,October,17,Tuesday,4,owner memory argue project.,Rent,5,1099.09,Expense,0
2023-05-05,2023,5,May,5,Friday,2,nothing behavior sort recognize.,Health & Fitness,2,1921.51,Expense,0
2024-11-17,2024,11,November,17,Sunday,4,different international sell several.,Entertainment,0,1611.37,Expense,0
2024-02-25,2024,2,February,25,Sunday,1,employee become happy water bring.,Food & Drink,1,238.3,Expense,0
2022-02-17,2022,2,February,17,Thursday,1,real any little environmental.,Investment,3,3833.0,Income,1
2020-09-01,2020,9,September,1,Tuesday,3,car much will.,Rent,5,1557.81,Expense,0
2021-01-14,2021,1,January,14,Thursday,1,door management guess.,Shopping,7,1708.14,Expense,0
2021-09-10,2021,9,September,10,Friday,3,difficult quite act receive stage.,Rent,5,866.91,Expense,0
2024-05-25,2024,5,May,25,Saturday,2,somebody son suddenly perform.,Entertainment,0,135.09,Expense,0
2024-02-28,2024,2,February,28,Wednesday,1,industry impact certainly.,Rent,5,777.89,Expense,0
2024-02-14,2024,2,February,14,Wednesday,1,movement door kind.,Travel,8,903.14,Expense,0
2021-10-13,2021,10,October,13,Wednesday,4,budget remain reduce.,Health & Fitness,2,1339.0,Expense,0
2023-07-26,2023,7,July,26,Wednesday,3,common anyone.,Shopping,7,279.94,Expense,0
2021-08-11,2021,8,August,11,Wednesday,3,keep yes.,Health & Fitness,2,144.68,Expense,0
2020-08-05,2020,8,August,5,Wednesday,3,task improve fish.,Shopping,7,1810.63,Expense,0
2023-12-29,2023,12,December,29,Friday,4,society dark product make.,Entertainment,0,14.37,Expense,0
2020-01-31,2020,1,January,31,Friday,1,management sense technology check civil.,Shopping,7,563.17,Expense,0
2023-07-30,2023,7,July,30,Sunday,3,source international.,Salary,6,110.61,Expense,0
2021-11-27,2021,11,November,27,Saturday,4,weight take.,Health & Fitness,2,1950.99,Expense,0
2022-04-09,2022,4,April,9,Saturday,2,former able public trade.,Food & Drink,1,1514.8,Expense,0
2024-01-26,2024,1,January,26,Friday,1,own test too imagine.,Investment,3,2917.0,Income,1
2023-06-05,2023,6,June,5,Monday,2,especially unit office almost.,Utilities,9,1218.56,Expense,0
2024-05-31,2024,5,May,31,Friday,2,ground city still.,Rent,5,1410.44,Expense,0
2023-03-22,2023,3,March,22,Wednesday,1,role pick would low read.,Other,4,1555.0,Income,1
2024-09-17,2024,9,September,17,Tuesday,3,mind door authority outside.,Travel,8,986.7,Expense,0
2020-12-23,2020,12,December,23,Wednesday,4,firm financial.,Rent,5,1705.01,Expense,0
2022-09-10,2022,9,September,10,Saturday,3,red enjoy.,Salary,6,471.39,Expense,0
2020-10-24,2020,10,October,24,Saturday,4,question or money.,Entertainment,0,1553.63,Expense,0
2020-02-11,2020,2,February,11,Tuesday,1,human public health.,Health & Fitness,2,433.13,Expense,0
2021-06-22,2021,6,June,22,Tuesday,2,success here television key.,Rent,5,1295.59,Expense,0
2024-11-13,2024,11,November,13,Wednesday,4,state serious activity pressure.,Other,4,3164.0,Income,1
2020-10-27,2020,10,October,27,Tuesday,4,can mouth discover.,Entertainment,0,536.65,Expense,0
2020-02-28,2020,2,February,28,Friday,1,unit support.,Other,4,1795.0,Income,1
2022-07-27,2022,7,July,27,Wednesday,3,voice american seven discussion.,Shopping,7,215.55,Expense,0
2023-07-05,2023,7,July,5,Wednesday,3,beat painting heavy.,Other,4,1141.0,Income,1
2021-07-29,2021,7,July,29,Thursday,3,white measure manager range.,Shopping,7,231.26,Expense,0
2024-04-03,2024,4,April,3,Wednesday,2,western order accept wide prevent.,Travel,8,1920.67,Expense,0
2024-11-23,2024,11,November,23,Saturday,4,hospital writer can industry.,Other,4,3599.0,Income,1
2022-05-13,2022,5,May,13,Friday,2,leader operation mean white.,Health & Fitness,2,613.34,Expense,0
2024-08-08,2024,8,August,8,Thursday,3,base player data whose.,Entertainment,0,1234.23,Expense,0
2022-03-28,2022,3,March,28,Monday,1,forward would finish around.,Food & Drink,1,1659.26,Expense,0
2024-09-24,2024,9,September,24,Tuesday,3,less into per big.,Food & Drink,1,1351.47,Expense,0
2024-01-19,2024,1,January,19,Friday,1,table trade various risk art.,Health & Fitness,2,1423.6,Expense,0
2023-11-17,2023,11,November,17,Friday,4,create physical share out cold.,Rent,5,199.05,Expense,0
2024-02-24,2024,2,February,24,Saturday,1,cup red collection husband.,Salary,6,1993.3,Expense,0
2024-10-18,2024,10,October,18,Friday,4,outside with each animal.,Travel,8,932.87,Expense,0
2022-09-12,2022,9,September,12,Monday,3,despite off consumer second.,Entertainment,0,904.65,Expense,0
2020-08-08,2020,8,August,8,Saturday,3,them key.,Travel,8,1509.42,Expense,0
2023-03-18,2023,3,March,18,Saturday,1,happy her attack interview.,Other,4,3549.0,Income,1
2023-12-20,2023,12,December,20,Wednesday,4,actually purpose public.,Health & Fitness,2,246.23,Expense,0
2022-10-05,2022,10,October,5,Wednesday,4,what than political up instead.,Travel,8,457.44,Expense,0
2024-03-16,2024,3,March,16,Saturday,1,like clear.,Food & Drink,1,785.11,Expense,0
2023-01-09,2023,1,January,9,Monday,1,see indeed black police group.,Investment,3,3645.0,Income,1
2023-02-01,2023,2,February,1,Wednesday,1,unit again easy morning four.,Utilities,9,366.13,Expense,0
2020-08-02,2020,8,August,2,Sunday,3,course out second carry.,Health & Fitness,2,1787.12,Expense,0
2024-08-01,2024,8,August,1,Thursday,3,heart still building.,Food & Drink,1,1451.74,Expense,0
2021-09-19,2021,9,September,19,Sunday,3,raise several west side admit.,Utilities,9,1063.63,Expense,0
2023-10-15,2023,10,October,15,Sunday,4,bring agent pay detail group.,Food & Drink,1,756.63,Expense,0
2024-06-02,2024,6,June,2,Sunday,2,environment character real middle prove.,Rent,5,1038.16,Expense,0
2020-06-09,2020,6,June,9,Tuesday,2,prove nor design record.,Utilities,9,865.28,Expense,0
2022-01-21,2022,1,January,21,Friday,1,enter example down anyone occur.,Health & Fitness,2,1996.26,Expense,0
2024-06-12,2024,6,June,12,Wednesday,2,picture early send morning.,Rent,5,1325.61,Expense,0
2023-10-30,2023,10,October,30,Monday,4,eye south wife interest.,Shopping,7,1663.0,Expense,0
2020-03-23,2020,3,March,23,Monday,1,enough threat score.,Food & Drink,1,151.28,Expense,0
2020-08-01,2020,8,August,1,Saturday,3,relate indeed lot line lead.,Other,4,2420.0,Income,1
2021-05-11,2021,5,May,11,Tuesday,2,nearly want front shake.,Entertainment,0,877.0,Expense,0
2024-11-12,2024,11,November,12,Tuesday,4,few spring raise.,Travel,8,466.42,Expense,0
2020-10-04,2020,10,October,4,Sunday,4,involve thousand including.,Health & Fitness,2,710.1,Expense,0
2024-09-25,2024,9,September,25,Wednesday,3,military onto blue activity.,Rent,5,657.62,Expense,0
2023-10-04,2023,10,October,4,Wednesday,4,pretty skin main program.,Health & Fitness,2,1900.64,Expense,0
2020-01-21,2020,1,January,21,Tuesday,1,herself law.,Entertainment,0,1914.85,Expense,0
2023-05-29,2023,5,May,29,Monday,2,style child young prove.,Other,4,1357.0,Income,1
2024-07-01,2024,7,July,1,Monday,3,medical buy series walk large.,Other,4,3657.0,Income,1
2023-07-16,2023,7,July,16,Sunday,3,computer always his.,Food & Drink,1,682.35,Expense,0
2021-07-09,2021,7,July,9,Friday,3,break wait.,Utilities,9,1635.61,Expense,0
2020-11-17,2020,11,November,17,Tuesday,4,spend prove stock school.,Food & Drink,1,1318.74,Expense,0
2023-01-23,2023,1,January,23,Monday,1,energy huge its recently.,Other,4,3700.0,Income,1
2024-05-14,2024,5,May,14,Tuesday,2,main opportunity particularly question.,Rent,5,799.6,Expense,0
2023-01-13,2023,1,January,13,Friday,1,yard foot he share issue.,Travel,8,1560.15,Expense,0
2024-10-04,2024,10,October,4,Friday,4,detail about development discover.,Other,4,4592.0,Income,1
2022-03-14,2022,3,March,14,Monday,1,time surface learn design.,Rent,5,807.66,Expense,0
2021-03-10,2021,3,March,10,Wednesday,1,pretty section degree still.,Utilities,9,228.75,Expense,0
2024-04-10,2024,4,April,10,Wednesday,2,environmental outside bed institution.,Investment,3,4996.0,Income,1
2020-11-29,2020,11,November,29,Sunday,4,question now key show.,Utilities,9,1001.77,Expense,0
2020-08-01,2020,8,August,1,Saturday,3,water positive child usually.,Entertainment,0,556.45,Expense,0
2021-08-07,2021,8,August,7,Saturday,3,not significant manager member.,Salary,6,1197.51,Expense,0
2022-03-28,2022,3,March,28,Monday,1,decide similar office.,Entertainment,0,1149.68,Expense,0
2024-12-06,2024,12,December,6,Friday,4,left available.,Health & Fitness,2,932.73,Expense,0
2024-09-17,2024,9,September,17,Tuesday,3,personal often.,Travel,8,801.78,Expense,0
2021-12-03,2021,12,December,3,Friday,4,begin suggest speak.,Investment,3,2877.0,Income,1
2023-02-20,2023,2,February,20,Monday,1,maybe painting republican.,Food & Drink,1,1902.47,Expense,0
2021-08-25,2021,8,August,25,Wednesday,3,front official not.,Salary,6,514.09,Expense,0
2024-07-23,2024,7,July,23,Tuesday,3,agreement central six instead.,Investment,3,4780.0,Income,1
2023-11-28,2023,11,November,28,Tuesday,4,cultural allow.,Utilities,9,971.33,Expense,0
2020-07-29,2020,7,July,29,Wednesday,3,could gun.,Shopping,7,1662.83,Expense,0
2021-05-11,2021,5,May,11,Tuesday,2,charge form here.,Health & Fitness,2,185.38,Expense,0
2023-03-16,2023,3,March,16,Thursday,1,public particularly reality.,Utilities,9,251.69,Expense,0
2024-09-10,2024,9,September,10,Tuesday,3,true culture.,Health & Fitness,2,320.43,Expense,0
2022-04-09,2022,4,April,9,Saturday,2,chance bed memory rich.,Salary,6,1350.26,Expense,0
2021-07-19,2021,7,July,19,Monday,3,girl suddenly.,Rent,5,1679.96,Expense,0
2020-09-11,2020,9,September,11,Friday,3,trip determine as statement.,Rent,5,1594.49,Expense,0
2023-11-08,2023,11,November,8,Wednesday,4,company left nothing trip.,Entertainment,0,722.26,Expense,0
2024-01-26,2024,1,January,26,Friday,1,evening ahead smile.,Entertainment,0,541.29,Expense,0
2022-02-17,2022,2,February,17,Thursday,1,successful teach range.,Other,4,3131.0,Income,1
2020-07-24,2020,7,July,24,Friday,3,form really explain.,Salary,6,109.93,Expense,0
2022-07-27,2022,7,July,27,Wednesday,3,truth thing always possible.,Food & Drink,1,590.78,Expense,0
2023-04-20,2023,4,April,20,Thursday,2,day already hold.,Utilities,9,360.44,Expense,0
2020-09-23,2020,9,September,23,Wednesday,3,able teach certain candidate economy.,Health & Fitness,2,67.11,Expense,0
2023-01-17,2023,1,January,17,Tuesday,1,career three according worker democrat.,Food & Drink,1,1569.77,Expense,0
2020-12-20,2020,12,December,20,Sunday,4,run pick sign.,Salary,6,208.43,Expense,0
2021-01-08,2021,1,January,8,Friday,1,him note painting quickly.,Utilities,9,348.27,Expense,0
2024-07-27,2024,7,July,27,Saturday,3,my serious whatever miss seek.,Health & Fitness,2,1550.65,Expense,0
2021-05-07,2021,5,May,7,Friday,2,have including none.,Rent,5,816.01,Expense,0
2020-06-30,2020,6,June,30,Tuesday,2,executive beyond create dinner conference.,Rent,5,776.54,Expense,0
2024-01-12,2024,1,January,12,Friday,1,price institution method inside.,Utilities,9,1386.72,Expense,0
2020-09-27,2020,9,September,27,Sunday,3,feeling poor all your suggest.,Salary,6,1114.8,Expense,0
2022-10-30,2022,10,October,30,Sunday,4,field a spring.,Health & Fitness,2,1069.24,Expense,0
2020-11-14,2020,11,November,14,Saturday,4,mean common.,Travel,8,371.16,Expense,0
2024-10-01,2024,10,October,1,Tuesday,4,owner fact wife.,Shopping,7,566.46,Expense,0
2024-09-16,2024,9,September,16,Monday,3,east list when.,Health & Fitness,2,989.76,Expense,0
2023-11-11,2023,11,November,11,Saturday,4,than physical live reason.,Rent,5,1449.89,Expense,0
2021-04-19,2021,4,April,19,Monday,2,cell year.,Rent,5,1767.85,Expense,0
2024-06-03,2024,6,June,3,Monday,2,sometimes while sense window.,Entertainment,0,1037.58,Expense,0
2022-11-26,2022,11,November,26,Saturday,4,growth appear project.,Food & Drink,1,101.43,Expense,0
2020-10-16,2020,10,October,16,Friday,4,go consider century price.,Food & Drink,1,512.43,Expense,0
2022-03-28,2022,3,March,28,Monday,1,size sister can its.,Other,4,4762.0,Income,1
2020-01-02,2020,1,January,2,Thursday,1,quality throughout.,Utilities,9,1475.58,Expense,0
2020-06-18,2020,6,June,18,Thursday,2,let stay or focus.,Rent,5,771.26,Expense,0
2022-05-27,2022,5,May,27,Friday,2,herself apply.,Other,4,2918.0,Income,1
2024-10-09,2024,10,October,9,Wednesday,4,key place tree.,Rent,5,905.21,Expense,0
2023-03-13,2023,3,March,13,Monday,1,people newspaper stay.,Utilities,9,71.85,Expense,0
2024-05-27,2024,5,May,27,Monday,2,doctor news yourself.,Food & Drink,1,89.41,Expense,0
2024-04-17,2024,4,April,17,Wednesday,2,into notice necessary true message.,Entertainment,0,642.39,Expense,0
2024-07-20,2024,7,July,20,Saturday,3,tell brother defense list second.,Rent,5,856.72,Expense,0
2021-06-27,2021,6,June,27,Sunday,2,or nation race.,Investment,3,2923.0,Income,1
2023-10-15,2023,10,October,15,Sunday,4,part crime.,Food & Drink,1,1191.91,Expense,0
2024-02-29,2024,2,February,29,Thursday,1,dog late eat.,Travel,8,59.16,Expense,0
2022-04-18,2022,4,April,18,Monday,2,professional color group.,Shopping,7,1233.7,Expense,0
2024-07-30,2024,7,July,30,Tuesday,3,hope floor include.,Rent,5,533.55,Expense,0
2024-03-02,2024,3,March,2,Saturday,1,beat light the window.,Health & Fitness,2,1033.48,Expense,0
2024-06-14,2024,6,June,14,Friday,2,be fire.,Shopping,7,54.67,Expense,0
2021-02-05,2021,2,February,5,Friday,1,letter environment easy.,Rent,5,290.11,Expense,0
2022-04-01,2022,4,April,1,Friday,2,seek close trade speech.,Other,4,1022.0,Income,1
2022-06-06,2022,6,June,6,Monday,2,letter visit always up.,Investment,3,4642.0,Income,1
2024-04-08,2024,4,April,8,Monday,2,effort drive side human.,Rent,5,616.34,Expense,0
2023-04-07,2023,4,April,7,Friday,2,officer forward trouble.,Health & Fitness,2,1826.23,Expense,0
2022-03-18,2022,3,March,18,Friday,1,change she tonight.,Travel,8,1169.1,Expense,0
2022-03-23,2022,3,March,23,Wednesday,1,likely scientist.,Travel,8,741.41,Expense,0
2024-05-05,2024,5,May,5,Sunday,2,piece require.,Other,4,2329.0,Income,1
2024-02-23,2024,2,February,23,Friday,1,increase consider.,Rent,5,705.31,Expense,0
2024-11-16,2024,11,November,16,Saturday,4,hear officer.,Shopping,7,1051.69,Expense,0
2024-02-27,2024,2,February,27,Tuesday,1,high issue deal democratic.,Health & Fitness,2,768.93,Expense,0
2024-08-14,2024,8,August,14,Wednesday,3,claim move.,Rent,5,1839.16,Expense,0
2022-09-07,2022,9,September,7,Wednesday,3,him small.,Investment,3,4727.0,Income,1
2022-03-31,2022,3,March,31,Thursday,1,fine bill me fill.,Other,4,3024.0,Income,1
2023-05-28,2023,5,May,28,Sunday,2,reduce hour fish him.,Entertainment,0,333.69,Expense,0
2021-12-12,2021,12,December,12,Sunday,4,eat yes myself affect him.,Salary,6,1933.71,Expense,0
2022-05-08,2022,5,May,8,Sunday,2,forward should outside respond.,Investment,3,2588.0,Income,1
2022-01-08,2022,1,January,8,Saturday,1,activity decide really go.,Food & Drink,1,1197.85,Expense,0
2023-09-14,2023,9,September,14,Thursday,3,war push thousand book half.,Rent,5,946.37,Expense,0
2024-03-08,2024,3,March,8,Friday,1,security unit executive.,Food & Drink,1,184.17,Expense,0
2023-12-14,2023,12,December,14,Thursday,4,exist outside find wish.,Investment,3,3601.0,Income,1
2021-10-24,2021,10,October,24,Sunday,4,animal hair turn.,Other,4,3761.0,Income,1
2023-07-15,2023,7,July,15,Saturday,3,movement which ball least.,Other,4,2700.0,Income,1
2021-11-19,2021,11,November,19,Friday,4,fish evening avoid dark.,Shopping,7,1240.04,Expense,0
2023-12-29,2023,12,December,29,Friday,4,perform benefit baby.,Salary,6,236.91,Expense,0
2022-07-25,2022,7,July,25,Monday,3,cell city not not the.,Utilities,9,183.72,Expense,0
2024-08-23,2024,8,August,23,Friday,3,play woman remain event.,Other,4,538.0,Income,1
2021-08-21,2021,8,August,21,Saturday,3,idea seek.,Utilities,9,135.57,Expense,0
2020-05-31,2020,5,May,31,Sunday,2,ahead from quickly identify.,Health & Fitness,2,415.16,Expense,0
2023-06-08,2023,6,June,8,Thursday,2,low happy oil which bag.,Food & Drink,1,211.5,Expense,0
2021-12-20,2021,12,December,20,Monday,4,agreement red way nor none.,Rent,5,778.83,Expense,0
2024-03-07,2024,3,March,7,Thursday,1,bed report item.,Shopping,7,1296.66,Expense,0
2022-07-17,2022,7,July,17,Sunday,3,teach cause mrs.,Shopping,7,180.53,Expense,0
2022-12-07,2022,12,December,7,Wednesday,4,trial never attention choice fast.,Investment,3,508.0,Income,1
2023-01-21,2023,1,January,21,Saturday,1,us building side section.,Investment,3,826.0,Income,1
2023-06-25,2023,6,June,25,Sunday,2,which raise american truth.,Shopping,7,1931.6,Expense,0
2020-10-03,2020,10,October,3,Saturday,4,most law painting between reduce.,Salary,6,1111.41,Expense,0
2021-04-27,2021,4,April,27,Tuesday,2,movie stop.,Utilities,9,1530.68,Expense,0
2022-09-06,2022,9,September,6,Tuesday,3,race to television loss.,Rent,5,1357.51,Expense,0
2022-12-28,2022,12,December,28,Wednesday,4,moment red eight hand.,Utilities,9,771.61,Expense,0
2021-05-06,2021,5,May,6,Thursday,2,receive region however.,Food & Drink,1,878.08,Expense,0
2022-08-15,2022,8,August,15,Monday,3,her car admit.,Salary,6,1935.85,Expense,0
2024-08-03,2024,8,August,3,Saturday,3,ahead plant trial affect.,Salary,6,883.55,Expense,0
2024-02-17,2024,2,February,17,Saturday,1,say unit four institution.,Other,4,546.0,Income,1
2023-06-16,2023,6,June,16,Friday,2,past every either.,Salary,6,1689.1,Expense,0
2022-03-29,2022,3,March,29,Tuesday,1,investment local above move.,Entertainment,0,1436.67,Expense,0
2022-02-22,2022,2,February,22,Tuesday,1,start middle city find.,Investment,3,797.0,Income,1
2023-03-23,2023,3,March,23,Thursday,1,participant first moment yet.,Other,4,1503.0,Income,1
2022-06-23,2022,6,June,23,Thursday,2,as second animal summer group.,Shopping,7,1293.37,Expense,0
2022-05-09,2022,5,May,9,Monday,2,miss reduce animal clearly cell.,Rent,5,1075.91,Expense,0
2020-06-02,2020,6,June,2,Tuesday,2,anyone here deep.,Travel,8,97.73,Expense,0
2022-09-17,2022,9,September,17,Saturday,3,when summer he firm together.,Investment,3,2649.0,Income,1
2021-05-14,2021,5,May,14,Friday,2,stuff avoid.,Rent,5,1025.86,Expense,0
2021-09-16,2021,9,September,16,Thursday,3,beautiful beyond sell.,Food & Drink,1,159.33,Expense,0
2023-07-27,2023,7,July,27,Thursday,3,box organization.,Entertainment,0,1675.58,Expense,0
2023-07-15,2023,7,July,15,Saturday,3,long identify road speech.,Utilities,9,558.07,Expense,0
2023-02-22,2023,2,February,22,Wednesday,1,system man case.,Other,4,3019.0,Income,1
2022-08-26,2022,8,August,26,Friday,3,security land record.,Health & Fitness,2,1406.25,Expense,0
2020-09-27,2020,9,September,27,Sunday,3,score moment second.,Travel,8,1116.02,Expense,0
2020-07-13,2020,7,July,13,Monday,3,reach under.,Utilities,9,1321.11,Expense,0
2023-07-10,2023,7,July,10,Monday,3,particular condition man.,Shopping,7,233.91,Expense,0
2020-03-04,2020,3,March,4,Wednesday,1,institution whatever yet.,Entertainment,0,314.15,Expense,0
2023-06-03,2023,6,June,3,Saturday,2,us perhaps lawyer interest star.,Rent,5,682.52,Expense,0
2020-10-28,2020,10,October,28,Wednesday,4,author technology amount affect.,Investment,3,1923.0,Income,1
2021-04-11,2021,4,April,11,Sunday,2,more road development about.,Travel,8,1843.86,Expense,0
2020-12-30,2020,12,December,30,Wednesday,4,family bill foreign fast knowledge.,Shopping,7,1956.89,Expense,0
2021-05-27,2021,5,May,27,Thursday,2,not teach believe month.,Travel,8,162.69,Expense,0
2021-04-27,2021,4,April,27,Tuesday,2,care drug data position two.,Food & Drink,1,416.8,Expense,0
2022-02-01,2022,2,February,1,Tuesday,1,nor character recent.,Travel,8,1412.75,Expense,0
2023-11-22,2023,11,November,22,Wednesday,4,future treat bill choice.,Rent,5,751.52,Expense,0
2023-08-21,2023,8,August,21,Monday,3,itself free source.,Travel,8,853.38,Expense,0
2022-04-01,2022,4,April,1,Friday,2,model its rather card you.,Investment,3,1098.0,Income,1
2023-11-11,2023,11,November,11,Saturday,4,yes at seat ok.,Utilities,9,1899.4,Expense,0
2024-07-28,2024,7,July,28,Sunday,3,be move fly open.,Utilities,9,209.55,Expense,0
2021-10-20,2021,10,October,20,Wednesday,4,southern evening ask republican.,Rent,5,1970.41,Expense,0
2020-04-22,2020,4,April,22,Wednesday,2,city red him.,Investment,3,2058.0,Income,1
2020-01-31,2020,1,January,31,Friday,1,how trip learn enter.,Food & Drink,1,1325.91,Expense,0
2023-12-10,2023,12,December,10,Sunday,4,method imagine seven.,Salary,6,1705.22,Expense,0
2023-07-19,2023,7,July,19,Wednesday,3,as music film move.,Health & Fitness,2,546.15,Expense,0
2021-09-06,2021,9,September,6,Monday,3,city usually ever.,Shopping,7,1489.18,Expense,0
2021-04-12,2021,4,April,12,Monday,2,leg rest interest.,Utilities,9,1741.03,Expense,0
2020-09-11,2020,9,September,11,Friday,3,bring animal also you.,Food & Drink,1,700.94,Expense,0
2022-08-07,2022,8,August,7,Sunday,3,describe paper.,Utilities,9,607.87,Expense,0
2020-10-12,2020,10,October,12,Monday,4,off southern suddenly.,Utilities,9,1279.36,Expense,0
2022-09-04,2022,9,September,4,Sunday,3,above company media next me.,Rent,5,881.95,Expense,0
2023-08-07,2023,8,August,7,Monday,3,just understand american.,Salary,6,363.39,Expense,0
2023-01-10,2023,1,January,10,Tuesday,1,third coach congress husband.,Shopping,7,635.86,Expense,0
2021-03-04,2021,3,March,4,Thursday,1,improve simple turn.,Rent,5,1898.53,Expense,0
2022-06-17,2022,6,June,17,Friday,2,account assume prove similar ten.,Health & Fitness,2,1919.0,Expense,0
2021-01-10,2021,1,January,10,Sunday,1,economic box save.,Utilities,9,472.06,Expense,0
2023-06-02,2023,6,June,2,Friday,2,window career case south.,Investment,3,4981.0,Income,1
2024-03-29,2024,3,March,29,Friday,1,short congress turn east marriage.,Salary,6,769.01,Expense,0
2021-07-10,2021,7,July,10,Saturday,3,feel special.,Rent,5,1425.69,Expense,0
2024-12-28,2024,12,December,28,Saturday,4,right analysis mention.,Entertainment,0,727.25,Expense,0
2022-09-30,2022,9,September,30,Friday,3,result size feel no nothing.,Utilities,9,382.33,Expense,0
2020-12-11,2020,12,December,11,Friday,4,case expert stop.,Travel,8,1676.58,Expense,0
2023-05-12,2023,5,May,12,Friday,2,record professor small.,Other,4,4491.0,Income,1
2020-09-27,2020,9,September,27,Sunday,3,sing message board mean.,Entertainment,0,180.37,Expense,0
2020-08-08,2020,8,August,8,Saturday,3,address century that wide.,Shopping,7,1081.06,Expense,0
2022-06-26,2022,6,June,26,Sunday,2,whether century quality.,Travel,8,1799.63,Expense,0
2021-05-10,2021,5,May,10,Monday,2,administration network once.,Utilities,9,1604.63,Expense,0
2022-05-30,2022,5,May,30,Monday,2,score night down.,Salary,6,927.05,Expense,0
2023-10-09,2023,10,October,9,Monday,4,challenge large wish move.,Health & Fitness,2,872.99,Expense,0
2021-12-23,2021,12,December,23,Thursday,4,money a.,Rent,5,266.04,Expense,0
2024-09-21,2024,9,September,21,Saturday,3,big argue.,Other,4,3725.0,Income,1
2023-06-08,2023,6,June,8,Thursday,2,let back three.,Entertainment,0,824.47,Expense,0
2023-06-10,2023,6,June,10,Saturday,2,cold reason our.,Shopping,7,184.38,Expense,0
2024-09-17,2024,9,September,17,Tuesday,3,true help.,Utilities,9,117.75,Expense,0
2023-09-11,2023,9,September,11,Monday,3,look fight.,Travel,8,1453.12,Expense,0
2020-10-01,2020,10,October,1,Thursday,4,person one republican.,Entertainment,0,619.35,Expense,0
2020-02-26,2020,2,February,26,Wednesday,1,court movie cell.,Travel,8,1942.45,Expense,0
2022-08-22,2022,8,August,22,Monday,3,choice prepare.,Utilities,9,1433.32,Expense,0
2021-09-19,2021,9,September,19,Sunday,3,value car team nothing.,Health & Fitness,2,750.31,Expense,0
2024-11-24,2024,11,November,24,Sunday,4,cut yard knowledge.,Travel,8,831.68,Expense,0
2024-08-27,2024,8,August,27,Tuesday,3,ball theory prepare much throughout.,Travel,8,1391.44,Expense,0
2020-05-27,2020,5,May,27,Wednesday,2,deal information.,Food & Drink,1,1339.05,Expense,0
2024-07-27,2024,7,July,27,Saturday,3,someone religious night buy nice.,Salary,6,515.02,Expense,0
2023-01-24,2023,1,January,24,Tuesday,1,nice maintain present cultural.,Rent,5,627.24,Expense,0
2021-12-20,2021,12,December,20,Monday,4,my compare also argue.,Travel,8,1652.37,Expense,0
2024-07-29,2024,7,July,29,Monday,3,fish either boy between collection.,Food & Drink,1,329.87,Expense,0
2022-08-22,2022,8,August,22,Monday,3,talk interest hand.,Rent,5,903.64,Expense,0
2020-11-10,2020,11,November,10,Tuesday,4,option goal avoid.,Shopping,7,1471.72,Expense,0
2020-01-30,2020,1,January,30,Thursday,1,tree note responsibility.,Health & Fitness,2,1158.93,Expense,0
2021-02-02,2021,2,February,2,Tuesday,1,less future century technology.,Salary,6,1935.09,Expense,0
2022-02-10,2022,2,February,10,Thursday,1,news need task mind.,Travel,8,1866.72,Expense,0
2021-04-23,2021,4,April,23,Friday,2,quickly new another general poor.,Travel,8,438.98,Expense,0
2024-04-23,2024,4,April,23,Tuesday,2,else pull its adult house.,Other,4,4431.0,Income,1
2020-08-17,2020,8,August,17,Monday,3,tough animal someone.,Shopping,7,1187.87,Expense,0
2022-11-07,2022,11,November,7,Monday,4,enjoy instead dream.,Utilities,9,1405.84,Expense,0
2020-02-05,2020,2,February,5,Wednesday,1,seven medical blood personal.,Investment,3,1838.0,Income,1
2022-03-31,2022,3,March,31,Thursday,1,fear fact.,Shopping,7,516.37,Expense,0
2023-11-13,2023,11,November,13,Monday,4,mention offer suddenly clear.,Other,4,2393.0,Income,1
2022-10-22,2022,10,October,22,Saturday,4,window music evening know.,Entertainment,0,427.66,Expense,0
2024-03-11,2024,3,March,11,Monday,1,stop unit might job close.,Other,4,1077.0,Income,1
2021-12-19,2021,12,December,19,Sunday,4,door fish scene.,Investment,3,3469.0,Income,1
2024-11-14,2024,11,November,14,Thursday,4,show recently decide last.,Investment,3,4240.0,Income,1
2022-05-13,2022,5,May,13,Friday,2,unit study.,Investment,3,4427.0,Income,1
2023-03-18,2023,3,March,18,Saturday,1,fall care.,Rent,5,1168.82,Expense,0
2020-09-16,2020,9,September,16,Wednesday,3,he we recent music.,Food & Drink,1,1700.66,Expense,0
2023-04-10,2023,4,April,10,Monday,2,organization ten seem.,Travel,8,126.6,Expense,0
2022-05-28,2022,5,May,28,Saturday,2,environment size worker.,Other,4,2384.0,Income,1
2021-09-20,2021,9,September,20,Monday,3,energy always.,Travel,8,506.73,Expense,0
2023-08-11,2023,8,August,11,Friday,3,above dog brother morning.,Food & Drink,1,1730.61,Expense,0
2021-08-08,2021,8,August,8,Sunday,3,state among rest national wrong.,Food & Drink,1,1233.47,Expense,0
2022-11-28,2022,11,November,28,Monday,4,build smile across among situation.,Utilities,9,888.16,Expense,0
2022-07-22,2022,7,July,22,Friday,3,production summer.,Salary,6,726.24,Expense,0
2020-11-16,2020,11,November,16,Monday,4,organization visit finally.,Health & Fitness,2,240.68,Expense,0
2020-02-07,2020,2,February,7,Friday,1,current hear claim well two.,Travel,8,1979.15,Expense,0
2024-06-22,2024,6,June,22,Saturday,2,thought sit identify culture.,Travel,8,1895.04,Expense,0
2021-07-12,2021,7,July,12,Monday,3,ahead pass culture or.,Salary,6,1770.41,Expense,0
2023-12-14,2023,12,December,14,Thursday,4,network fact talk.,Entertainment,0,166.87,Expense,0
2020-12-16,2020,12,December,16,Wednesday,4,professor beat window.,Shopping,7,778.3,Expense,0
2023-03-16,2023,3,March,16,Thursday,1,concern lay often use behavior.,Investment,3,1570.0,Income,1
2024-01-19,2024,1,January,19,Friday,1,finish increase economy middle public.,Travel,8,1376.36,Expense,0
2021-04-19,2021,4,April,19,Monday,2,five our pull fly few.,Investment,3,1168.0,Income,1
2022-09-18,2022,9,September,18,Sunday,3,make worker trouble.,Salary,6,1060.15,Expense,0
2024-10-17,2024,10,October,17,Thursday,4,with young think there assume.,Health & Fitness,2,1349.65,Expense,0
2021-03-09,2021,3,March,9,Tuesday,1,here woman stand west source.,Investment,3,2771.0,Income,1
2022-08-16,2022,8,August,16,Tuesday,3,miss have analysis morning.,Entertainment,0,1188.53,Expense,0
2024-06-15,2024,6,June,15,Saturday,2,article service produce political.,Investment,3,1603.0,Income,1
2020-07-08,2020,7,July,8,Wednesday,3,art whether between several personal.,Travel,8,818.09,Expense,0
2022-12-30,2022,12,December,30,Friday,4,us decade.,Utilities,9,1286.74,Expense,0
2023-10-04,2023,10,October,4,Wednesday,4,knowledge fight car smile commercial.,Entertainment,0,45.65,Expense,0
2024-09-01,2024,9,September,1,Sunday,3,decide cultural start how thank.,Health & Fitness,2,1037.84,Expense,0
2020-05-19,2020,5,May,19,Tuesday,2,else easy point she.,Travel,8,273.59,Expense,0
2024-12-02,2024,12,December,2,Monday,4,in seven building hard.,Utilities,9,39.3,Expense,0
2021-02-23,2021,2,February,23,Tuesday,1,wrong school federal from.,Shopping,7,1178.81,Expense,0
2024-02-14,2024,2,February,14,Wednesday,1,until truth feeling view.,Rent,5,382.08,Expense,0
2021-07-23,2021,7,July,23,Friday,3,home others offer institution main.,Other,4,4174.0,Income,1
2020-06-24,2020,6,June,24,Wednesday,2,week real course school everybody.,Health & Fitness,2,1459.8,Expense,0
2023-07-05,2023,7,July,5,Wednesday,3,begin voice prevent structure wear.,Investment,3,2078.0,Income,1
2023-09-01,2023,9,September,1,Friday,3,carry surface learn.,Entertainment,0,1800.38,Expense,0
2023-10-09,2023,10,October,9,Monday,4,identify material.,Utilities,9,692.04,Expense,0
2024-04-20,2024,4,April,20,Saturday,2,skill successful and.,Utilities,9,19.62,Expense,0
2022-12-04,2022,12,December,4,Sunday,4,run again help right.,Rent,5,749.97,Expense,0
2024-11-14,2024,11,November,14,Thursday,4,serious reveal left social fine.,Travel,8,1101.61,Expense,0
2023-10-08,2023,10,October,8,Sunday,4,expect win stuff realize project.,Other,4,1868.0,Income,1
